dataset,ccp_alpha,max_depth,min_samples_leaf,min_samples_split,cv_roc_auc,test_roc_auc,star_test_roc_auc,diff_from_star
heart,0.03745401188473625,29.0,15.0,44.0,0.7541170466235464,0.7658934874519996,0.7687832124432723,0.002889724991272713
heart,0.07796910002727693,21.0,39.0,59.0,0.607314043921362,0.7251270315348513,0.7687832124432723,0.04365618090842105
heart,0.015599452033620266,11.0,11.0,25.0,0.7571445147246871,0.7658934874519996,0.7687832124432723,0.002889724991272713
heart,0.03337086111390219,8.0,24.0,4.0,0.7541170466235464,0.7658934874519996,0.7687832124432723,0.002889724991272713
heart,0.0020584494295802446,2.0,24.0,45.0,0.7541170466235464,0.7658934874519996,0.7687832124432723,0.002889724991272713
heart,0.09385527090157503,2.0,21.0,34.0,0.5,0.5,0.7687832124432723,0.2687832124432723
heart,0.030424224295953775,22.0,44.0,26.0,0.7541170466235464,0.7658934874519996,0.7687832124432723,0.002889724991272713
heart,0.029122914019804193,27.0,42.0,29.0,0.7541170466235464,0.7658934874519996,0.7687832124432723,0.002889724991272713
heart,0.09737555188414593,15.0,47.0,52.0,0.5,0.5,0.7687832124432723,0.2687832124432723
heart,0.03824619912671628,20.0,57.0,4.0,0.7541170466235464,0.7658934874519996,0.7687832124432723,0.002889724991272713
heart,0.08599404067363206,7.0,21.0,10.0,0.607314043921362,0.5,0.7687832124432723,0.2687832124432723
heart,0.006505159298527952,4.0,25.0,15.0,0.7761398901913944,0.7858112563515767,0.7687832124432723,-0.01702804390830437
heart,0.08083973481164612,9.0,26.0,54.0,0.607314043921362,0.7251270315348513,0.7687832124432723,0.04365618090842105
heart,0.0230893825622149,28.0,47.0,8.0,0.7541170466235464,0.7658934874519996,0.7687832124432723,0.002889724991272713
heart,0.060999665778262095,8.0,47.0,36.0,0.6757958921061805,0.7251270315348513,0.7687832124432723,0.04365618090842105
heart,0.0909320402078782,4.0,50.0,41.0,0.5,0.5,0.7687832124432723,0.2687832124432723
heart,0.07553614103176526,6.0,54.0,43.0,0.607314043921362,0.7251270315348513,0.7687832124432723,0.04365618090842105
heart,0.05677003278199915,29.0,18.0,27.0,0.6757958921061805,0.7251270315348513,0.7687832124432723,0.04365618090842105
heart,0.04497541333697657,10.0,36.0,15.0,0.6984676271048228,0.7251270315348513,0.7687832124432723,0.04365618090842105
heart,0.0727271995856421,15.0,8.0,15.0,0.6757958921061805,0.7251270315348513,0.7687832124432723,0.04365618090842105
heart,0.019598286241914523,25.0,40.0,22.0,0.7541170466235464,0.7658934874519996,0.7687832124432723,0.002889724991272713
heart,0.038867728968948204,18.0,47.0,54.0,0.7541170466235464,0.7658934874519996,0.7687832124432723,0.002889724991272713
heart,0.05867511656638483,25.0,45.0,42.0,0.6757958921061805,0.7251270315348513,0.7687832124432723,0.04365618090842105
heart,0.02962735057040824,13.0,1.0,26.0,0.7541170466235464,0.7658934874519996,0.7687832124432723,0.002889724991272713
heart,0.09868869366005173,24.0,1.0,45.0,0.5,0.5,0.7687832124432723,0.2687832124432723
heart,0.029348817471803814,11.0,51.0,18.0,0.7541170466235464,0.7658934874519996,0.7687832124432723,0.002889724991272713
heart,0.071134195274865,3.0,33.0,6.0,0.6757958921061805,0.7251270315348513,0.7687832124432723,0.04365618090842105
heart,0.0926300878513349,26.0,41.0,29.0,0.5,0.5,0.7687832124432723,0.2687832124432723
heart,0.08631034258755936,8.0,12.0,35.0,0.607314043921362,0.5,0.7687832124432723,0.2687832124432723
heart,0.009541011649041132,23.0,23.0,25.0,0.7642801892296376,0.7735541677979907,0.7687832124432723,-0.004770955354718387
heart,0.06659223566174967,12.0,40.0,23.0,0.6757958921061805,0.7251270315348513,0.7687832124432723,0.04365618090842105
heart,0.08872127425763265,1.0,35.0,38.0,0.5511551155115512,0.5,0.7687832124432723,0.2687832124432723
heart,0.09717120953891038,3.0,1.0,6.0,0.5,0.5,0.7687832124432723,0.2687832124432723
heart,0.05612771975694963,14.0,39.0,28.0,0.6757958921061805,0.7251270315348513,0.7687832124432723,0.04365618090842105
heart,0.05227328293819941,15.0,26.0,43.0,0.6757958921061805,0.7251270315348513,0.7687832124432723,0.04365618090842105
heart,0.043933650186577015,19.0,32.0,40.0,0.7242335895278368,0.7251270315348513,0.7687832124432723,0.04365618090842105
heart,0.04753702231821118,29.0,32.0,5.0,0.6757958921061805,0.7251270315348513,0.7687832124432723,0.04365618090842105
heart,0.0907566473926093,23.0,39.0,46.0,0.5,0.5,0.7687832124432723,0.2687832124432723
heart,0.05398410913016732,29.0,36.0,14.0,0.6757958921061805,0.7251270315348513,0.7687832124432723,0.04365618090842105
heart,0.0076979909828793,27.0,51.0,23.0,0.7642801892296376,0.7735541677979907,0.7687832124432723,-0.004770955354718387
heart,0.08804678390152577,10.0,45.0,58.0,0.5511551155115512,0.5,0.7687832124432723,0.2687832124432723
heart,0.010549425983027062,28.0,28.0,45.0,0.7571445147246871,0.7658934874519996,0.7687832124432723,0.002889724991272713
heart,0.018657005888603584,11.0,58.0,56.0,0.7541170466235464,0.7658934874519996,0.7687832124432723,0.002889724991272713
heart,0.08960912999234932,7.0,33.0,2.0,0.5,0.5,0.7687832124432723,0.2687832124432723
heart,0.02279351625419417,25.0,52.0,14.0,0.7541170466235464,0.7658934874519996,0.7687832124432723,0.002889724991272713
heart,0.08607305832563435,7.0,6.0,9.0,0.607314043921362,0.5,0.7687832124432723,0.2687832124432723
heart,0.053408941937544196,5.0,33.0,52.0,0.6757958921061805,0.7251270315348513,0.7687832124432723,0.04365618090842105
heart,0.026941233379852148,24.0,15.0,55.0,0.7541170466235464,0.7658934874519996,0.7687832124432723,0.002889724991272713
heart,0.021876421957307025,24.0,41.0,53.0,0.7541170466235464,0.7658934874519996,0.7687832124432723,0.002889724991272713
heart,0.0363629602379294,17.0,58.0,53.0,0.7541170466235464,0.7658934874519996,0.7687832124432723,0.002889724991272713
heart,0.02468760628386012,7.0,2.0,4.0,0.7541170466235464,0.7658934874519996,0.7687832124432723,0.002889724991272713
heart,0.03008783098167697,17.0,56.0,18.0,0.7541170466235464,0.7658934874519996,0.7687832124432723,0.002889724991272713
heart,0.0266781014275285,2.0,2.0,29.0,0.7541170466235464,0.7658934874519996,0.7687832124432723,0.002889724991272713
heart,0.005147875124998935,5.0,32.0,34.0,0.777508818607366,0.7858112563515767,0.7687832124432723,-0.01702804390830437
heart,0.06343513447013638,2.0,53.0,45.0,0.6757958921061805,0.7251270315348513,0.7687832124432723,0.04365618090842105
heart,0.04477831645730917,6.0,32.0,56.0,0.6984676271048228,0.7251270315348513,0.7687832124432723,0.04365618090842105
heart,0.06721355474058786,11.0,56.0,18.0,0.6757958921061805,0.7251270315348513,0.7687832124432723,0.04365618090842105
heart,0.07282163486118597,24.0,5.0,53.0,0.6757958921061805,0.7251270315348513,0.7687832124432723,0.04365618090842105
heart,0.0983423140894843,22.0,11.0,49.0,0.5,0.5,0.7687832124432723,0.2687832124432723
heart,0.07983451249845512,9.0,59.0,7.0,0.607314043921362,0.7251270315348513,0.7687832124432723,0.04365618090842105
heart,0.06958128067908818,3.0,20.0,37.0,0.6757958921061805,0.7251270315348513,0.7687832124432723,0.04365618090842105
heart,0.0016587828927856153,3.0,19.0,21.0,0.7701438304476248,0.7735541677979907,0.7687832124432723,-0.004770955354718387
heart,0.064517279040945,20.0,41.0,34.0,0.6757958921061805,0.7251270315348513,0.7687832124432723,0.04365618090842105
heart,0.039757202108752235,7.0,18.0,41.0,0.7541170466235464,0.7658934874519996,0.7687832124432723,0.002889724991272713
heart,0.013752094414599327,28.0,57.0,26.0,0.7571445147246871,0.7658934874519996,0.7687832124432723,0.002889724991272713
heart,0.02090716207377137,10.0,35.0,8.0,0.7541170466235464,0.7658934874519996,0.7687832124432723,0.002889724991272713
heart,0.06599840460341791,26.0,48.0,58.0,0.6757958921061805,0.7251270315348513,0.7687832124432723,0.04365618090842105
heart,0.05166358912710143,17.0,2.0,2.0,0.6757958921061805,0.7251270315348513,0.7687832124432723,0.04365618090842105
heart,0.009310276780589922,12.0,5.0,38.0,0.7642801892296376,0.7735541677979907,0.7687832124432723,-0.004770955354718387
heart,0.08826363431893397,23.0,9.0,42.0,0.5511551155115512,0.5,0.7687832124432723,0.2687832124432723
heart,0.03492095746126609,16.0,16.0,4.0,0.7541170466235464,0.7658934874519996,0.7687832124432723,0.002889724991272713
heart,0.08563242918780925,22.0,56.0,34.0,0.607314043921362,0.5,0.7687832124432723,0.2687832124432723
heart,0.06420316461542878,11.0,49.0,9.0,0.6757958921061805,0.7251270315348513,0.7687832124432723,0.04365618090842105
heart,0.07853406511139437,8.0,20.0,36.0,0.607314043921362,0.7251270315348513,0.7687832124432723,0.04365618090842105
heart,0.03722827665617431,25.0,35.0,26.0,0.7541170466235464,0.7658934874519996,0.7687832124432723,0.002889724991272713
heart,0.0005061583846218687,14.0,18.0,3.0,0.7563900502129481,0.7584655366355068,0.7687832124432723,0.010317675807765547
heart,0.06918951976926933,16.0,41.0,37.0,0.6757958921061805,0.7251270315348513,0.7687832124432723,0.04365618090842105
heart,0.07121792213475359,1.0,14.0,22.0,0.6757958921061805,0.7251270315348513,0.7687832124432723,0.04365618090842105
heart,0.017882270922132883,24.0,8.0,8.0,0.7541170466235464,0.7658934874519996,0.7687832124432723,0.002889724991272713
heart,0.07209399242521293,1.0,48.0,13.0,0.6757958921061805,0.7251270315348513,0.7687832124432723,0.04365618090842105
heart,0.050881407683876,22.0,55.0,23.0,0.6757958921061805,0.7251270315348513,0.7687832124432723,0.04365618090842105
heart,0.02439896433790836,6.0,38.0,46.0,0.7541170466235464,0.7658934874519996,0.7687832124432723,0.002889724991272713
heart,0.04867421529594551,8.0,27.0,28.0,0.6757958921061805,0.7251270315348513,0.7687832124432723,0.04365618090842105
heart,0.07948113035416485,1.0,28.0,48.0,0.607314043921362,0.7251270315348513,0.7687832124432723,0.04365618090842105
heart,0.04925176938188639,5.0,48.0,20.0,0.6757958921061805,0.7251270315348513,0.7687832124432723,0.04365618090842105
heart,0.057200419920918316,17.0,17.0,45.0,0.6757958921061805,0.7251270315348513,0.7687832124432723,0.04365618090842105
heart,0.09404585843529144,29.0,46.0,54.0,0.5,0.5,0.7687832124432723,0.2687832124432723
heart,0.0883494022266259,28.0,41.0,38.0,0.5511551155115512,0.5,0.7687832124432723,0.2687832124432723
heart,0.09283185625877255,17.0,46.0,54.0,0.5,0.5,0.7687832124432723,0.2687832124432723
heart,0.05722924691708384,28.0,33.0,53.0,0.6757958921061805,0.7251270315348513,0.7687832124432723,0.04365618090842105
heart,0.02944488920695857,21.0,32.0,24.0,0.7541170466235464,0.7658934874519996,0.7687832124432723,0.002889724991272713
heart,0.026847485689015682,3.0,18.0,26.0,0.7541170466235464,0.7658934874519996,0.7687832124432723,0.002889724991272713
heart,0.039469146680947226,22.0,58.0,4.0,0.7541170466235464,0.7658934874519996,0.7687832124432723,0.002889724991272713
heart,0.0570061170089365,24.0,50.0,33.0,0.6757958921061805,0.7251270315348513,0.7687832124432723,0.04365618090842105
heart,0.06711435168240507,23.0,2.0,28.0,0.6757958921061805,0.7251270315348513,0.7687832124432723,0.04365618090842105
heart,0.029529058841893874,26.0,17.0,41.0,0.7541170466235464,0.7658934874519996,0.7687832124432723,0.002889724991272713
heart,0.0697015740995268,11.0,54.0,49.0,0.6757958921061805,0.7251270315348513,0.7687832124432723,0.04365618090842105
heart,0.05528199769079078,10.0,55.0,27.0,0.6757958921061805,0.7251270315348513,0.7687832124432723,0.04365618090842105
heart,0.08101133946791808,25.0,24.0,14.0,0.607314043921362,0.7251270315348513,0.7687832124432723,0.04365618090842105
heart,0.008159418040024036,7.0,57.0,37.0,0.7642801892296376,0.7735541677979907,0.7687832124432723,-0.004770955354718387
diabetes,0.03745401188473625,29.0,15.0,44.0,0.6515422885572139,0.6417313432835822,0.7845970149253731,0.14286567164179098
diabetes,0.07796910002727693,21.0,39.0,59.0,0.6515422885572139,0.6417313432835822,0.7845970149253731,0.14286567164179098
diabetes,0.015599452033620266,11.0,11.0,25.0,0.7570746268656716,0.7157014925373134,0.7845970149253731,0.06889552238805974
diabetes,0.03337086111390219,8.0,24.0,4.0,0.6668258706467661,0.6417313432835822,0.7845970149253731,0.14286567164179098
diabetes,0.0020584494295802446,2.0,24.0,45.0,0.7168756218905473,0.7157014925373134,0.7845970149253731,0.06889552238805974
diabetes,0.09385527090157503,2.0,21.0,34.0,0.6515422885572139,0.5,0.7845970149253731,0.28459701492537315
diabetes,0.030424224295953775,22.0,44.0,26.0,0.6668258706467661,0.6417313432835822,0.7845970149253731,0.14286567164179098
diabetes,0.029122914019804193,27.0,42.0,29.0,0.6668258706467661,0.6417313432835822,0.7845970149253731,0.14286567164179098
diabetes,0.09737555188414593,15.0,47.0,52.0,0.6009950248756218,0.5,0.7845970149253731,0.28459701492537315
diabetes,0.03824619912671628,20.0,57.0,4.0,0.6515422885572139,0.6417313432835822,0.7845970149253731,0.14286567164179098
diabetes,0.08599404067363206,7.0,21.0,10.0,0.6515422885572139,0.6417313432835822,0.7845970149253731,0.14286567164179098
diabetes,0.006505159298527952,4.0,25.0,15.0,0.7637611940298507,0.7690149253731343,0.7845970149253731,0.015582089552238831
diabetes,0.08083973481164612,9.0,26.0,54.0,0.6515422885572139,0.6417313432835822,0.7845970149253731,0.14286567164179098
diabetes,0.0230893825622149,28.0,47.0,8.0,0.6922985074626865,0.6417313432835822,0.7845970149253731,0.14286567164179098
diabetes,0.060999665778262095,8.0,47.0,36.0,0.6515422885572139,0.6417313432835822,0.7845970149253731,0.14286567164179098
diabetes,0.0909320402078782,4.0,50.0,41.0,0.6515422885572139,0.6417313432835822,0.7845970149253731,0.14286567164179098
diabetes,0.07553614103176526,6.0,54.0,43.0,0.6515422885572139,0.6417313432835822,0.7845970149253731,0.14286567164179098
diabetes,0.05677003278199915,29.0,18.0,27.0,0.6515422885572139,0.6417313432835822,0.7845970149253731,0.14286567164179098
diabetes,0.04497541333697657,10.0,36.0,15.0,0.6515422885572139,0.6417313432835822,0.7845970149253731,0.14286567164179098
diabetes,0.0727271995856421,15.0,8.0,15.0,0.6515422885572139,0.6417313432835822,0.7845970149253731,0.14286567164179098
diabetes,0.019598286241914523,25.0,40.0,22.0,0.7222487562189054,0.7005373134328358,0.7845970149253731,0.08405970149253739
diabetes,0.038867728968948204,18.0,47.0,54.0,0.6515422885572139,0.6417313432835822,0.7845970149253731,0.14286567164179098
diabetes,0.05867511656638483,25.0,45.0,42.0,0.6515422885572139,0.6417313432835822,0.7845970149253731,0.14286567164179098
diabetes,0.02962735057040824,13.0,1.0,26.0,0.6668258706467661,0.6417313432835822,0.7845970149253731,0.14286567164179098
diabetes,0.09868869366005173,24.0,1.0,45.0,0.6009950248756218,0.5,0.7845970149253731,0.28459701492537315
diabetes,0.029348817471803814,11.0,51.0,18.0,0.6668258706467661,0.6417313432835822,0.7845970149253731,0.14286567164179098
diabetes,0.071134195274865,3.0,33.0,6.0,0.6515422885572139,0.6417313432835822,0.7845970149253731,0.14286567164179098
diabetes,0.0926300878513349,26.0,41.0,29.0,0.6515422885572139,0.6417313432835822,0.7845970149253731,0.14286567164179098
diabetes,0.08631034258755936,8.0,12.0,35.0,0.6515422885572139,0.6417313432835822,0.7845970149253731,0.14286567164179098
diabetes,0.009541011649041132,23.0,23.0,25.0,0.7759800995024876,0.740955223880597,0.7845970149253731,0.04364179104477617
diabetes,0.06659223566174967,12.0,40.0,23.0,0.6515422885572139,0.6417313432835822,0.7845970149253731,0.14286567164179098
diabetes,0.08872127425763265,1.0,35.0,38.0,0.6515422885572139,0.6417313432835822,0.7845970149253731,0.14286567164179098
diabetes,0.09717120953891038,3.0,1.0,6.0,0.6009950248756218,0.5,0.7845970149253731,0.28459701492537315
diabetes,0.05612771975694963,14.0,39.0,28.0,0.6515422885572139,0.6417313432835822,0.7845970149253731,0.14286567164179098
diabetes,0.05227328293819941,15.0,26.0,43.0,0.6515422885572139,0.6417313432835822,0.7845970149253731,0.14286567164179098
diabetes,0.043933650186577015,19.0,32.0,40.0,0.6515422885572139,0.6417313432835822,0.7845970149253731,0.14286567164179098
diabetes,0.04753702231821118,29.0,32.0,5.0,0.6515422885572139,0.6417313432835822,0.7845970149253731,0.14286567164179098
diabetes,0.0907566473926093,23.0,39.0,46.0,0.6515422885572139,0.6417313432835822,0.7845970149253731,0.14286567164179098
diabetes,0.05398410913016732,29.0,36.0,14.0,0.6515422885572139,0.6417313432835822,0.7845970149253731,0.14286567164179098
diabetes,0.0076979909828793,27.0,51.0,23.0,0.7477810945273632,0.7157014925373134,0.7845970149253731,0.06889552238805974
diabetes,0.08804678390152577,10.0,45.0,58.0,0.6515422885572139,0.6417313432835822,0.7845970149253731,0.14286567164179098
diabetes,0.010549425983027062,28.0,28.0,45.0,0.7677810945273631,0.740955223880597,0.7845970149253731,0.04364179104477617
diabetes,0.018657005888603584,11.0,58.0,56.0,0.7220895522388059,0.7157014925373134,0.7845970149253731,0.06889552238805974
diabetes,0.08960912999234932,7.0,33.0,2.0,0.6515422885572139,0.6417313432835822,0.7845970149253731,0.14286567164179098
diabetes,0.02279351625419417,25.0,52.0,14.0,0.6922985074626865,0.6417313432835822,0.7845970149253731,0.14286567164179098
diabetes,0.08607305832563435,7.0,6.0,9.0,0.6515422885572139,0.6417313432835822,0.7845970149253731,0.14286567164179098
diabetes,0.053408941937544196,5.0,33.0,52.0,0.6515422885572139,0.6417313432835822,0.7845970149253731,0.14286567164179098
diabetes,0.026941233379852148,24.0,15.0,55.0,0.6668258706467661,0.6417313432835822,0.7845970149253731,0.14286567164179098
diabetes,0.021876421957307025,24.0,41.0,53.0,0.7029651741293531,0.6417313432835822,0.7845970149253731,0.14286567164179098
diabetes,0.0363629602379294,17.0,58.0,53.0,0.6515422885572139,0.6417313432835822,0.7845970149253731,0.14286567164179098
diabetes,0.02468760628386012,7.0,2.0,4.0,0.6922985074626865,0.6417313432835822,0.7845970149253731,0.14286567164179098
diabetes,0.03008783098167697,17.0,56.0,18.0,0.6668258706467661,0.6417313432835822,0.7845970149253731,0.14286567164179098
diabetes,0.0266781014275285,2.0,2.0,29.0,0.6668258706467661,0.6417313432835822,0.7845970149253731,0.14286567164179098
diabetes,0.005147875124998935,5.0,32.0,34.0,0.7718009950248756,0.7623880597014925,0.7845970149253731,0.022208955223880666
diabetes,0.06343513447013638,2.0,53.0,45.0,0.6515422885572139,0.6417313432835822,0.7845970149253731,0.14286567164179098
diabetes,0.04477831645730917,6.0,32.0,56.0,0.6515422885572139,0.6417313432835822,0.7845970149253731,0.14286567164179098
diabetes,0.06721355474058786,11.0,56.0,18.0,0.6515422885572139,0.6417313432835822,0.7845970149253731,0.14286567164179098
diabetes,0.07282163486118597,24.0,5.0,53.0,0.6515422885572139,0.6417313432835822,0.7845970149253731,0.14286567164179098
diabetes,0.0983423140894843,22.0,11.0,49.0,0.6009950248756218,0.5,0.7845970149253731,0.28459701492537315
diabetes,0.07983451249845512,9.0,59.0,7.0,0.6515422885572139,0.6417313432835822,0.7845970149253731,0.14286567164179098
diabetes,0.06958128067908818,3.0,20.0,37.0,0.6515422885572139,0.6417313432835822,0.7845970149253731,0.14286567164179098
diabetes,0.0016587828927856153,3.0,19.0,21.0,0.7582089552238805,0.758268656716418,0.7845970149253731,0.026328358208955183
diabetes,0.064517279040945,20.0,41.0,34.0,0.6515422885572139,0.6417313432835822,0.7845970149253731,0.14286567164179098
diabetes,0.039757202108752235,7.0,18.0,41.0,0.6515422885572139,0.6417313432835822,0.7845970149253731,0.14286567164179098
diabetes,0.013752094414599327,28.0,57.0,26.0,0.7220895522388059,0.7157014925373134,0.7845970149253731,0.06889552238805974
diabetes,0.02090716207377137,10.0,35.0,8.0,0.7029651741293531,0.6417313432835822,0.7845970149253731,0.14286567164179098
diabetes,0.06599840460341791,26.0,48.0,58.0,0.6515422885572139,0.6417313432835822,0.7845970149253731,0.14286567164179098
diabetes,0.05166358912710143,17.0,2.0,2.0,0.6515422885572139,0.6417313432835822,0.7845970149253731,0.14286567164179098
diabetes,0.009310276780589922,12.0,5.0,38.0,0.7851144278606966,0.740955223880597,0.7845970149253731,0.04364179104477617
diabetes,0.08826363431893397,23.0,9.0,42.0,0.6515422885572139,0.6417313432835822,0.7845970149253731,0.14286567164179098
diabetes,0.03492095746126609,16.0,16.0,4.0,0.6515422885572139,0.6417313432835822,0.7845970149253731,0.14286567164179098
diabetes,0.08563242918780925,22.0,56.0,34.0,0.6515422885572139,0.6417313432835822,0.7845970149253731,0.14286567164179098
diabetes,0.06420316461542878,11.0,49.0,9.0,0.6515422885572139,0.6417313432835822,0.7845970149253731,0.14286567164179098
diabetes,0.07853406511139437,8.0,20.0,36.0,0.6515422885572139,0.6417313432835822,0.7845970149253731,0.14286567164179098
diabetes,0.03722827665617431,25.0,35.0,26.0,0.6515422885572139,0.6417313432835822,0.7845970149253731,0.14286567164179098
diabetes,0.0005061583846218687,14.0,18.0,3.0,0.7852139303482587,0.7952238805970149,0.7845970149253731,-0.010626865671641728
diabetes,0.06918951976926933,16.0,41.0,37.0,0.6515422885572139,0.6417313432835822,0.7845970149253731,0.14286567164179098
diabetes,0.07121792213475359,1.0,14.0,22.0,0.6515422885572139,0.6417313432835822,0.7845970149253731,0.14286567164179098
diabetes,0.017882270922132883,24.0,8.0,8.0,0.7388059701492536,0.7157014925373134,0.7845970149253731,0.06889552238805974
diabetes,0.07209399242521293,1.0,48.0,13.0,0.6515422885572139,0.6417313432835822,0.7845970149253731,0.14286567164179098
diabetes,0.050881407683876,22.0,55.0,23.0,0.6515422885572139,0.6417313432835822,0.7845970149253731,0.14286567164179098
diabetes,0.02439896433790836,6.0,38.0,46.0,0.6922985074626865,0.6417313432835822,0.7845970149253731,0.14286567164179098
diabetes,0.04867421529594551,8.0,27.0,28.0,0.6515422885572139,0.6417313432835822,0.7845970149253731,0.14286567164179098
diabetes,0.07948113035416485,1.0,28.0,48.0,0.6515422885572139,0.6417313432835822,0.7845970149253731,0.14286567164179098
diabetes,0.04925176938188639,5.0,48.0,20.0,0.6515422885572139,0.6417313432835822,0.7845970149253731,0.14286567164179098
diabetes,0.057200419920918316,17.0,17.0,45.0,0.6515422885572139,0.6417313432835822,0.7845970149253731,0.14286567164179098
diabetes,0.09404585843529144,29.0,46.0,54.0,0.6515422885572139,0.5,0.7845970149253731,0.28459701492537315
diabetes,0.0883494022266259,28.0,41.0,38.0,0.6515422885572139,0.6417313432835822,0.7845970149253731,0.14286567164179098
diabetes,0.09283185625877255,17.0,46.0,54.0,0.6515422885572139,0.6417313432835822,0.7845970149253731,0.14286567164179098
diabetes,0.05722924691708384,28.0,33.0,53.0,0.6515422885572139,0.6417313432835822,0.7845970149253731,0.14286567164179098
diabetes,0.02944488920695857,21.0,32.0,24.0,0.6668258706467661,0.6417313432835822,0.7845970149253731,0.14286567164179098
diabetes,0.026847485689015682,3.0,18.0,26.0,0.6668258706467661,0.6417313432835822,0.7845970149253731,0.14286567164179098
diabetes,0.039469146680947226,22.0,58.0,4.0,0.6515422885572139,0.6417313432835822,0.7845970149253731,0.14286567164179098
diabetes,0.0570061170089365,24.0,50.0,33.0,0.6515422885572139,0.6417313432835822,0.7845970149253731,0.14286567164179098
diabetes,0.06711435168240507,23.0,2.0,28.0,0.6515422885572139,0.6417313432835822,0.7845970149253731,0.14286567164179098
diabetes,0.029529058841893874,26.0,17.0,41.0,0.6668258706467661,0.6417313432835822,0.7845970149253731,0.14286567164179098
diabetes,0.0697015740995268,11.0,54.0,49.0,0.6515422885572139,0.6417313432835822,0.7845970149253731,0.14286567164179098
diabetes,0.05528199769079078,10.0,55.0,27.0,0.6515422885572139,0.6417313432835822,0.7845970149253731,0.14286567164179098
diabetes,0.08101133946791808,25.0,24.0,14.0,0.6515422885572139,0.6417313432835822,0.7845970149253731,0.14286567164179098
diabetes,0.008159418040024036,7.0,57.0,37.0,0.7364179104477611,0.7157014925373134,0.7845970149253731,0.06889552238805974
cancer,0.03745401188473625,29.0,15.0,44.0,0.7557084933845498,0.7318075117370892,0.7789807023961953,0.04717319065910608
cancer,0.07796910002727693,21.0,39.0,59.0,0.7557084933845498,0.7318075117370892,0.7789807023961953,0.04717319065910608
cancer,0.015599452033620266,11.0,11.0,25.0,0.7557084933845498,0.7318075117370892,0.7789807023961953,0.04717319065910608
cancer,0.03337086111390219,8.0,24.0,4.0,0.7557084933845498,0.7318075117370892,0.7789807023961953,0.04717319065910608
cancer,0.0020584494295802446,2.0,24.0,45.0,0.8072411743186391,0.7775326199621974,0.7789807023961953,0.0014480824339979659
cancer,0.09385527090157503,2.0,21.0,34.0,0.5,0.5,0.7789807023961953,0.2789807023961953
cancer,0.030424224295953775,22.0,44.0,26.0,0.7557084933845498,0.7318075117370892,0.7789807023961953,0.04717319065910608
cancer,0.029122914019804193,27.0,42.0,29.0,0.7557084933845498,0.7318075117370892,0.7789807023961953,0.04717319065910608
cancer,0.09737555188414593,15.0,47.0,52.0,0.5,0.5,0.7789807023961953,0.2789807023961953
cancer,0.03824619912671628,20.0,57.0,4.0,0.7557084933845498,0.7318075117370892,0.7789807023961953,0.04717319065910608
cancer,0.08599404067363206,7.0,21.0,10.0,0.6677209722984371,0.7318075117370892,0.7789807023961953,0.04717319065910608
cancer,0.006505159298527952,4.0,25.0,15.0,0.7557084933845498,0.7318075117370892,0.7789807023961953,0.04717319065910608
cancer,0.08083973481164612,9.0,26.0,54.0,0.7557084933845498,0.7318075117370892,0.7789807023961953,0.04717319065910608
cancer,0.0230893825622149,28.0,47.0,8.0,0.7557084933845498,0.7318075117370892,0.7789807023961953,0.04717319065910608
cancer,0.060999665778262095,8.0,47.0,36.0,0.7557084933845498,0.7318075117370892,0.7789807023961953,0.04717319065910608
cancer,0.0909320402078782,4.0,50.0,41.0,0.5,0.5,0.7789807023961953,0.2789807023961953
cancer,0.07553614103176526,6.0,54.0,43.0,0.7557084933845498,0.7318075117370892,0.7789807023961953,0.04717319065910608
cancer,0.05677003278199915,29.0,18.0,27.0,0.7557084933845498,0.7318075117370892,0.7789807023961953,0.04717319065910608
cancer,0.04497541333697657,10.0,36.0,15.0,0.7557084933845498,0.7318075117370892,0.7789807023961953,0.04717319065910608
cancer,0.0727271995856421,15.0,8.0,15.0,0.7557084933845498,0.7318075117370892,0.7789807023961953,0.04717319065910608
cancer,0.019598286241914523,25.0,40.0,22.0,0.7557084933845498,0.7318075117370892,0.7789807023961953,0.04717319065910608
cancer,0.038867728968948204,18.0,47.0,54.0,0.7557084933845498,0.7318075117370892,0.7789807023961953,0.04717319065910608
cancer,0.05867511656638483,25.0,45.0,42.0,0.7557084933845498,0.7318075117370892,0.7789807023961953,0.04717319065910608
cancer,0.02962735057040824,13.0,1.0,26.0,0.7557084933845498,0.7318075117370892,0.7789807023961953,0.04717319065910608
cancer,0.09868869366005173,24.0,1.0,45.0,0.5,0.5,0.7789807023961953,0.2789807023961953
cancer,0.029348817471803814,11.0,51.0,18.0,0.7557084933845498,0.7318075117370892,0.7789807023961953,0.04717319065910608
cancer,0.071134195274865,3.0,33.0,6.0,0.7557084933845498,0.7318075117370892,0.7789807023961953,0.04717319065910608
cancer,0.0926300878513349,26.0,41.0,29.0,0.5,0.5,0.7789807023961953,0.2789807023961953
cancer,0.08631034258755936,8.0,12.0,35.0,0.6677209722984371,0.7318075117370892,0.7789807023961953,0.04717319065910608
cancer,0.009541011649041132,23.0,23.0,25.0,0.7557084933845498,0.7318075117370892,0.7789807023961953,0.04717319065910608
cancer,0.06659223566174967,12.0,40.0,23.0,0.7557084933845498,0.7318075117370892,0.7789807023961953,0.04717319065910608
cancer,0.08872127425763265,1.0,35.0,38.0,0.6677209722984371,0.5,0.7789807023961953,0.2789807023961953
cancer,0.09717120953891038,3.0,1.0,6.0,0.5,0.5,0.7789807023961953,0.2789807023961953
cancer,0.05612771975694963,14.0,39.0,28.0,0.7557084933845498,0.7318075117370892,0.7789807023961953,0.04717319065910608
cancer,0.05227328293819941,15.0,26.0,43.0,0.7557084933845498,0.7318075117370892,0.7789807023961953,0.04717319065910608
cancer,0.043933650186577015,19.0,32.0,40.0,0.7557084933845498,0.7318075117370892,0.7789807023961953,0.04717319065910608
cancer,0.04753702231821118,29.0,32.0,5.0,0.7557084933845498,0.7318075117370892,0.7789807023961953,0.04717319065910608
cancer,0.0907566473926093,23.0,39.0,46.0,0.5,0.5,0.7789807023961953,0.2789807023961953
cancer,0.05398410913016732,29.0,36.0,14.0,0.7557084933845498,0.7318075117370892,0.7789807023961953,0.04717319065910608
cancer,0.0076979909828793,27.0,51.0,23.0,0.7557084933845498,0.7318075117370892,0.7789807023961953,0.04717319065910608
cancer,0.08804678390152577,10.0,45.0,58.0,0.6677209722984371,0.7318075117370892,0.7789807023961953,0.04717319065910608
cancer,0.010549425983027062,28.0,28.0,45.0,0.7557084933845498,0.7318075117370892,0.7789807023961953,0.04717319065910608
cancer,0.018657005888603584,11.0,58.0,56.0,0.7557084933845498,0.7318075117370892,0.7789807023961953,0.04717319065910608
cancer,0.08960912999234932,7.0,33.0,2.0,0.584453691848058,0.5,0.7789807023961953,0.2789807023961953
cancer,0.02279351625419417,25.0,52.0,14.0,0.7557084933845498,0.7318075117370892,0.7789807023961953,0.04717319065910608
cancer,0.08607305832563435,7.0,6.0,9.0,0.6677209722984371,0.7318075117370892,0.7789807023961953,0.04717319065910608
cancer,0.053408941937544196,5.0,33.0,52.0,0.7557084933845498,0.7318075117370892,0.7789807023961953,0.04717319065910608
cancer,0.026941233379852148,24.0,15.0,55.0,0.7557084933845498,0.7318075117370892,0.7789807023961953,0.04717319065910608
cancer,0.021876421957307025,24.0,41.0,53.0,0.7557084933845498,0.7318075117370892,0.7789807023961953,0.04717319065910608
cancer,0.0363629602379294,17.0,58.0,53.0,0.7557084933845498,0.7318075117370892,0.7789807023961953,0.04717319065910608
cancer,0.02468760628386012,7.0,2.0,4.0,0.7557084933845498,0.7318075117370892,0.7789807023961953,0.04717319065910608
cancer,0.03008783098167697,17.0,56.0,18.0,0.7557084933845498,0.7318075117370892,0.7789807023961953,0.04717319065910608
cancer,0.0266781014275285,2.0,2.0,29.0,0.7557084933845498,0.7318075117370892,0.7789807023961953,0.04717319065910608
cancer,0.005147875124998935,5.0,32.0,34.0,0.7569749303904234,0.7318075117370892,0.7789807023961953,0.04717319065910608
cancer,0.06343513447013638,2.0,53.0,45.0,0.7557084933845498,0.7318075117370892,0.7789807023961953,0.04717319065910608
cancer,0.04477831645730917,6.0,32.0,56.0,0.7557084933845498,0.7318075117370892,0.7789807023961953,0.04717319065910608
cancer,0.06721355474058786,11.0,56.0,18.0,0.7557084933845498,0.7318075117370892,0.7789807023961953,0.04717319065910608
cancer,0.07282163486118597,24.0,5.0,53.0,0.7557084933845498,0.7318075117370892,0.7789807023961953,0.04717319065910608
cancer,0.0983423140894843,22.0,11.0,49.0,0.5,0.5,0.7789807023961953,0.2789807023961953
cancer,0.07983451249845512,9.0,59.0,7.0,0.7557084933845498,0.7318075117370892,0.7789807023961953,0.04717319065910608
cancer,0.06958128067908818,3.0,20.0,37.0,0.7557084933845498,0.7318075117370892,0.7789807023961953,0.04717319065910608
cancer,0.0016587828927856153,3.0,19.0,21.0,0.8143355079974799,0.7853408328760442,0.7789807023961953,-0.006360130479848847
cancer,0.064517279040945,20.0,41.0,34.0,0.7557084933845498,0.7318075117370892,0.7789807023961953,0.04717319065910608
cancer,0.039757202108752235,7.0,18.0,41.0,0.7557084933845498,0.7318075117370892,0.7789807023961953,0.04717319065910608
cancer,0.013752094414599327,28.0,57.0,26.0,0.7557084933845498,0.7318075117370892,0.7789807023961953,0.04717319065910608
cancer,0.02090716207377137,10.0,35.0,8.0,0.7557084933845498,0.7318075117370892,0.7789807023961953,0.04717319065910608
cancer,0.06599840460341791,26.0,48.0,58.0,0.7557084933845498,0.7318075117370892,0.7789807023961953,0.04717319065910608
cancer,0.05166358912710143,17.0,2.0,2.0,0.7557084933845498,0.7318075117370892,0.7789807023961953,0.04717319065910608
cancer,0.009310276780589922,12.0,5.0,38.0,0.7557084933845498,0.7318075117370892,0.7789807023961953,0.04717319065910608
cancer,0.08826363431893397,23.0,9.0,42.0,0.6677209722984371,0.5,0.7789807023961953,0.2789807023961953
cancer,0.03492095746126609,16.0,16.0,4.0,0.7557084933845498,0.7318075117370892,0.7789807023961953,0.04717319065910608
cancer,0.08563242918780925,22.0,56.0,34.0,0.6677209722984371,0.7318075117370892,0.7789807023961953,0.04717319065910608
cancer,0.06420316461542878,11.0,49.0,9.0,0.7557084933845498,0.7318075117370892,0.7789807023961953,0.04717319065910608
cancer,0.07853406511139437,8.0,20.0,36.0,0.7557084933845498,0.7318075117370892,0.7789807023961953,0.04717319065910608
cancer,0.03722827665617431,25.0,35.0,26.0,0.7557084933845498,0.7318075117370892,0.7789807023961953,0.04717319065910608
cancer,0.0005061583846218687,14.0,18.0,3.0,0.8243552222425463,0.806296109993293,0.7789807023961953,-0.02731540759709772
cancer,0.06918951976926933,16.0,41.0,37.0,0.7557084933845498,0.7318075117370892,0.7789807023961953,0.04717319065910608
cancer,0.07121792213475359,1.0,14.0,22.0,0.7557084933845498,0.7318075117370892,0.7789807023961953,0.04717319065910608
cancer,0.017882270922132883,24.0,8.0,8.0,0.7557084933845498,0.7318075117370892,0.7789807023961953,0.04717319065910608
cancer,0.07209399242521293,1.0,48.0,13.0,0.7557084933845498,0.7318075117370892,0.7789807023961953,0.04717319065910608
cancer,0.050881407683876,22.0,55.0,23.0,0.7557084933845498,0.7318075117370892,0.7789807023961953,0.04717319065910608
cancer,0.02439896433790836,6.0,38.0,46.0,0.7557084933845498,0.7318075117370892,0.7789807023961953,0.04717319065910608
cancer,0.04867421529594551,8.0,27.0,28.0,0.7557084933845498,0.7318075117370892,0.7789807023961953,0.04717319065910608
cancer,0.07948113035416485,1.0,28.0,48.0,0.7557084933845498,0.7318075117370892,0.7789807023961953,0.04717319065910608
cancer,0.04925176938188639,5.0,48.0,20.0,0.7557084933845498,0.7318075117370892,0.7789807023961953,0.04717319065910608
cancer,0.057200419920918316,17.0,17.0,45.0,0.7557084933845498,0.7318075117370892,0.7789807023961953,0.04717319065910608
cancer,0.09404585843529144,29.0,46.0,54.0,0.5,0.5,0.7789807023961953,0.2789807023961953
cancer,0.0883494022266259,28.0,41.0,38.0,0.6677209722984371,0.5,0.7789807023961953,0.2789807023961953
cancer,0.09283185625877255,17.0,46.0,54.0,0.5,0.5,0.7789807023961953,0.2789807023961953
cancer,0.05722924691708384,28.0,33.0,53.0,0.7557084933845498,0.7318075117370892,0.7789807023961953,0.04717319065910608
cancer,0.02944488920695857,21.0,32.0,24.0,0.7557084933845498,0.7318075117370892,0.7789807023961953,0.04717319065910608
cancer,0.026847485689015682,3.0,18.0,26.0,0.7557084933845498,0.7318075117370892,0.7789807023961953,0.04717319065910608
cancer,0.039469146680947226,22.0,58.0,4.0,0.7557084933845498,0.7318075117370892,0.7789807023961953,0.04717319065910608
cancer,0.0570061170089365,24.0,50.0,33.0,0.7557084933845498,0.7318075117370892,0.7789807023961953,0.04717319065910608
cancer,0.06711435168240507,23.0,2.0,28.0,0.7557084933845498,0.7318075117370892,0.7789807023961953,0.04717319065910608
cancer,0.029529058841893874,26.0,17.0,41.0,0.7557084933845498,0.7318075117370892,0.7789807023961953,0.04717319065910608
cancer,0.0697015740995268,11.0,54.0,49.0,0.7557084933845498,0.7318075117370892,0.7789807023961953,0.04717319065910608
cancer,0.05528199769079078,10.0,55.0,27.0,0.7557084933845498,0.7318075117370892,0.7789807023961953,0.04717319065910608
cancer,0.08101133946791808,25.0,24.0,14.0,0.7557084933845498,0.7318075117370892,0.7789807023961953,0.04717319065910608
cancer,0.008159418040024036,7.0,57.0,37.0,0.7557084933845498,0.7318075117370892,0.7789807023961953,0.04717319065910608
alzheimer,0.03745401188473625,29.0,15.0,44.0,0.7702563324738358,0.7535843920145191,0.8669691470054447,0.1133847549909256
alzheimer,0.07796910002727693,21.0,39.0,59.0,0.5,0.5,0.8669691470054447,0.3669691470054447
alzheimer,0.015599452033620266,11.0,11.0,25.0,0.819669851863087,0.8067831215970962,0.8669691470054447,0.0601860254083485
alzheimer,0.03337086111390219,8.0,24.0,4.0,0.7702563324738358,0.7535843920145191,0.8669691470054447,0.1133847549909256
alzheimer,0.0020584494295802446,2.0,24.0,45.0,0.7973810607209666,0.7852238354506957,0.8669691470054447,0.08174531155474896
alzheimer,0.09385527090157503,2.0,21.0,34.0,0.5,0.5,0.8669691470054447,0.3669691470054447
alzheimer,0.030424224295953775,22.0,44.0,26.0,0.7772865160018201,0.7535843920145191,0.8669691470054447,0.1133847549909256
alzheimer,0.029122914019804193,27.0,42.0,29.0,0.7873628595985641,0.7535843920145191,0.8669691470054447,0.1133847549909256
alzheimer,0.09737555188414593,15.0,47.0,52.0,0.5,0.5,0.8669691470054447,0.3669691470054447
alzheimer,0.03824619912671628,20.0,57.0,4.0,0.7702563324738358,0.7535843920145191,0.8669691470054447,0.1133847549909256
alzheimer,0.08599404067363206,7.0,21.0,10.0,0.5,0.5,0.8669691470054447,0.3669691470054447
alzheimer,0.006505159298527952,4.0,25.0,15.0,0.8448986298599525,0.8624092558983667,0.8669691470054447,0.004559891107077996
alzheimer,0.08083973481164612,9.0,26.0,54.0,0.5,0.5,0.8669691470054447,0.3669691470054447
alzheimer,0.0230893825622149,28.0,47.0,8.0,0.8036806714191819,0.7852238354506957,0.8669691470054447,0.08174531155474896
alzheimer,0.060999665778262095,8.0,47.0,36.0,0.6492416198998937,0.6897761645493043,0.8669691470054447,0.17719298245614035
alzheimer,0.0909320402078782,4.0,50.0,41.0,0.5,0.5,0.8669691470054447,0.3669691470054447
alzheimer,0.07553614103176526,6.0,54.0,43.0,0.5,0.5,0.8669691470054447,0.3669691470054447
alzheimer,0.05677003278199915,29.0,18.0,27.0,0.7344607917488245,0.7535843920145191,0.8669691470054447,0.1133847549909256
alzheimer,0.04497541333697657,10.0,36.0,15.0,0.7702563324738358,0.7535843920145191,0.8669691470054447,0.1133847549909256
alzheimer,0.0727271995856421,15.0,8.0,15.0,0.5574852115880479,0.5,0.8669691470054447,0.3669691470054447
alzheimer,0.019598286241914523,25.0,40.0,22.0,0.8122301430810456,0.8067831215970962,0.8669691470054447,0.0601860254083485
alzheimer,0.038867728968948204,18.0,47.0,54.0,0.7702563324738358,0.7535843920145191,0.8669691470054447,0.1133847549909256
alzheimer,0.05867511656638483,25.0,45.0,42.0,0.7344607917488245,0.7535843920145191,0.8669691470054447,0.1133847549909256
alzheimer,0.02962735057040824,13.0,1.0,26.0,0.7772865160018201,0.7535843920145191,0.8669691470054447,0.1133847549909256
alzheimer,0.09868869366005173,24.0,1.0,45.0,0.5,0.5,0.8669691470054447,0.3669691470054447
alzheimer,0.029348817471803814,11.0,51.0,18.0,0.7772865160018201,0.7535843920145191,0.8669691470054447,0.1133847549909256
alzheimer,0.071134195274865,3.0,33.0,6.0,0.5574852115880479,0.5,0.8669691470054447,0.3669691470054447
alzheimer,0.0926300878513349,26.0,41.0,29.0,0.5,0.5,0.8669691470054447,0.3669691470054447
alzheimer,0.08631034258755936,8.0,12.0,35.0,0.5,0.5,0.8669691470054447,0.3669691470054447
alzheimer,0.009541011649041132,23.0,23.0,25.0,0.8401612821679558,0.8447292800967938,0.8669691470054447,0.022239866908650874
alzheimer,0.06659223566174967,12.0,40.0,23.0,0.5574852115880479,0.5,0.8669691470054447,0.3669691470054447
alzheimer,0.08872127425763265,1.0,35.0,38.0,0.5,0.5,0.8669691470054447,0.3669691470054447
alzheimer,0.09717120953891038,3.0,1.0,6.0,0.5,0.5,0.8669691470054447,0.3669691470054447
alzheimer,0.05612771975694963,14.0,39.0,28.0,0.7344607917488245,0.7535843920145191,0.8669691470054447,0.1133847549909256
alzheimer,0.05227328293819941,15.0,26.0,43.0,0.7702563324738358,0.7535843920145191,0.8669691470054447,0.1133847549909256
alzheimer,0.043933650186577015,19.0,32.0,40.0,0.7702563324738358,0.7535843920145191,0.8669691470054447,0.1133847549909256
alzheimer,0.04753702231821118,29.0,32.0,5.0,0.7702563324738358,0.7535843920145191,0.8669691470054447,0.1133847549909256
alzheimer,0.0907566473926093,23.0,39.0,46.0,0.5,0.5,0.8669691470054447,0.3669691470054447
alzheimer,0.05398410913016732,29.0,36.0,14.0,0.7344607917488245,0.7535843920145191,0.8669691470054447,0.1133847549909256
alzheimer,0.0076979909828793,27.0,51.0,23.0,0.8443070933818696,0.8447292800967938,0.8669691470054447,0.022239866908650874
alzheimer,0.08804678390152577,10.0,45.0,58.0,0.5,0.5,0.8669691470054447,0.3669691470054447
alzheimer,0.010549425983027062,28.0,28.0,45.0,0.8378861418676374,0.8447292800967938,0.8669691470054447,0.022239866908650874
alzheimer,0.018657005888603584,11.0,58.0,56.0,0.8122301430810456,0.8067831215970962,0.8669691470054447,0.0601860254083485
alzheimer,0.08960912999234932,7.0,33.0,2.0,0.5,0.5,0.8669691470054447,0.3669691470054447
alzheimer,0.02279351625419417,25.0,52.0,14.0,0.8036806714191819,0.7852238354506957,0.8669691470054447,0.08174531155474896
alzheimer,0.08607305832563435,7.0,6.0,9.0,0.5,0.5,0.8669691470054447,0.3669691470054447
alzheimer,0.053408941937544196,5.0,33.0,52.0,0.7702563324738358,0.7535843920145191,0.8669691470054447,0.1133847549909256
alzheimer,0.026941233379852148,24.0,15.0,55.0,0.7973810607209666,0.7535843920145191,0.8669691470054447,0.1133847549909256
alzheimer,0.021876421957307025,24.0,41.0,53.0,0.8036806714191819,0.7852238354506957,0.8669691470054447,0.08174531155474896
alzheimer,0.0363629602379294,17.0,58.0,53.0,0.7702563324738358,0.7535843920145191,0.8669691470054447,0.1133847549909256
alzheimer,0.02468760628386012,7.0,2.0,4.0,0.7973810607209666,0.7852238354506957,0.8669691470054447,0.08174531155474896
alzheimer,0.03008783098167697,17.0,56.0,18.0,0.7772865160018201,0.7535843920145191,0.8669691470054447,0.1133847549909256
alzheimer,0.0266781014275285,2.0,2.0,29.0,0.7973810607209666,0.7535843920145191,0.8669691470054447,0.1133847549909256
alzheimer,0.005147875124998935,5.0,32.0,34.0,0.8448986298599525,0.8605490018148823,0.8669691470054447,0.006420145190562443
alzheimer,0.06343513447013638,2.0,53.0,45.0,0.624326305677739,0.6897761645493043,0.8669691470054447,0.17719298245614035
alzheimer,0.04477831645730917,6.0,32.0,56.0,0.7702563324738358,0.7535843920145191,0.8669691470054447,0.1133847549909256
alzheimer,0.06721355474058786,11.0,56.0,18.0,0.5574852115880479,0.5,0.8669691470054447,0.3669691470054447
alzheimer,0.07282163486118597,24.0,5.0,53.0,0.5574852115880479,0.5,0.8669691470054447,0.3669691470054447
alzheimer,0.0983423140894843,22.0,11.0,49.0,0.5,0.5,0.8669691470054447,0.3669691470054447
alzheimer,0.07983451249845512,9.0,59.0,7.0,0.5,0.5,0.8669691470054447,0.3669691470054447
alzheimer,0.06958128067908818,3.0,20.0,37.0,0.5574852115880479,0.5,0.8669691470054447,0.3669691470054447
alzheimer,0.0016587828927856153,3.0,19.0,21.0,0.8471130997522623,0.8387401693889898,0.8669691470054447,0.02822897761645493
alzheimer,0.064517279040945,20.0,41.0,34.0,0.624326305677739,0.6897761645493043,0.8669691470054447,0.17719298245614035
alzheimer,0.039757202108752235,7.0,18.0,41.0,0.7702563324738358,0.7535843920145191,0.8669691470054447,0.1133847549909256
alzheimer,0.013752094414599327,28.0,57.0,26.0,0.8239723949643561,0.8281382335148215,0.8669691470054447,0.038830913490623176
alzheimer,0.02090716207377137,10.0,35.0,8.0,0.8122301430810456,0.8067831215970962,0.8669691470054447,0.0601860254083485
alzheimer,0.06599840460341791,26.0,48.0,58.0,0.5574852115880479,0.6897761645493043,0.8669691470054447,0.17719298245614035
alzheimer,0.05166358912710143,17.0,2.0,2.0,0.7702563324738358,0.7535843920145191,0.8669691470054447,0.1133847549909256
alzheimer,0.009310276780589922,12.0,5.0,38.0,0.8444082107285505,0.8447292800967938,0.8669691470054447,0.022239866908650874
alzheimer,0.08826363431893397,23.0,9.0,42.0,0.5,0.5,0.8669691470054447,0.3669691470054447
alzheimer,0.03492095746126609,16.0,16.0,4.0,0.7702563324738358,0.7535843920145191,0.8669691470054447,0.1133847549909256
alzheimer,0.08563242918780925,22.0,56.0,34.0,0.5,0.5,0.8669691470054447,0.3669691470054447
alzheimer,0.06420316461542878,11.0,49.0,9.0,0.624326305677739,0.6897761645493043,0.8669691470054447,0.17719298245614035
alzheimer,0.07853406511139437,8.0,20.0,36.0,0.5,0.5,0.8669691470054447,0.3669691470054447
alzheimer,0.03722827665617431,25.0,35.0,26.0,0.7702563324738358,0.7535843920145191,0.8669691470054447,0.1133847549909256
alzheimer,0.0005061583846218687,14.0,18.0,3.0,0.8471232114869305,0.8458257713248638,0.8669691470054447,0.02114337568058089
alzheimer,0.06918951976926933,16.0,41.0,37.0,0.5574852115880479,0.5,0.8669691470054447,0.3669691470054447
alzheimer,0.07121792213475359,1.0,14.0,22.0,0.5574852115880479,0.5,0.8669691470054447,0.3669691470054447
alzheimer,0.017882270922132883,24.0,8.0,8.0,0.819669851863087,0.8067831215970962,0.8669691470054447,0.0601860254083485
alzheimer,0.07209399242521293,1.0,48.0,13.0,0.5574852115880479,0.5,0.8669691470054447,0.3669691470054447
alzheimer,0.050881407683876,22.0,55.0,23.0,0.7702563324738358,0.7535843920145191,0.8669691470054447,0.1133847549909256
alzheimer,0.02439896433790836,6.0,38.0,46.0,0.8036806714191819,0.7852238354506957,0.8669691470054447,0.08174531155474896
alzheimer,0.04867421529594551,8.0,27.0,28.0,0.7702563324738358,0.7535843920145191,0.8669691470054447,0.1133847549909256
alzheimer,0.07948113035416485,1.0,28.0,48.0,0.5,0.5,0.8669691470054447,0.3669691470054447
alzheimer,0.04925176938188639,5.0,48.0,20.0,0.7702563324738358,0.7535843920145191,0.8669691470054447,0.1133847549909256
alzheimer,0.057200419920918316,17.0,17.0,45.0,0.7344607917488245,0.7535843920145191,0.8669691470054447,0.1133847549909256
alzheimer,0.09404585843529144,29.0,46.0,54.0,0.5,0.5,0.8669691470054447,0.3669691470054447
alzheimer,0.0883494022266259,28.0,41.0,38.0,0.5,0.5,0.8669691470054447,0.3669691470054447
alzheimer,0.09283185625877255,17.0,46.0,54.0,0.5,0.5,0.8669691470054447,0.3669691470054447
alzheimer,0.05722924691708384,28.0,33.0,53.0,0.7344607917488245,0.7535843920145191,0.8669691470054447,0.1133847549909256
alzheimer,0.02944488920695857,21.0,32.0,24.0,0.7772865160018201,0.7535843920145191,0.8669691470054447,0.1133847549909256
alzheimer,0.026847485689015682,3.0,18.0,26.0,0.7973810607209666,0.7535843920145191,0.8669691470054447,0.1133847549909256
alzheimer,0.039469146680947226,22.0,58.0,4.0,0.7702563324738358,0.7535843920145191,0.8669691470054447,0.1133847549909256
alzheimer,0.0570061170089365,24.0,50.0,33.0,0.7344607917488245,0.7535843920145191,0.8669691470054447,0.1133847549909256
alzheimer,0.06711435168240507,23.0,2.0,28.0,0.5574852115880479,0.5,0.8669691470054447,0.3669691470054447
alzheimer,0.029529058841893874,26.0,17.0,41.0,0.7772865160018201,0.7535843920145191,0.8669691470054447,0.1133847549909256
alzheimer,0.0697015740995268,11.0,54.0,49.0,0.5574852115880479,0.5,0.8669691470054447,0.3669691470054447
alzheimer,0.05528199769079078,10.0,55.0,27.0,0.7344607917488245,0.7535843920145191,0.8669691470054447,0.1133847549909256
alzheimer,0.08101133946791808,25.0,24.0,14.0,0.5,0.5,0.8669691470054447,0.3669691470054447
alzheimer,0.008159418040024036,7.0,57.0,37.0,0.8443070933818696,0.8447292800967938,0.8669691470054447,0.022239866908650874
