dataset,ccp_alpha,max_depth,min_samples_leaf,min_samples_split,cv_roc_auc,test_roc_auc
heart,0.04101039588533139,22.0,56.0,20.0,0.7541170466235464,0.7658934874519996
heart,0.08373883555532845,27.0,19.0,57.0,0.607314043921362,0.5
heart,0.044483251230115185,28.0,7.0,27.0,0.7242335895278368,0.7251270315348513
heart,0.08123959883573634,6.0,36.0,49.0,0.607314043921362,0.7251270315348513
heart,0.07995534416071731,14.0,32.0,44.0,0.607314043921362,0.7251270315348513
heart,0.07340280179855684,28.0,11.0,13.0,0.6757958921061805,0.7251270315348513
heart,0.061707935850231634,23.0,22.0,53.0,0.6757958921061805,0.7251270315348513
heart,0.05434030676903126,28.0,30.0,51.0,0.6757958921061805,0.7251270315348513
heart,0.09554779863099283,21.0,52.0,26.0,0.5,0.5
heart,0.0003630307254743227,25.0,45.0,17.0,0.7839812331053467,0.7732826500135759
heart,0.033563223503131255,1.0,60.0,2.0,0.6757958921061805,0.7251270315348513
heart,0.01962006844669078,30.0,58.0,56.0,0.7541170466235464,0.7658934874519996
heart,0.01251816448100166,21.0,60.0,2.0,0.7571445147246871,0.7658934874519996
heart,0.0,19.0,10.0,2.0,0.7273466612693547,0.743202358325899
heart,0.044455867835881506,1.0,1.0,2.0,0.6757958921061805,0.7251270315348513
heart,0.0,30.0,60.0,38.0,0.7847747251482499,0.7786548233194989
heart,0.0,20.0,60.0,2.0,0.7847747251482499,0.7786548233194989
heart,0.025083194683682388,30.0,1.0,27.0,0.7541170466235464,0.7658934874519996
heart,0.034084295998977686,30.0,60.0,5.0,0.7541170466235464,0.7658934874519996
heart,0.0,30.0,36.0,2.0,0.7862906174355703,0.7699662542182227
heart,0.0,1.0,60.0,60.0,0.6757958921061805,0.7251270315348513
heart,0.0,27.0,60.0,2.0,0.7847747251482499,0.7786548233194989
heart,0.0,30.0,1.0,60.0,0.7634395967700073,0.7816221248206044
heart,0.010121742523600551,30.0,24.0,60.0,0.7642801892296376,0.7658934874519996
heart,0.030766441365190845,21.0,36.0,60.0,0.7541170466235464,0.7658934874519996
heart,0.0,30.0,46.0,60.0,0.7839812331053467,0.7726814320623715
heart,0.0,24.0,60.0,60.0,0.7847747251482499,0.7786548233194989
heart,0.00559544710023619,30.0,60.0,2.0,0.781350609036409,0.7858112563515767
heart,0.002489439867353869,23.0,60.0,2.0,0.7820831978984767,0.7732632558861177
heart,0.0,30.0,48.0,2.0,0.7798356583523787,0.7720802141111671
heart,0.05752048547983614,1.0,60.0,40.0,0.6757958921061805,0.7251270315348513
heart,0.0,25.0,60.0,2.0,0.7847747251482499,0.7786548233194989
heart,0.06747558934446092,1.0,1.0,17.0,0.6757958921061805,0.7251270315348513
heart,0.028812206227763655,16.0,1.0,51.0,0.7541170466235464,0.7658934874519996
heart,0.03729070309645938,19.0,1.0,3.0,0.7541170466235464,0.7658934874519996
heart,0.0982244933694332,2.0,2.0,45.0,0.5,0.5
heart,0.017203128819638352,2.0,5.0,59.0,0.7541170466235464,0.7658934874519996
heart,0.016966304868717134,14.0,1.0,37.0,0.7541170466235464,0.7658934874519996
heart,0.0020292424332456387,26.0,60.0,60.0,0.7820831978984767,0.7762887397695979
heart,0.017347277812393976,6.0,59.0,30.0,0.7541170466235464,0.7658934874519996
heart,0.0026342139567560596,30.0,44.0,2.0,0.7846493033899847,0.7687832124432723
heart,0.0,23.0,60.0,60.0,0.7847747251482499,0.7786548233194989
heart,0.0,24.0,60.0,2.0,0.7847747251482499,0.7786548233194989
heart,0.02628021310150916,3.0,2.0,8.0,0.7541170466235464,0.7658934874519996
heart,0.006680589456562113,14.0,60.0,3.0,0.7764452356865738,0.7858112563515767
heart,0.02130122088508167,10.0,28.0,11.0,0.7541170466235464,0.7658934874519996
heart,0.0022058337494139406,20.0,60.0,60.0,0.7820831978984767,0.7732632558861177
heart,0.0023363102242447897,30.0,40.0,60.0,0.787137009781425,0.7683177533842753
heart,0.03413581112417316,30.0,1.0,54.0,0.7541170466235464,0.7658934874519996
heart,0.07081128625630344,30.0,60.0,50.0,0.6757958921061805,0.7251270315348513
heart,0.036271311606048705,15.0,59.0,53.0,0.7541170466235464,0.7658934874519996
heart,0.0025065515957900155,30.0,40.0,60.0,0.7866172727683537,0.7683177533842753
heart,0.0019620973019160728,30.0,26.0,60.0,0.7663333312010995,0.77064504867926
heart,0.010895938293605292,13.0,44.0,2.0,0.7571445147246871,0.7658934874519996
heart,0.021112620331965565,30.0,35.0,60.0,0.7541170466235464,0.7658934874519996
heart,0.0,26.0,38.0,60.0,0.7882698948043805,0.7697529188161825
heart,0.0,28.0,41.0,2.0,0.786579910169826,0.7718474845816686
heart,0.0,1.0,1.0,60.0,0.6757958921061805,0.7251270315348513
heart,0.0,20.0,41.0,60.0,0.786579910169826,0.7718474845816686
heart,0.0022877873460571342,22.0,39.0,60.0,0.7873955981475343,0.7718086963267523
heart,0.0,22.0,37.0,60.0,0.7865563643369423,0.7675032000310307
heart,0.0,23.0,40.0,60.0,0.7872890967147533,0.7718474845816686
heart,0.01056474022869116,30.0,1.0,60.0,0.7571445147246871,0.7658934874519996
heart,0.021864277615776872,21.0,18.0,11.0,0.7541170466235464,0.7658934874519996
heart,0.0016542990795769593,26.0,39.0,60.0,0.7883580779777218,0.7718086963267523
heart,0.005078650127950096,25.0,40.0,60.0,0.782858962996805,0.7858112563515767
heart,0.0,30.0,39.0,60.0,0.7879609964194633,0.769617159923975
heart,0.035458177145514067,11.0,23.0,2.0,0.7541170466235464,0.7658934874519996
heart,0.0017440221655470448,24.0,38.0,2.0,0.7877774342834313,0.7718086963267523
heart,0.000664500954533396,28.0,38.0,60.0,0.7882698948043805,0.7714596020325045
heart,0.0511277263854544,30.0,60.0,60.0,0.6757958921061805,0.7251270315348513
heart,0.0022237832675345496,19.0,44.0,2.0,0.789050258907201,0.7718086963267523
heart,0.0022369941226407677,17.0,49.0,2.0,0.7783171455275958,0.7718086963267523
heart,0.002759794199433705,18.0,40.0,2.0,0.7857251829096645,0.7687832124432723
heart,0.025298530985602075,1.0,18.0,2.0,0.6757958921061805,0.7251270315348513
heart,0.04133217927364255,14.0,40.0,2.0,0.7541170466235464,0.7658934874519996
heart,0.003110038796964632,21.0,44.0,2.0,0.7860456805669754,0.7687832124432723
heart,0.010593278913593579,19.0,28.0,60.0,0.7571445147246871,0.7658934874519996
heart,0.01979401889755827,7.0,1.0,2.0,0.7541170466235464,0.7658934874519996
heart,0.0020612823916131727,18.0,43.0,60.0,0.7892823133626466,0.7718086963267523
heart,0.03196893880180218,19.0,51.0,2.0,0.7541170466235464,0.7658934874519996
heart,0.0018572343188339201,26.0,35.0,60.0,0.7844903026982447,0.7718086963267523
heart,0.03325650516111623,20.0,25.0,60.0,0.7541170466235464,0.7658934874519996
heart,0.0006892375624992949,17.0,44.0,2.0,0.7886351283690415,0.7732826500135759
heart,0.0005846017437345679,19.0,45.0,60.0,0.7839812331053467,0.7732826500135759
heart,0.002580922309109484,14.0,44.0,2.0,0.7846493033899847,0.7687832124432723
heart,0.002754541341976117,17.0,44.0,2.0,0.7860456805669754,0.7687832124432723
heart,0.0,13.0,38.0,2.0,0.7882698948043805,0.7697529188161825
heart,0.03824728067442315,30.0,35.0,51.0,0.7541170466235464,0.7658934874519996
heart,0.018419537507420647,16.0,41.0,60.0,0.7541170466235464,0.7658934874519996
heart,0.014250013257523937,1.0,30.0,2.0,0.6757958921061805,0.7251270315348513
heart,0.0,15.0,41.0,60.0,0.786579910169826,0.7718474845816686
heart,0.0,12.0,32.0,2.0,0.7796389915288148,0.7664559171482874
heart,0.0,16.0,38.0,2.0,0.7882698948043805,0.7697529188161825
heart,0.001563423195905609,14.0,39.0,2.0,0.7883580779777218,0.7718086963267523
heart,0.0008160094677947291,17.0,41.0,2.0,0.786579910169826,0.7726232496799968
heart,0.001189902908319309,14.0,38.0,60.0,0.7878774227517663,0.773961444474613
heart,0.0,14.0,39.0,2.0,0.7879609964194633,0.769617159923975
heart,0.0011326390014215306,24.0,40.0,2.0,0.7875412203717099,0.7726232496799968
heart,0.0,26.0,39.0,60.0,0.7879609964194633,0.769617159923975
diabetes,0.04101039588533139,22.0,56.0,20.0,0.6515422885572139,0.6417313432835822
diabetes,0.08373883555532845,27.0,19.0,57.0,0.6515422885572139,0.6417313432835822
diabetes,0.044483251230115185,28.0,7.0,27.0,0.6515422885572139,0.6417313432835822
diabetes,0.08123959883573634,6.0,36.0,49.0,0.6515422885572139,0.6417313432835822
diabetes,0.07995534416071731,14.0,32.0,44.0,0.6515422885572139,0.6417313432835822
diabetes,0.07340280179855684,28.0,11.0,13.0,0.6515422885572139,0.6417313432835822
diabetes,0.061707935850231634,23.0,22.0,53.0,0.6515422885572139,0.6417313432835822
diabetes,0.05434030676903126,28.0,30.0,51.0,0.6515422885572139,0.6417313432835822
diabetes,0.09554779863099283,21.0,52.0,26.0,0.6515422885572139,0.5
diabetes,0.0003630307254743227,25.0,45.0,17.0,0.7714626865671641,0.7667462686567164
diabetes,0.005750352877266576,2.0,2.0,48.0,0.7167562189054726,0.7157014925373134
diabetes,0.0,30.0,60.0,60.0,0.7521990049751244,0.7564179104477613
diabetes,0.0,30.0,60.0,2.0,0.7521990049751244,0.7564179104477613
diabetes,0.0,7.0,31.0,55.0,0.7821890547263681,0.7829850746268657
diabetes,0.0,30.0,31.0,2.0,0.7821890547263681,0.7829850746268657
diabetes,0.008665343883785006,25.0,32.0,30.0,0.7767761194029851,0.7508059701492537
diabetes,0.0026091018017698592,1.0,33.0,2.0,0.6515422885572139,0.6417313432835822
diabetes,0.049282813235102425,30.0,1.0,3.0,0.6515422885572139,0.6417313432835822
diabetes,0.0,19.0,21.0,60.0,0.7913432835820894,0.802865671641791
diabetes,0.0,30.0,15.0,28.0,0.7850547263681592,0.8162388059701493
diabetes,0.0,11.0,60.0,60.0,0.7521990049751244,0.7564179104477613
diabetes,0.0,30.0,31.0,44.0,0.7821890547263681,0.7829850746268657
diabetes,0.010203973270429115,1.0,1.0,58.0,0.6515422885572139,0.6417313432835822
diabetes,0.0,21.0,1.0,60.0,0.7756417910447762,0.8094328358208955
diabetes,0.0,20.0,1.0,2.0,0.665273631840796,0.7041194029850747
diabetes,0.0,30.0,19.0,60.0,0.7917213930348259,0.8114626865671641
diabetes,0.0,19.0,32.0,32.0,0.7799402985074627,0.7829850746268657
diabetes,0.0,19.0,13.0,56.0,0.7828258706467661,0.8105671641791045
diabetes,0.0,19.0,22.0,51.0,0.7882388059701492,0.7921194029850745
diabetes,0.005463182389266761,30.0,16.0,60.0,0.7756218905472636,0.7675820895522387
diabetes,0.0,19.0,6.0,42.0,0.7843781094527363,0.8331940298507463
diabetes,0.0,19.0,12.0,41.0,0.7849154228855721,0.8267462686567164
diabetes,0.0,19.0,16.0,57.0,0.7841592039800994,0.8211343283582089
diabetes,0.07133782099991516,25.0,60.0,2.0,0.6515422885572139,0.6417313432835822
diabetes,0.0,19.0,15.0,50.0,0.7809154228855721,0.8178507462686566
diabetes,0.0,19.0,14.0,47.0,0.7888159203980099,0.821134328358209
diabetes,0.0,19.0,15.0,41.0,0.7852338308457711,0.820955223880597
diabetes,0.0,19.0,15.0,48.0,0.7804776119402984,0.8178507462686566
diabetes,0.0,18.0,13.0,51.0,0.7828258706467661,0.8137313432835821
diabetes,0.0030763025995180103,30.0,32.0,18.0,0.7722786069651741,0.7877014925373135
diabetes,0.0,19.0,14.0,55.0,0.7809154228855721,0.8106268656716418
diabetes,0.023789326775180898,19.0,15.0,54.0,0.6922985074626865,0.6417313432835822
diabetes,0.1,1.0,1.0,2.0,0.557910447761194,0.5
diabetes,0.0,30.0,1.0,44.0,0.7644179104477612,0.8236417910447761
diabetes,0.0,23.0,32.0,60.0,0.7799402985074627,0.7829850746268657
diabetes,0.0,30.0,38.0,31.0,0.7667462686567164,0.7925970149253732
diabetes,0.0,1.0,60.0,38.0,0.6515422885572139,0.6417313432835822
diabetes,0.0,13.0,31.0,60.0,0.7821890547263681,0.7829850746268657
diabetes,0.0,26.0,21.0,35.0,0.7936517412935323,0.7895522388059701
diabetes,0.010734935087260339,30.0,41.0,2.0,0.7490348258706468,0.7157014925373134
diabetes,0.0,9.0,18.0,40.0,0.7828258706467661,0.8016716417910448
diabetes,0.1,30.0,60.0,60.0,0.557910447761194,0.5
diabetes,0.1,1.0,60.0,2.0,0.557910447761194,0.5
diabetes,0.0,22.0,21.0,26.0,0.7936517412935323,0.7895522388059701
diabetes,0.1,1.0,1.0,60.0,0.557910447761194,0.5
diabetes,0.0,23.0,39.0,2.0,0.7831840796019899,0.7973731343283582
diabetes,0.0,23.0,29.0,16.0,0.7764776119402986,0.7955223880597014
diabetes,0.0,21.0,17.0,31.0,0.7881990049751244,0.8275223880597015
diabetes,0.03611075598213817,1.0,60.0,60.0,0.6515422885572139,0.6417313432835822
diabetes,0.0,10.0,1.0,33.0,0.7664676616915423,0.8111641791044775
diabetes,0.0,30.0,7.0,60.0,0.7750447761194029,0.8185074626865672
diabetes,0.02219680301299394,30.0,60.0,60.0,0.6922985074626865,0.6417313432835822
diabetes,0.0,1.0,38.0,60.0,0.6515422885572139,0.6417313432835822
diabetes,0.0,8.0,24.0,38.0,0.7873233830845772,0.802865671641791
diabetes,0.05004837183429905,9.0,60.0,3.0,0.6515422885572139,0.6417313432835822
diabetes,0.0,12.0,1.0,4.0,0.6826865671641791,0.7122985074626867
diabetes,0.0,18.0,60.0,2.0,0.7521990049751244,0.7564179104477613
diabetes,0.0,11.0,1.0,60.0,0.7756417910447762,0.8094328358208955
diabetes,0.0,23.0,26.0,37.0,0.7862487562189054,0.8108059701492537
diabetes,0.0,28.0,26.0,60.0,0.7866666666666666,0.8152238805970149
diabetes,0.0,26.0,20.0,25.0,0.7944676616915421,0.7986268656716418
diabetes,0.0,10.0,37.0,45.0,0.7707462686567164,0.793134328358209
diabetes,0.0,7.0,10.0,46.0,0.7840000000000001,0.8154029850746269
diabetes,0.0,18.0,47.0,60.0,0.7773930348258707,0.7629850746268657
diabetes,0.0,5.0,1.0,27.0,0.7387860696517413,0.7810149253731343
diabetes,0.1,20.0,1.0,2.0,0.557910447761194,0.5
diabetes,0.0,25.0,24.0,29.0,0.7873233830845772,0.802865671641791
diabetes,0.0,9.0,19.0,53.0,0.7917213930348259,0.7973134328358209
diabetes,0.01366484998055368,7.0,22.0,43.0,0.7576716417910448,0.7157014925373134
diabetes,0.0,25.0,14.0,37.0,0.7841393034825871,0.8181492537313433
diabetes,0.0,27.0,24.0,26.0,0.7873233830845772,0.802865671641791
diabetes,0.0,10.0,18.0,51.0,0.7858706467661691,0.800179104477612
diabetes,0.0,23.0,24.0,30.0,0.7873233830845772,0.802865671641791
diabetes,0.0,28.0,21.0,36.0,0.7936517412935323,0.7895522388059701
diabetes,0.0,30.0,30.0,60.0,0.7802388059701494,0.7933134328358209
diabetes,0.0,28.0,20.0,47.0,0.7951243781094527,0.7968358208955223
diabetes,0.1,11.0,60.0,60.0,0.557910447761194,0.5
diabetes,0.0,20.0,60.0,43.0,0.7521990049751244,0.7564179104477613
diabetes,0.0,28.0,19.0,47.0,0.7947661691542288,0.800179104477612
diabetes,0.014406312663991509,30.0,22.0,2.0,0.7570746268656716,0.7157014925373134
diabetes,0.0,30.0,19.0,46.0,0.7947661691542288,0.802089552238806
diabetes,0.01380651147664162,14.0,34.0,42.0,0.7375323383084577,0.7157014925373134
diabetes,0.1,30.0,53.0,2.0,0.557910447761194,0.5
diabetes,0.0,29.0,19.0,44.0,0.7947661691542288,0.802089552238806
diabetes,0.0,29.0,19.0,49.0,0.7947661691542288,0.800179104477612
diabetes,0.0,29.0,19.0,41.0,0.7917810945273631,0.8025671641791046
diabetes,0.0,28.0,18.0,51.0,0.7858706467661691,0.800179104477612
diabetes,0.04641419497244241,1.0,1.0,2.0,0.6515422885572139,0.6417313432835822
diabetes,0.04466284830238881,12.0,60.0,60.0,0.6515422885572139,0.6417313432835822
diabetes,0.0,27.0,35.0,2.0,0.7717412935323383,0.7925970149253732
cancer,0.04101039588533139,22.0,56.0,20.0,0.7557084933845498,0.7318075117370892
cancer,0.08373883555532845,27.0,19.0,57.0,0.7557084933845498,0.7318075117370892
cancer,0.044483251230115185,28.0,7.0,27.0,0.7557084933845498,0.7318075117370892
cancer,0.08123959883573634,6.0,36.0,49.0,0.7557084933845498,0.7318075117370892
cancer,0.07995534416071731,14.0,32.0,44.0,0.7557084933845498,0.7318075117370892
cancer,0.07340280179855684,28.0,11.0,13.0,0.7557084933845498,0.7318075117370892
cancer,0.061707935850231634,23.0,22.0,53.0,0.7557084933845498,0.7318075117370892
cancer,0.05434030676903126,28.0,30.0,51.0,0.7557084933845498,0.7318075117370892
cancer,0.09554779863099283,21.0,52.0,26.0,0.5,0.5
cancer,0.0003630307254743227,25.0,45.0,17.0,0.826063705465114,0.8260700567038597
cancer,0.007343007929172491,25.0,42.0,21.0,0.7557084933845498,0.7318075117370892
cancer,0.0,30.0,60.0,2.0,0.8340243481088553,0.8052062374245472
cancer,0.025524936039950243,30.0,1.0,2.0,0.7557084933845498,0.7318075117370892
cancer,0.017646490863646985,2.0,7.0,60.0,0.7557084933845498,0.7318075117370892
cancer,0.0,1.0,60.0,60.0,0.7557084933845498,0.7318075117370892
cancer,0.0333850646295558,3.0,6.0,60.0,0.7557084933845498,0.7318075117370892
cancer,0.05701351372528707,30.0,38.0,2.0,0.7557084933845498,0.7318075117370892
cancer,0.048021850159446135,1.0,56.0,16.0,0.7557084933845498,0.7318075117370892
cancer,0.07374235264092609,17.0,20.0,60.0,0.7557084933845498,0.7318075117370892
cancer,0.0015793196269144152,30.0,1.0,60.0,0.8211465764282666,0.785958173282117
cancer,0.0,30.0,1.0,60.0,0.798398979737008,0.8011516066093531
cancer,0.0027011972809993143,30.0,1.0,2.0,0.8113796414852753,0.785958173282117
cancer,0.06682703445816775,1.0,29.0,7.0,0.7557084933845498,0.7318075117370892
cancer,0.0,30.0,1.0,2.0,0.7016950185964269,0.7024647887323944
cancer,0.007604208157490907,30.0,60.0,60.0,0.7557084933845498,0.7318075117370892
cancer,0.014042586654529602,2.0,55.0,7.0,0.7557084933845498,0.7318075117370892
cancer,0.030025680075382567,29.0,59.0,39.0,0.7557084933845498,0.7318075117370892
cancer,0.02185336262581618,29.0,57.0,55.0,0.7557084933845498,0.7318075117370892
cancer,0.1,1.0,1.0,60.0,0.5,0.5
cancer,0.037020588142625314,1.0,4.0,3.0,0.7557084933845498,0.7318075117370892
cancer,1.4183220960339863e-05,1.0,56.0,28.0,0.7557084933845498,0.7318075117370892
cancer,0.0,30.0,60.0,60.0,0.8340243481088553,0.8052062374245472
cancer,0.06791342328717208,30.0,52.0,32.0,0.7557084933845498,0.7318075117370892
cancer,0.006138857034370295,1.0,28.0,45.0,0.7557084933845498,0.7318075117370892
cancer,0.053152362596002145,1.0,10.0,41.0,0.7557084933845498,0.7318075117370892
cancer,0.07492275907904007,1.0,50.0,51.0,0.7557084933845498,0.7318075117370892
cancer,4.9818799557010976e-06,1.0,51.0,59.0,0.7557084933845498,0.7318075117370892
cancer,0.013585922900768292,30.0,55.0,9.0,0.7557084933845498,0.7318075117370892
cancer,0.02643318309419191,1.0,9.0,55.0,0.7557084933845498,0.7318075117370892
cancer,0.06116782965920456,1.0,49.0,3.0,0.7557084933845498,0.7318075117370892
cancer,0.03710904923236188,30.0,44.0,59.0,0.7557084933845498,0.7318075117370892
cancer,0.00010563798294890294,30.0,17.0,27.0,0.8123551917566002,0.7933129077495275
cancer,0.048195533903943794,30.0,59.0,49.0,0.7557084933845498,0.7318075117370892
cancer,0.07740516120179214,30.0,27.0,17.0,0.7557084933845498,0.7318075117370892
cancer,9.128352960611211e-05,30.0,13.0,36.0,0.8140687559701645,0.8077556246570332
cancer,0.004558218544910032,30.0,20.0,58.0,0.7635573542263683,0.7318075117370892
cancer,0.04301738438627209,1.0,55.0,4.0,0.7557084933845498,0.7318075117370892
cancer,0.01857974210791235,30.0,11.0,3.0,0.7557084933845498,0.7318075117370892
cancer,4.863369141150377e-05,30.0,4.0,10.0,0.7724503587179644,0.7476906895920981
cancer,0.070258679637289,1.0,5.0,6.0,0.7557084933845498,0.7318075117370892
cancer,0.027786228774803676,1.0,56.0,5.0,0.7557084933845498,0.7318075117370892
cancer,0.05624829171516086,1.0,9.0,15.0,0.7557084933845498,0.7318075117370892
cancer,0.03348076068354774,30.0,9.0,15.0,0.7557084933845498,0.7318075117370892
cancer,0.06481892341184552,30.0,1.0,44.0,0.7557084933845498,0.7318075117370892
cancer,0.07800156675150391,1.0,56.0,15.0,0.7557084933845498,0.7318075117370892
cancer,0.005640129382299831,30.0,6.0,52.0,0.7557084933845498,0.7318075117370892
cancer,0.021760009229599305,1.0,11.0,52.0,0.7557084933845498,0.7318075117370892
cancer,2.3254372738468205e-05,2.0,34.0,38.0,0.8072411743186391,0.7775326199621974
cancer,7.184563746227558e-05,2.0,9.0,17.0,0.8072411743186391,0.7775326199621974
cancer,0.049710459261881695,30.0,3.0,42.0,0.7557084933845498,0.7318075117370892
cancer,1.1332728255053497e-05,28.0,58.0,47.0,0.8323196756295347,0.7980687153222364
cancer,2.2157301788983125e-05,2.0,31.0,36.0,0.8072411743186391,0.7775326199621974
cancer,3.5284915648359234e-05,26.0,60.0,4.0,0.8339849704286325,0.8061017620876776
cancer,0.0002458438114466,30.0,57.0,10.0,0.8247947279637421,0.828836656301445
cancer,0.0004997846051702838,29.0,55.0,48.0,0.8134780907668232,0.8115396927016645
cancer,0.0003754915859275788,28.0,54.0,29.0,0.8183507611324513,0.8263329979879276
cancer,2.036558079065998e-06,29.0,46.0,14.0,0.8355600776375424,0.8139290287177611
cancer,0.000547715629924972,27.0,58.0,35.0,0.821046226856086,0.8115396927016645
cancer,0.0002777149538069291,29.0,57.0,3.0,0.8247947279637421,0.8227928175111273
cancer,0.00045779165945020195,27.0,59.0,50.0,0.8197518443997317,0.8115396927016645
cancer,0.00020117371655239418,29.0,57.0,19.0,0.834179318334248,0.8240999024449728
cancer,0.0006779615243729389,30.0,59.0,50.0,0.8238128264536716,0.8115396927016645
cancer,0.00011239790885878568,28.0,58.0,19.0,0.8313644493221958,0.8208874458874459
cancer,0.0003541205319821273,29.0,58.0,26.0,0.8236743694490173,0.8255670385952075
cancer,9.844302368688943e-06,28.0,58.0,37.0,0.832322216125033,0.7980687153222364
cancer,0.0016322671543953175,30.0,58.0,15.0,0.8146708534032477,0.7851159990244497
cancer,0.002678398686452378,29.0,56.0,12.0,0.8118013637379836,0.7851159990244497
cancer,0.0815953307913772,1.0,1.0,51.0,0.7557084933845498,0.7318075117370892
cancer,0.0008079290331538316,30.0,60.0,51.0,0.8296673983293701,0.8115396927016645
cancer,0.003408150931819443,27.0,59.0,36.0,0.8103824970022154,0.7787558685446009
cancer,0.04397936344823712,1.0,3.0,7.0,0.7557084933845498,0.7318075117370892
cancer,0.00037235203863954523,26.0,59.0,47.0,0.8236248297868016,0.8255670385952075
cancer,0.00022540651465715605,30.0,53.0,49.0,0.8290221124728167,0.8242828181208463
cancer,0.0025540573116326413,29.0,60.0,41.0,0.8122777066439039,0.7851159990244497
cancer,0.07858168702166918,29.0,60.0,57.0,0.7557084933845498,0.7318075117370892
cancer,0.05662550501344019,1.0,60.0,8.0,0.7557084933845498,0.7318075117370892
cancer,0.0001624877833425243,30.0,58.0,28.0,0.8343025323659127,0.8301742271812694
cancer,0.02132598570429884,2.0,58.0,29.0,0.7557084933845498,0.7318075117370892
cancer,0.034347380693963224,1.0,59.0,13.0,0.7557084933845498,0.7318075117370892
cancer,4.2623868878766135e-06,30.0,54.0,35.0,0.8278318903318903,0.8012926041095056
cancer,0.00010485647737258767,4.0,3.0,48.0,0.8312755319797575,0.8137804097311141
cancer,0.0,1.0,1.0,60.0,0.7557084933845498,0.7318075117370892
cancer,0.00347714365878491,30.0,58.0,18.0,0.8118013637379836,0.7787558685446009
cancer,0.0810320455641748,30.0,3.0,8.0,0.7557084933845498,0.7318075117370892
cancer,0.011446836237818506,1.0,2.0,16.0,0.7557084933845498,0.7318075117370892
cancer,0.00010218669110979575,30.0,47.0,38.0,0.8321481921834035,0.8202319980488995
cancer,3.166617488766788e-05,30.0,32.0,21.0,0.8264193748348677,0.8072830924943601
cancer,2.5142466109218114e-05,29.0,55.0,11.0,0.8274343027864154,0.8025653923541247
cancer,5.8684551679699674e-05,30.0,37.0,14.0,0.8205749649411622,0.8231548381196269
cancer,0.00015455386641044516,29.0,52.0,57.0,0.8334400341442597,0.8317290104261935
alzheimer,0.04101039588533139,22.0,56.0,20.0,0.7702563324738358,0.7535843920145191
alzheimer,0.08373883555532845,27.0,19.0,57.0,0.5,0.5
alzheimer,0.044483251230115185,28.0,7.0,27.0,0.7702563324738358,0.7535843920145191
alzheimer,0.08123959883573634,6.0,36.0,49.0,0.5,0.5
alzheimer,0.07995534416071731,14.0,32.0,44.0,0.5,0.5
alzheimer,0.07340280179855684,28.0,11.0,13.0,0.5574852115880479,0.5
alzheimer,0.061707935850231634,23.0,22.0,53.0,0.6492416198998937,0.6897761645493043
alzheimer,0.05434030676903126,28.0,30.0,51.0,0.7344607917488245,0.7535843920145191
alzheimer,0.09554779863099283,21.0,52.0,26.0,0.5,0.5
alzheimer,0.0003630307254743227,25.0,45.0,17.0,0.8490924718135396,0.8455157289776165
alzheimer,0.0075106668442784,30.0,60.0,60.0,0.8443070933818696,0.8447292800967938
alzheimer,0.0,1.0,1.0,60.0,0.6899135446685879,0.6897761645493043
alzheimer,0.0,30.0,60.0,2.0,0.8438267859851356,0.8535238959467634
alzheimer,0.0023807499087790144,29.0,1.0,60.0,0.8512639668335101,0.8477692075015123
alzheimer,0.012418737865886228,21.0,1.0,60.0,0.8378861418676374,0.8447292800967938
alzheimer,0.02173975681858062,30.0,1.0,60.0,0.8036806714191819,0.7852238354506957
alzheimer,0.0054316343239733085,25.0,1.0,2.0,0.8549926689923657,0.8624092558983667
alzheimer,0.031288743099648395,1.0,15.0,40.0,0.6899135446685879,0.6897761645493043
alzheimer,0.0033928333455156786,18.0,8.0,57.0,0.8625891096617625,0.8657667876588023
alzheimer,0.0,18.0,1.0,2.0,0.7194145305627181,0.7290683605565638
alzheimer,0.011744395536895933,30.0,60.0,60.0,0.8366853733758027,0.8447292800967938
alzheimer,0.00865641254722818,28.0,18.0,10.0,0.8475934071489964,0.8447292800967938
alzheimer,0.0,30.0,1.0,60.0,0.8468249153142221,0.8267619479733818
alzheimer,0.0,22.0,60.0,60.0,0.8438267859851356,0.8535238959467634
alzheimer,0.0031712137337430234,16.0,1.0,60.0,0.8508797209161232,0.8657667876588023
alzheimer,0.0,27.0,1.0,2.0,0.7194145305627181,0.7159104658197217
alzheimer,0.0,30.0,60.0,60.0,0.8438267859851356,0.8535238959467634
alzheimer,0.010667404913089075,16.0,60.0,2.0,0.8366853733758027,0.8447292800967938
alzheimer,0.0061647365742318536,27.0,18.0,60.0,0.859699681480358,0.8624092558983667
alzheimer,0.00831523607880308,29.0,60.0,16.0,0.8366853733758027,0.8447292800967938
alzheimer,0.007911551873149389,30.0,1.0,60.0,0.8620152687193489,0.8624092558983667
alzheimer,0.024136246356558633,30.0,60.0,2.0,0.8036806714191819,0.7852238354506957
alzheimer,0.006369138701057613,24.0,28.0,60.0,0.8448986298599525,0.8624092558983667
alzheimer,0.00633858109622643,23.0,1.0,48.0,0.8605945699984833,0.8624092558983667
alzheimer,0.007464703575923719,30.0,1.0,60.0,0.8620152687193489,0.8624092558983667
alzheimer,0.009632288481719119,18.0,1.0,2.0,0.8378861418676374,0.8447292800967938
alzheimer,0.0032124940497866837,22.0,60.0,7.0,0.84373830830679,0.8447292800967938
alzheimer,0.001422950087408069,25.0,23.0,60.0,0.8505864806107488,0.8678690260133092
alzheimer,0.014771823481488373,30.0,1.0,2.0,0.8239723949643561,0.8067831215970962
alzheimer,0.005736834923589799,25.0,1.0,60.0,0.8530663835380959,0.8624092558983667
alzheimer,0.004106217062111411,30.0,22.0,60.0,0.857513018858385,0.8669691470054447
alzheimer,0.0326825266402347,30.0,60.0,60.0,0.7702563324738358,0.7535843920145191
alzheimer,0.013122973850038498,1.0,60.0,60.0,0.6899135446685879,0.6897761645493043
alzheimer,0.007849235008173049,24.0,25.0,34.0,0.847783002174023,0.8624092558983667
alzheimer,0.006446145312150222,24.0,1.0,60.0,0.8605945699984833,0.8624092558983667
alzheimer,0.0013721614628708645,29.0,60.0,29.0,0.8413949137974619,0.8519812462189957
alzheimer,0.006038801961210261,23.0,1.0,60.0,0.8575534657970576,0.8624092558983667
alzheimer,0.007860719576510179,30.0,1.0,20.0,0.8620152687193489,0.8624092558983667
alzheimer,0.005856186838374302,20.0,11.0,24.0,0.8575534657970576,0.8624092558983667
alzheimer,0.011531269527331496,30.0,1.0,60.0,0.8378861418676374,0.8447292800967938
alzheimer,0.05001347405860797,1.0,60.0,2.0,0.6899135446685879,0.6897761645493043
alzheimer,0.015473115050325618,30.0,60.0,2.0,0.819669851863087,0.8067831215970962
alzheimer,0.0313110948888897,30.0,1.0,2.0,0.7702563324738358,0.7535843920145191
alzheimer,0.0075760770170216684,25.0,1.0,17.0,0.8620152687193489,0.8624092558983667
alzheimer,0.0,15.0,60.0,2.0,0.8438267859851356,0.8535238959467634
alzheimer,0.0061256126356659555,30.0,10.0,33.0,0.8605945699984833,0.8624092558983667
alzheimer,0.0060232349989450505,16.0,8.0,60.0,0.8575534657970576,0.8624092558983667
alzheimer,0.005397116033292811,15.0,39.0,2.0,0.8518731988472622,0.8447292800967938
alzheimer,0.04586884424118868,30.0,60.0,60.0,0.7702563324738358,0.7535843920145191
alzheimer,0.005523407573743643,23.0,29.0,2.0,0.8489888265331919,0.8624092558983667
alzheimer,0.0029494978955466947,16.0,35.0,42.0,0.8533697355781383,0.8517241379310345
alzheimer,0.004904798016027484,8.0,60.0,2.0,0.8452879316446736,0.8447292800967938
alzheimer,0.020110704843595645,15.0,1.0,2.0,0.8122301430810456,0.8067831215970962
alzheimer,0.04850772162425112,30.0,60.0,2.0,0.7702563324738358,0.7535843920145191
alzheimer,0.003998127340776726,18.0,16.0,60.0,0.8582537034228221,0.8669691470054447
alzheimer,0.04789390283490294,1.0,1.0,60.0,0.6899135446685879,0.6897761645493043
alzheimer,0.020363778087547708,30.0,60.0,60.0,0.8122301430810456,0.8067831215970962
alzheimer,0.023467305935765913,9.0,60.0,2.0,0.8036806714191819,0.7852238354506957
alzheimer,0.015581376345315376,1.0,1.0,2.0,0.6899135446685879,0.6897761645493043
alzheimer,0.019932774402861005,21.0,38.0,2.0,0.8122301430810456,0.8067831215970962
alzheimer,0.030150700052177477,16.0,60.0,2.0,0.7772865160018201,0.7535843920145191
alzheimer,0.0,10.0,60.0,60.0,0.8438267859851356,0.8535238959467634
alzheimer,0.0036621046351959425,13.0,60.0,32.0,0.84373830830679,0.8447292800967938
alzheimer,0.0,17.0,36.0,60.0,0.856749582890945,0.844751966122202
alzheimer,0.0,30.0,33.0,60.0,0.8542494564942614,0.8474516031457955
alzheimer,0.022429547020172753,30.0,1.0,2.0,0.8036806714191819,0.7852238354506957
alzheimer,0.007657324800784396,30.0,1.0,2.0,0.8620152687193489,0.8624092558983667
alzheimer,0.02407658995022931,17.0,60.0,60.0,0.8036806714191819,0.7852238354506957
alzheimer,0.0,1.0,60.0,2.0,0.6899135446685879,0.6897761645493043
alzheimer,0.006290949401371729,13.0,60.0,2.0,0.8443070933818696,0.8447292800967938
alzheimer,0.0,19.0,60.0,25.0,0.8438267859851356,0.8535238959467634
alzheimer,0.0030164593226870142,12.0,32.0,60.0,0.8546513979473179,0.8509225650332728
alzheimer,0.024719287766191807,18.0,1.0,60.0,0.7973810607209666,0.7852238354506957
alzheimer,0.015698815180866858,20.0,60.0,60.0,0.819669851863087,0.8067831215970962
alzheimer,0.006573394881729745,30.0,1.0,39.0,0.8605945699984833,0.8624092558983667
alzheimer,0.007768300971911598,26.0,1.0,2.0,0.8620152687193489,0.8624092558983667
alzheimer,0.1,1.0,1.0,2.0,0.5,0.5
alzheimer,0.00739701995254628,30.0,20.0,60.0,0.8607437180848373,0.8624092558983667
alzheimer,0.061147167875743993,1.0,1.0,2.0,0.624326305677739,0.6897761645493043
alzheimer,0.005771289169517656,30.0,1.0,60.0,0.8530663835380959,0.8624092558983667
alzheimer,0.008187392122216811,26.0,1.0,42.0,0.8620152687193489,0.8624092558983667
alzheimer,0.00434882343250814,30.0,41.0,2.0,0.8452651802416705,0.8447292800967938
alzheimer,0.008323044656825642,21.0,1.0,60.0,0.8537211183578544,0.8624092558983667
alzheimer,0.0069430854790309,27.0,1.0,21.0,0.8605945699984833,0.8624092558983667
alzheimer,0.007703393752335544,30.0,10.0,45.0,0.8620152687193489,0.8624092558983667
alzheimer,0.005849920469290213,18.0,1.0,43.0,0.8530663835380959,0.8624092558983667
alzheimer,0.0029423560908246747,14.0,52.0,2.0,0.8425552353506244,0.8398669086509378
alzheimer,0.008062221040723936,30.0,1.0,32.0,0.8620152687193489,0.8624092558983667
alzheimer,0.03757739490381515,30.0,1.0,60.0,0.7702563324738358,0.7535843920145191
alzheimer,0.007224459614201125,26.0,1.0,19.0,0.8620152687193489,0.8624092558983667
