dataset,n_neighbors,p,weights,cv_roc_auc,test_roc_auc,star_test_roc_auc,diff_from_mean
heart,7,2,uniform,0.6377151197728035,0.6746441177611419,0.6741398704472286,-0.0005042473139132975
heart,15,1,distance,0.6746616860845072,0.6705325627400024,0.6741398704472286,0.0036073077072261706
heart,29,1,uniform,0.676620838053553,0.6592063923044101,0.6741398704472286,0.014933478142818424
heart,26,1,uniform,0.6803179947071802,0.6658779721500331,0.6741398704472286,0.00826189829719548
heart,11,1,distance,0.6653851013895297,0.6720453046817424,0.6741398704472286,0.002094565765486167
heart,21,2,distance,0.6825645769101227,0.6744889647414762,0.6741398704472286,-0.000349094294247676
heart,24,1,distance,0.6903035684998976,0.6741398704472286,0.6741398704472286,0.0
heart,21,2,distance,0.6825645769101227,0.6744889647414762,0.6741398704472286,-0.000349094294247676
heart,12,2,distance,0.6634328867889077,0.6715992397502037,0.6741398704472286,0.002540630697024815
heart,2,2,distance,0.6040928957272664,0.648811139986812,0.6741398704472286,0.025328730460416615
heart,21,1,distance,0.6845406167930573,0.6825569217640899,0.6741398704472286,-0.008417051316861324
heart,26,2,uniform,0.6765390597572623,0.6737325937706063,0.6741398704472286,0.00040727667662221467
heart,12,1,uniform,0.6571469596013411,0.6626973352468871,0.6741398704472286,0.011442535200341442
heart,27,1,uniform,0.6820310663067494,0.6603894340793608,0.6741398704472286,0.013750436367867769
heart,10,2,distance,0.6576239086001884,0.686629688530313,0.6741398704472286,-0.01248981808308447
heart,28,2,uniform,0.6774557427612212,0.6768162600364609,0.6741398704472286,-0.002676389589232331
heart,30,2,uniform,0.6819181954498271,0.6728986462899035,0.6741398704472286,0.0012412241573250826
heart,30,1,distance,0.6832949650054735,0.6654513013459524,0.6741398704472286,0.008688569101276133
heart,23,2,distance,0.6755258671120165,0.6768938365462938,0.6741398704472286,-0.002753966099065197
heart,25,1,uniform,0.6830407375979577,0.6693883092199682,0.6741398704472286,0.004751561227260392
heart,19,1,uniform,0.6749740100457448,0.6806175090182693,0.6741398704472286,-0.006477638571040778
heart,9,1,distance,0.6625963221135569,0.6586633567355804,0.6741398704472286,0.015476513711648154
heart,4,1,distance,0.6461742328935121,0.6516038943407937,0.6741398704472286,0.022535976106434874
heart,14,2,distance,0.6721970612228494,0.6771265660757921,0.6741398704472286,-0.0029866956285635737
heart,9,2,uniform,0.6515567382973205,0.6703968038477949,0.6741398704472286,0.0037430665994336865
heart,2,2,distance,0.6040928957272664,0.648811139986812,0.6741398704472286,0.025328730460416615
heart,15,2,uniform,0.6705671940563804,0.6682246615724757,0.6741398704472286,0.005915208874752831
heart,12,1,distance,0.6654530790340016,0.6697374035142158,0.6741398704472286,0.004402466933012716
heart,15,1,distance,0.6746616860845072,0.6705325627400024,0.6741398704472286,0.0036073077072261706
heart,17,2,distance,0.67749211619533,0.6802684147240217,0.6741398704472286,-0.006128544276793102
heart,8,2,distance,0.646057219062856,0.6830999573329196,0.6741398704472286,-0.008960086885691054
heart,30,2,distance,0.6842551069820232,0.679647802645359,0.6741398704472286,-0.005507932198130394
heart,10,2,distance,0.6576239086001884,0.686629688530313,0.6741398704472286,-0.01248981808308447
heart,29,1,distance,0.6841095808333881,0.667002831542609,0.6741398704472286,0.007137038904619586
heart,26,2,distance,0.6794965723172213,0.6807338737830185,0.6741398704472286,-0.006594003335789966
heart,10,2,distance,0.6576239086001884,0.686629688530313,0.6741398704472286,-0.01248981808308447
heart,14,1,distance,0.6696093070429026,0.6703386214654203,0.6741398704472286,0.003801248981808225
heart,15,2,distance,0.6724967942018834,0.6767968659090027,0.6741398704472286,-0.0026569954617741143
heart,23,2,uniform,0.671863988823162,0.6685155734843489,0.6741398704472286,0.0056242969628796935
heart,30,2,uniform,0.6819181954498271,0.6728986462899035,0.6741398704472286,0.0012412241573250826
heart,16,1,distance,0.675056325458496,0.6782514254683683,0.6741398704472286,-0.00411155502113969
heart,15,1,distance,0.6746616860845072,0.6705325627400024,0.6741398704472286,0.0036073077072261706
heart,26,1,distance,0.6872081663371888,0.6715798456227455,0.6741398704472286,0.0025600248244830315
heart,28,2,uniform,0.6774557427612212,0.6768162600364609,0.6741398704472286,-0.002676389589232331
heart,9,1,uniform,0.6554260627705781,0.6460183856328304,0.6741398704472286,0.028121484814398134
heart,13,1,uniform,0.6587212352141332,0.6623482409526394,0.6741398704472286,0.011791629494589118
heart,7,1,distance,0.6627458164415608,0.6517396532330011,0.6741398704472286,0.02240021721422747
heart,1,2,distance,0.5787216313375227,0.6056592063923044,0.6741398704472286,0.06848066405492415
heart,24,1,uniform,0.6851162076929338,0.6666925255032775,0.6741398704472286,0.007447344943951051
heart,19,1,distance,0.6816427484693801,0.6845739110197432,0.6741398704472286,-0.010434040572514625
heart,3,1,uniform,0.6241017560652256,0.6373298165315542,0.6741398704472286,0.03681005391567438
heart,27,1,distance,0.688850925456292,0.6677010201311043,0.6741398704472286,0.006438850316124234
heart,7,2,uniform,0.6377151197728035,0.6746441177611419,0.6741398704472286,-0.0005042473139132975
heart,28,1,uniform,0.6814013794447197,0.6601373104224043,0.6741398704472286,0.014002560024824251
heart,8,2,distance,0.646057219062856,0.6830999573329196,0.6741398704472286,-0.008960086885691054
heart,1,2,uniform,0.5787216313375227,0.6056592063923044,0.6741398704472286,0.06848066405492415
heart,23,2,distance,0.6755258671120165,0.6768938365462938,0.6741398704472286,-0.002753966099065197
heart,5,1,distance,0.656797840847392,0.6533493658120322,0.6741398704472286,0.020790504635196383
heart,8,2,uniform,0.6409011973807608,0.6745083588689345,0.6741398704472286,-0.0003684884217058926
heart,3,1,uniform,0.6241017560652256,0.6373298165315542,0.6741398704472286,0.03681005391567438
heart,5,1,distance,0.656797840847392,0.6533493658120322,0.6741398704472286,0.020790504635196383
heart,3,1,uniform,0.6241017560652256,0.6373298165315542,0.6741398704472286,0.03681005391567438
heart,26,1,uniform,0.6803179947071802,0.6658779721500331,0.6741398704472286,0.00826189829719548
heart,14,1,uniform,0.6608474720752688,0.6627555176292619,0.6741398704472286,0.01138435281796668
heart,9,1,uniform,0.6554260627705781,0.6460183856328304,0.6741398704472286,0.028121484814398134
heart,26,2,distance,0.6794965723172213,0.6807338737830185,0.6741398704472286,-0.006594003335789966
heart,13,1,uniform,0.6587212352141332,0.6623482409526394,0.6741398704472286,0.011791629494589118
heart,7,1,distance,0.6627458164415608,0.6517396532330011,0.6741398704472286,0.02240021721422747
heart,29,2,distance,0.6841265949233419,0.6814320623715138,0.6741398704472286,-0.007292191924285207
heart,30,1,uniform,0.6760591126298954,0.6583530506962492,0.6741398704472286,0.015786819750979397
heart,7,1,uniform,0.6586697820038759,0.6347310034521547,0.6741398704472286,0.039408866995073843
heart,11,1,distance,0.6653851013895297,0.6720453046817424,0.6741398704472286,0.002094565765486167
heart,13,2,uniform,0.6663792576550439,0.6698149800240487,0.6741398704472286,0.00432489042317985
heart,27,1,distance,0.688850925456292,0.6677010201311043,0.6741398704472286,0.006438850316124234
heart,28,2,distance,0.6809376604114515,0.6827508630386719,0.6741398704472286,-0.008610992591443378
heart,13,2,uniform,0.6663792576550439,0.6698149800240487,0.6741398704472286,0.00432489042317985
heart,21,2,distance,0.6825645769101227,0.6744889647414762,0.6741398704472286,-0.000349094294247676
heart,28,2,distance,0.6809376604114515,0.6827508630386719,0.6741398704472286,-0.008610992591443378
heart,20,2,distance,0.6803228032885974,0.6775920251347891,0.6741398704472286,-0.003452154687560549
heart,11,2,distance,0.6567201557489566,0.6716962103874947,0.6741398704472286,0.002443660059733843
heart,23,2,uniform,0.671863988823162,0.6685155734843489,0.6741398704472286,0.0056242969628796935
heart,7,2,uniform,0.6377151197728035,0.6746441177611419,0.6741398704472286,-0.0005042473139132975
heart,1,1,uniform,0.5795910145231662,0.6154920290136147,0.6741398704472286,0.0586478414336139
heart,30,1,distance,0.6832949650054735,0.6654513013459524,0.6741398704472286,0.008688569101276133
heart,13,1,uniform,0.6587212352141332,0.6623482409526394,0.6741398704472286,0.011791629494589118
heart,7,2,distance,0.6430901286977343,0.6808114502928513,0.6741398704472286,-0.0066715798456227215
heart,27,1,distance,0.688850925456292,0.6677010201311043,0.6741398704472286,0.006438850316124234
heart,5,1,uniform,0.654941252655601,0.6338776618439937,0.6741398704472286,0.04026220860323482
heart,10,2,distance,0.6576239086001884,0.686629688530313,0.6741398704472286,-0.01248981808308447
heart,15,1,distance,0.6746616860845072,0.6705325627400024,0.6741398704472286,0.0036073077072261706
heart,24,1,distance,0.6903035684998976,0.6741398704472286,0.6741398704472286,0.0
heart,17,2,uniform,0.6748273425246307,0.6751483650750554,0.6741398704472286,-0.001008494627826817
heart,26,2,distance,0.6794965723172213,0.6807338737830185,0.6741398704472286,-0.006594003335789966
heart,30,1,distance,0.6832949650054735,0.6654513013459524,0.6741398704472286,0.008688569101276133
heart,3,1,uniform,0.6241017560652256,0.6373298165315542,0.6741398704472286,0.03681005391567438
heart,17,2,uniform,0.6748273425246307,0.6751483650750554,0.6741398704472286,-0.001008494627826817
heart,27,1,distance,0.688850925456292,0.6677010201311043,0.6741398704472286,0.006438850316124234
heart,2,2,distance,0.6040928957272664,0.648811139986812,0.6741398704472286,0.025328730460416615
heart,23,1,distance,0.6866230844505433,0.6786005197626159,0.6741398704472286,-0.004460649315387366
heart,1,1,uniform,0.5795910145231662,0.6154920290136147,0.6741398704472286,0.0586478414336139
diabetes,7,2,uniform,0.7912585365853659,0.7410746268656718,0.800597014925373,0.059522388059701226
diabetes,15,1,distance,0.8098804878048782,0.7768955223880597,0.800597014925373,0.02370149253731335
diabetes,29,1,uniform,0.8062227642276423,0.8119999999999999,0.800597014925373,-0.011402985074626892
diabetes,26,1,uniform,0.8038308943089432,0.8065074626865671,0.800597014925373,-0.005910447761194093
diabetes,11,1,distance,0.8055869918699186,0.7717611940298508,0.800597014925373,0.02883582089552228
diabetes,21,2,distance,0.8141252032520324,0.7818507462686567,0.800597014925373,0.01874626865671636
diabetes,24,1,distance,0.8150626016260162,0.800597014925373,0.800597014925373,0.0
diabetes,21,2,distance,0.8141252032520324,0.7818507462686567,0.800597014925373,0.01874626865671636
diabetes,12,2,distance,0.8106373983739837,0.771044776119403,0.800597014925373,0.02955223880597002
diabetes,2,2,distance,0.739889430894309,0.7149850746268656,0.800597014925373,0.0856119402985075
diabetes,21,1,distance,0.8135455284552846,0.7902089552238806,0.800597014925373,0.01038805970149248
diabetes,26,2,uniform,0.8086097560975609,0.7831044776119404,0.800597014925373,0.0174925373134327
diabetes,12,1,uniform,0.8052943089430894,0.7804776119402985,0.800597014925373,0.02011940298507453
diabetes,27,1,uniform,0.8065260162601625,0.8125373134328358,0.800597014925373,-0.011940298507462699
diabetes,10,2,distance,0.8053235772357723,0.7663880597014925,0.800597014925373,0.034208955223880566
diabetes,28,2,uniform,0.811929268292683,0.7874029850746269,0.800597014925373,0.013194029850746136
diabetes,30,2,uniform,0.8119154471544716,0.7917611940298508,0.800597014925373,0.008835820895522262
diabetes,30,1,distance,0.8142260162601624,0.8087164179104478,0.800597014925373,-0.008119402985074742
diabetes,23,2,distance,0.8169650406504065,0.7867462686567164,0.800597014925373,0.013850746268656677
diabetes,25,1,uniform,0.8052731707317073,0.8040597014925374,0.800597014925373,-0.003462686567164308
diabetes,19,1,uniform,0.808921138211382,0.7864477611940299,0.800597014925373,0.014149253731343125
diabetes,9,1,distance,0.7986585365853658,0.7659701492537314,0.800597014925373,0.03462686567164164
diabetes,4,1,distance,0.7762528455284552,0.7217313432835821,0.800597014925373,0.07886567164179092
diabetes,14,2,distance,0.8106008130081299,0.7776716417910448,0.800597014925373,0.022925373134328297
diabetes,9,2,uniform,0.8009333333333333,0.7636417910447761,0.800597014925373,0.03695522388059691
diabetes,2,2,distance,0.739889430894309,0.7149850746268656,0.800597014925373,0.0856119402985075
diabetes,15,2,uniform,0.8056178861788619,0.7802388059701493,0.800597014925373,0.020358208955223778
diabetes,12,1,distance,0.8092772357723579,0.7768955223880598,0.800597014925373,0.02370149253731324
diabetes,15,1,distance,0.8098804878048782,0.7768955223880597,0.800597014925373,0.02370149253731335
diabetes,17,2,distance,0.8160325203252032,0.7787462686567165,0.800597014925373,0.021850746268656573
diabetes,8,2,distance,0.8062983739837399,0.744,0.800597014925373,0.05659701492537306
diabetes,30,2,distance,0.8177764227642277,0.7912835820895522,0.800597014925373,0.009313432835820867
diabetes,10,2,distance,0.8053235772357723,0.7663880597014925,0.800597014925373,0.034208955223880566
diabetes,29,1,distance,0.8129056910569105,0.8095522388059702,0.800597014925373,-0.008955223880597107
diabetes,26,2,distance,0.8143341463414634,0.783044776119403,0.800597014925373,0.01755223880597001
diabetes,10,2,distance,0.8053235772357723,0.7663880597014925,0.800597014925373,0.034208955223880566
diabetes,14,1,distance,0.8099113821138211,0.7788059701492538,0.800597014925373,0.02179104477611926
diabetes,15,2,distance,0.8114121951219511,0.7817313432835822,0.800597014925373,0.01886567164179087
diabetes,23,2,uniform,0.8105219512195122,0.7875820895522389,0.800597014925373,0.0130149253731342
diabetes,30,2,uniform,0.8119154471544716,0.7917611940298508,0.800597014925373,0.008835820895522262
diabetes,16,1,distance,0.8146593495934958,0.7804179104477613,0.800597014925373,0.02017910447761173
diabetes,15,1,distance,0.8098804878048782,0.7768955223880597,0.800597014925373,0.02370149253731335
diabetes,26,1,distance,0.8113154471544716,0.8040597014925374,0.800597014925373,-0.003462686567164308
diabetes,28,2,uniform,0.811929268292683,0.7874029850746269,0.800597014925373,0.013194029850746136
diabetes,9,1,uniform,0.7970422764227643,0.7715223880597015,0.800597014925373,0.029074626865671527
diabetes,13,1,uniform,0.806330081300813,0.781910447761194,0.800597014925373,0.018686567164179047
diabetes,7,1,distance,0.7892918699186993,0.7598805970149253,0.800597014925373,0.04071641791044778
diabetes,1,2,distance,0.670869918699187,0.6561194029850747,0.800597014925373,0.1444776119402984
diabetes,24,1,uniform,0.8102845528455284,0.8031641791044777,0.800597014925373,-0.0025671641791046307
diabetes,19,1,distance,0.8138170731707316,0.7888358208955224,0.800597014925373,0.011761194029850652
diabetes,3,1,uniform,0.7551764227642278,0.6960597014925374,0.800597014925373,0.10453731343283568
diabetes,27,1,distance,0.813539837398374,0.8077611940298507,0.800597014925373,-0.0071641791044776415
diabetes,7,2,uniform,0.7912585365853659,0.7410746268656718,0.800597014925373,0.059522388059701226
diabetes,28,1,uniform,0.8059617886178861,0.809492537313433,0.800597014925373,-0.008895522388059907
diabetes,8,2,distance,0.8062983739837399,0.744,0.800597014925373,0.05659701492537306
diabetes,1,2,uniform,0.670869918699187,0.6561194029850747,0.800597014925373,0.1444776119402984
diabetes,23,2,distance,0.8169650406504065,0.7867462686567164,0.800597014925373,0.013850746268656677
diabetes,5,1,distance,0.7800260162601627,0.7300298507462686,0.800597014925373,0.07056716417910447
diabetes,8,2,uniform,0.7999682926829269,0.7423283582089553,0.800597014925373,0.05826865671641779
diabetes,3,1,uniform,0.7551764227642278,0.6960597014925374,0.800597014925373,0.10453731343283568
diabetes,5,1,distance,0.7800260162601627,0.7300298507462686,0.800597014925373,0.07056716417910447
diabetes,3,1,uniform,0.7551764227642278,0.6960597014925374,0.800597014925373,0.10453731343283568
diabetes,26,1,uniform,0.8038308943089432,0.8065074626865671,0.800597014925373,-0.005910447761194093
diabetes,14,1,uniform,0.8048943089430894,0.7810149253731342,0.800597014925373,0.019582089552238835
diabetes,9,1,uniform,0.7970422764227643,0.7715223880597015,0.800597014925373,0.029074626865671527
diabetes,26,2,distance,0.8143341463414634,0.783044776119403,0.800597014925373,0.01755223880597001
diabetes,13,1,uniform,0.806330081300813,0.781910447761194,0.800597014925373,0.018686567164179047
diabetes,7,1,distance,0.7892918699186993,0.7598805970149253,0.800597014925373,0.04071641791044778
diabetes,29,2,distance,0.8192146341463415,0.7908059701492538,0.800597014925373,0.009791044776119251
diabetes,30,1,uniform,0.8091162601626015,0.8111044776119404,0.800597014925373,-0.010507462686567326
diabetes,7,1,uniform,0.785178861788618,0.764179104477612,0.800597014925373,0.036417910447761104
diabetes,11,1,distance,0.8055869918699186,0.7717611940298508,0.800597014925373,0.02883582089552228
diabetes,13,2,uniform,0.8025691056910569,0.7762985074626865,0.800597014925373,0.02429850746268658
diabetes,27,1,distance,0.813539837398374,0.8077611940298507,0.800597014925373,-0.0071641791044776415
diabetes,28,2,distance,0.8183658536585365,0.7877014925373135,0.800597014925373,0.012895522388059577
diabetes,13,2,uniform,0.8025691056910569,0.7762985074626865,0.800597014925373,0.02429850746268658
diabetes,21,2,distance,0.8141252032520324,0.7818507462686567,0.800597014925373,0.01874626865671636
diabetes,28,2,distance,0.8183658536585365,0.7877014925373135,0.800597014925373,0.012895522388059577
diabetes,20,2,distance,0.814460975609756,0.7770746268656715,0.800597014925373,0.023522388059701527
diabetes,11,2,distance,0.8095674796747966,0.7717611940298508,0.800597014925373,0.02883582089552228
diabetes,23,2,uniform,0.8105219512195122,0.7875820895522389,0.800597014925373,0.0130149253731342
diabetes,7,2,uniform,0.7912585365853659,0.7410746268656718,0.800597014925373,0.059522388059701226
diabetes,1,1,uniform,0.6455528455284553,0.6497313432835822,0.800597014925373,0.15086567164179088
diabetes,30,1,distance,0.8142260162601624,0.8087164179104478,0.800597014925373,-0.008119402985074742
diabetes,13,1,uniform,0.806330081300813,0.781910447761194,0.800597014925373,0.018686567164179047
diabetes,7,2,distance,0.7978577235772357,0.7431641791044776,0.800597014925373,0.05743283582089542
diabetes,27,1,distance,0.813539837398374,0.8077611940298507,0.800597014925373,-0.0071641791044776415
diabetes,5,1,uniform,0.774560975609756,0.726865671641791,0.800597014925373,0.07373134328358211
diabetes,10,2,distance,0.8053235772357723,0.7663880597014925,0.800597014925373,0.034208955223880566
diabetes,15,1,distance,0.8098804878048782,0.7768955223880597,0.800597014925373,0.02370149253731335
diabetes,24,1,distance,0.8150626016260162,0.800597014925373,0.800597014925373,0.0
diabetes,17,2,uniform,0.8102788617886179,0.7756417910447762,0.800597014925373,0.0249552238805969
diabetes,26,2,distance,0.8143341463414634,0.783044776119403,0.800597014925373,0.01755223880597001
diabetes,30,1,distance,0.8142260162601624,0.8087164179104478,0.800597014925373,-0.008119402985074742
diabetes,3,1,uniform,0.7551764227642278,0.6960597014925374,0.800597014925373,0.10453731343283568
diabetes,17,2,uniform,0.8102788617886179,0.7756417910447762,0.800597014925373,0.0249552238805969
diabetes,27,1,distance,0.813539837398374,0.8077611940298507,0.800597014925373,-0.0071641791044776415
diabetes,2,2,distance,0.739889430894309,0.7149850746268656,0.800597014925373,0.0856119402985075
diabetes,23,1,distance,0.8148252032520326,0.802268656716418,0.800597014925373,-0.0016716417910449533
diabetes,1,1,uniform,0.6455528455284553,0.6497313432835822,0.800597014925373,0.15086567164179088
cancer,7,2,uniform,0.7560634916965834,0.7393261081641364,0.7725596000243887,0.03323349186025237
cancer,15,1,distance,0.7704862727206203,0.7639854277178221,0.7725596000243887,0.008574172306566652
cancer,29,1,uniform,0.7777318444926038,0.7718241265776478,0.7725596000243887,0.000735473446740964
cancer,26,1,uniform,0.7777348606326291,0.7641111822449851,0.7725596000243887,0.008448417779403639
cancer,11,1,distance,0.765412952718432,0.7633947625144808,0.7725596000243887,0.00916483750990793
cancer,21,2,distance,0.7776194358839204,0.7705703920492653,0.7725596000243887,0.001989207975123475
cancer,24,1,distance,0.7788540957538495,0.7725596000243887,0.7725596000243887,0.0
cancer,21,2,distance,0.7776194358839204,0.7705703920492653,0.7725596000243887,0.001989207975123475
cancer,12,2,distance,0.7706197470908537,0.7629641485275288,0.7725596000243887,0.00959545149685992
cancer,2,2,distance,0.6719899738264605,0.705075147856838,0.7725596000243887,0.06748445216755072
cancer,21,1,distance,0.775847967909017,0.7706999573196757,0.7725596000243887,0.0018596427047130604
cancer,26,2,uniform,0.7788117019149737,0.76793335772209,0.7725596000243887,0.004626242302298689
cancer,12,1,uniform,0.7650427311683863,0.7534906408145845,0.7725596000243887,0.019068959209804226
cancer,27,1,uniform,0.7772122299537713,0.7683754039387842,0.7725596000243887,0.004184196085604497
cancer,10,2,distance,0.7684403316702084,0.7565278031827327,0.7725596000243887,0.01603179684165601
cancer,28,2,uniform,0.7802687290390397,0.7702769648192184,0.7725596000243887,0.002282635205170358
cancer,30,2,uniform,0.7791168075048643,0.7793198585452106,0.7725596000243887,-0.006760258520821849
cancer,30,1,distance,0.7805941852762197,0.776751417596488,0.7725596000243887,-0.004191817572099299
cancer,23,2,distance,0.7775556541515025,0.7705665813060179,0.7725596000243887,0.001993018718370876
cancer,25,1,uniform,0.7796913148808409,0.765601182854704,0.7725596000243887,0.006958417169684705
cancer,19,1,uniform,0.7755198063617108,0.7582045302115725,0.7725596000243887,0.014355069812816201
cancer,9,1,distance,0.760847091295439,0.7607767819035426,0.7725596000243887,0.011782818120846139
cancer,4,1,distance,0.7211457165331242,0.7318799158587892,0.7725596000243887,0.04067968416559953
cancer,14,2,distance,0.7735227211778003,0.7665310042070606,0.7725596000243887,0.006028595817328175
cancer,9,2,uniform,0.7648691021138991,0.7480946283763185,0.7725596000243887,0.024464971648070266
cancer,2,2,distance,0.6719899738264605,0.705075147856838,0.7725596000243887,0.06748445216755072
cancer,15,2,uniform,0.7739650527627812,0.7592524846045973,0.7725596000243887,0.01330711541979146
cancer,12,1,distance,0.7653403057223893,0.7645875251509053,0.7725596000243887,0.007972074873483392
cancer,15,1,distance,0.7704862727206203,0.7639854277178221,0.7725596000243887,0.008574172306566652
cancer,17,2,distance,0.7735501710138036,0.7668320529236022,0.7725596000243887,0.00572754710078649
cancer,8,2,distance,0.7617127553340305,0.7551559356136821,0.7725596000243887,0.01740366441070662
cancer,30,2,distance,0.7823233907041521,0.7803563807084934,0.7725596000243887,-0.0077967806841047205
cancer,10,2,distance,0.7684403316702084,0.7565278031827327,0.7725596000243887,0.01603179684165601
cancer,29,1,distance,0.7790618951012507,0.7765837448936039,0.7725596000243887,-0.004024144869215207
cancer,26,2,distance,0.7810303297469405,0.772624382659594,0.7725596000243887,-6.478263520526273e-05
cancer,10,2,distance,0.7684403316702084,0.7565278031827327,0.7725596000243887,0.01603179684165601
cancer,14,1,distance,0.7660192044131205,0.7624992378513504,0.7725596000243887,0.010060362173038295
cancer,15,2,distance,0.7735054571187613,0.7668892140723127,0.7725596000243887,0.005670385952076029
cancer,23,2,uniform,0.7776015410072605,0.7638025120419487,0.7725596000243887,0.008757087982440015
cancer,30,2,uniform,0.7791168075048643,0.7793198585452106,0.7725596000243887,-0.006760258520821849
cancer,16,1,distance,0.7710256897775585,0.764351259069569,0.7725596000243887,0.008208340954819704
cancer,15,1,distance,0.7704862727206203,0.7639854277178221,0.7725596000243887,0.008574172306566652
cancer,26,1,distance,0.7786408900747371,0.7720642034022316,0.7725596000243887,0.0004953966221571404
cancer,28,2,uniform,0.7802687290390397,0.7702769648192184,0.7725596000243887,0.002282635205170358
cancer,9,1,uniform,0.7618141597244474,0.7531514846655691,0.7725596000243887,0.01940811535881959
cancer,13,1,uniform,0.7660668797692867,0.7483956770928601,0.7725596000243887,0.02416392293152858
cancer,7,1,distance,0.7501544993459688,0.7438265959392719,0.7725596000243887,0.02873300408511681
cancer,1,2,distance,0.6174099764779228,0.6610801170660325,0.7725596000243887,0.11147948295835619
cancer,24,1,uniform,0.7804160234569485,0.7669273215047863,0.7725596000243887,0.005632278519602463
cancer,19,1,distance,0.7744989121829109,0.7673846106944698,0.7725596000243887,0.005174989329918889
cancer,3,1,uniform,0.6978542589203374,0.7032193158953723,0.7725596000243887,0.06934028412901638
cancer,27,1,distance,0.778433402406009,0.7737142552283398,0.7725596000243887,-0.0011546552039510827
cancer,7,2,uniform,0.7560634916965834,0.7393261081641364,0.7725596000243887,0.03323349186025237
cancer,28,1,uniform,0.7774328066972462,0.7691261203585147,0.7725596000243887,0.0034334796658740396
cancer,8,2,distance,0.7617127553340305,0.7551559356136821,0.7725596000243887,0.01740366441070662
cancer,1,2,uniform,0.6174099764779228,0.6610801170660325,0.7725596000243887,0.11147948295835619
cancer,23,2,distance,0.7775556541515025,0.7705665813060179,0.7725596000243887,0.001993018718370876
cancer,5,1,distance,0.7333457036306904,0.7493826595939271,0.7725596000243887,0.02317694043046159
cancer,8,2,uniform,0.7618488611710695,0.7461473385769161,0.7725596000243887,0.026412261447472662
cancer,3,1,uniform,0.6978542589203374,0.7032193158953723,0.7725596000243887,0.06934028412901638
cancer,5,1,distance,0.7333457036306904,0.7493826595939271,0.7725596000243887,0.02317694043046159
cancer,3,1,uniform,0.6978542589203374,0.7032193158953723,0.7725596000243887,0.06934028412901638
cancer,26,1,uniform,0.7777348606326291,0.7641111822449851,0.7725596000243887,0.008448417779403639
cancer,14,1,uniform,0.7657905537759063,0.747511584659472,0.7725596000243887,0.025048015364916743
cancer,9,1,uniform,0.7618141597244474,0.7531514846655691,0.7725596000243887,0.01940811535881959
cancer,26,2,distance,0.7810303297469405,0.772624382659594,0.7725596000243887,-6.478263520526273e-05
cancer,13,1,uniform,0.7660668797692867,0.7483956770928601,0.7725596000243887,0.02416392293152858
cancer,7,1,distance,0.7501544993459688,0.7438265959392719,0.7725596000243887,0.02873300408511681
cancer,29,2,distance,0.7832031813764491,0.7781613925980123,0.7725596000243887,-0.005601792573623587
cancer,30,1,uniform,0.7803771835233071,0.772468142186452,0.7725596000243887,9.145783793673701e-05
cancer,7,1,uniform,0.7496555644659532,0.7317236753856473,0.7725596000243887,0.04083592463874142
cancer,11,1,distance,0.765412952718432,0.7633947625144808,0.7725596000243887,0.00916483750990793
cancer,13,2,uniform,0.7715836833211883,0.7569279312237059,0.7725596000243887,0.015631668800682785
cancer,27,1,distance,0.778433402406009,0.7737142552283398,0.7725596000243887,-0.0011546552039510827
cancer,28,2,distance,0.783244783622078,0.7734589354307665,0.7725596000243887,-0.0008993354063777659
cancer,13,2,uniform,0.7715836833211883,0.7569279312237059,0.7725596000243887,0.015631668800682785
cancer,21,2,distance,0.7776194358839204,0.7705703920492653,0.7725596000243887,0.001989207975123475
cancer,28,2,distance,0.783244783622078,0.7734589354307665,0.7725596000243887,-0.0008993354063777659
cancer,20,2,distance,0.77761614813628,0.7700140235351504,0.7725596000243887,0.002545576489238366
cancer,11,2,distance,0.7691280076647955,0.7613674471068836,0.7725596000243887,0.011192152917505083
cancer,23,2,uniform,0.7776015410072605,0.7638025120419487,0.7725596000243887,0.008757087982440015
cancer,7,2,uniform,0.7560634916965834,0.7393261081641364,0.7725596000243887,0.03323349186025237
cancer,1,1,uniform,0.6093224905643514,0.6702335223461984,0.7725596000243887,0.10232607767819035
cancer,30,1,distance,0.7805941852762197,0.776751417596488,0.7725596000243887,-0.004191817572099299
cancer,13,1,uniform,0.7660668797692867,0.7483956770928601,0.7725596000243887,0.02416392293152858
cancer,7,2,distance,0.7572813325329771,0.7509679287848303,0.7725596000243887,0.021591671239558408
cancer,27,1,distance,0.778433402406009,0.7737142552283398,0.7725596000243887,-0.0011546552039510827
cancer,5,1,uniform,0.7315834388654002,0.7411400219498812,0.7725596000243887,0.03141957807450757
cancer,10,2,distance,0.7684403316702084,0.7565278031827327,0.7725596000243887,0.01603179684165601
cancer,15,1,distance,0.7704862727206203,0.7639854277178221,0.7725596000243887,0.008574172306566652
cancer,24,1,distance,0.7788540957538495,0.7725596000243887,0.7725596000243887,0.0
cancer,17,2,uniform,0.7736669842224281,0.7570193890616426,0.7725596000243887,0.01554021096274616
cancer,26,2,distance,0.7810303297469405,0.772624382659594,0.7725596000243887,-6.478263520526273e-05
cancer,30,1,distance,0.7805941852762197,0.776751417596488,0.7725596000243887,-0.004191817572099299
cancer,3,1,uniform,0.6978542589203374,0.7032193158953723,0.7725596000243887,0.06934028412901638
cancer,17,2,uniform,0.7736669842224281,0.7570193890616426,0.7725596000243887,0.01554021096274616
cancer,27,1,distance,0.778433402406009,0.7737142552283398,0.7725596000243887,-0.0011546552039510827
cancer,2,2,distance,0.6719899738264605,0.705075147856838,0.7725596000243887,0.06748445216755072
cancer,23,1,distance,0.7779716123690165,0.7741601121882813,0.7725596000243887,-0.0016005121638925646
cancer,1,1,uniform,0.6093224905643514,0.6702335223461984,0.7725596000243887,0.10232607767819035
alzheimer,7,2,uniform,0.7078680207142811,0.6724289171203873,0.7375529340592861,0.0651240169388988
alzheimer,15,1,distance,0.7456196244890843,0.7424228675136118,0.7375529340592861,-0.004869933454325626
alzheimer,29,1,uniform,0.7726845955291246,0.7495084694494858,0.7375529340592861,-0.011955535390199667
alzheimer,26,1,uniform,0.7637545481988003,0.7416364186327887,0.7375529340592861,-0.004083484573502605
alzheimer,11,1,distance,0.7343879544970265,0.7147156684815487,0.7375529340592861,0.022837265577737464
alzheimer,21,2,distance,0.7539825594534737,0.7200393224440411,0.7375529340592861,0.017513611615245006
alzheimer,24,1,distance,0.7601922027649174,0.7375529340592861,0.7375529340592861,0.0
alzheimer,21,2,distance,0.7539825594534737,0.7200393224440411,0.7375529340592861,0.017513611615245006
alzheimer,12,2,distance,0.728644148441586,0.6991833030852995,0.7375529340592861,0.0383696309739866
alzheimer,2,2,distance,0.630048884056848,0.6095130066545675,0.7375529340592861,0.1280399274047186
alzheimer,21,1,distance,0.7548731912132188,0.7377797943133696,0.7375529340592861,-0.00022686025408347188
alzheimer,26,2,uniform,0.7567402732309242,0.735382637628554,0.7375529340592861,0.002170296430732077
alzheimer,12,1,uniform,0.7315954734323848,0.7302934059286147,0.7375529340592861,0.007259528130671433
alzheimer,27,1,uniform,0.7662746014373438,0.745039322444041,0.7375529340592861,-0.007486388384754905
alzheimer,10,2,distance,0.7219202196695271,0.6797186932849364,0.7375529340592861,0.05783424077434973
alzheimer,28,2,uniform,0.7594138634910795,0.7346339987900786,0.7375529340592861,0.002918935269207501
alzheimer,30,2,uniform,0.7590321901090599,0.7415154264972778,0.7375529340592861,-0.003962492437991627
alzheimer,30,1,distance,0.7742658311217868,0.7535390199637023,0.7375529340592861,-0.015986085904416192
alzheimer,23,2,distance,0.7566359713693509,0.7305958862673927,0.7375529340592861,0.006957047791893434
alzheimer,25,1,uniform,0.7620451599416282,0.7404416212946159,0.7375529340592861,-0.0028886872353297566
alzheimer,19,1,uniform,0.751415490672762,0.7301119177253478,0.7375529340592861,0.007441016333938344
alzheimer,9,1,distance,0.72749904758215,0.6998260738052026,0.7375529340592861,0.03772686025408356
alzheimer,4,1,distance,0.6865423357805629,0.6514367816091955,0.7375529340592861,0.08611615245009063
alzheimer,14,2,distance,0.7401137816477151,0.7102692075015123,0.7375529340592861,0.02728372655777378
alzheimer,9,2,uniform,0.7124992937579504,0.6701451905626133,0.7375529340592861,0.06740774349667278
alzheimer,2,2,distance,0.630048884056848,0.6095130066545675,0.7375529340592861,0.1280399274047186
alzheimer,15,2,uniform,0.7432054268446235,0.7124924379915307,0.7375529340592861,0.0250604960677554
alzheimer,12,1,distance,0.7357012418560203,0.7265275257108288,0.7375529340592861,0.011025408348457333
alzheimer,15,1,distance,0.7456196244890843,0.7424228675136118,0.7375529340592861,-0.004869933454325626
alzheimer,17,2,distance,0.7456700098147466,0.7099364791288567,0.7375529340592861,0.027616454930429413
alzheimer,8,2,distance,0.7143013409720472,0.6779643073200242,0.7375529340592861,0.05958862673926191
alzheimer,30,2,distance,0.7608302016543014,0.741470054446461,0.7375529340592861,-0.003917120387174844
alzheimer,10,2,distance,0.7219202196695271,0.6797186932849364,0.7375529340592861,0.05783424077434973
alzheimer,29,1,distance,0.774437750615036,0.7517241379310344,0.7375529340592861,-0.014171203871748306
alzheimer,26,2,distance,0.7584353146853147,0.7350877192982457,0.7375529340592861,0.0024652147610404462
alzheimer,10,2,distance,0.7219202196695271,0.6797186932849364,0.7375529340592861,0.05783424077434973
alzheimer,14,1,distance,0.7427998219462901,0.7397156684815487,0.7375529340592861,-0.0021627344222625577
alzheimer,15,2,distance,0.7451245084555334,0.710919540229885,0.7375529340592861,0.02663339382940111
alzheimer,23,2,uniform,0.7547998227534238,0.731140350877193,0.7375529340592861,0.006412583182093146
alzheimer,30,2,uniform,0.7590321901090599,0.7415154264972778,0.7375529340592861,-0.003962492437991627
alzheimer,16,1,distance,0.7457075011784153,0.7354355716878405,0.7375529340592861,0.0021173623714456635
alzheimer,15,1,distance,0.7456196244890843,0.7424228675136118,0.7375529340592861,-0.004869933454325626
alzheimer,26,1,distance,0.7656397503696672,0.7439352692075015,0.7375529340592861,-0.006382335148215401
alzheimer,28,2,uniform,0.7594138634910795,0.7346339987900786,0.7375529340592861,0.002918935269207501
alzheimer,9,1,uniform,0.72487953528466,0.7016787658802177,0.7375529340592861,0.03587416817906841
alzheimer,13,1,uniform,0.734856253511032,0.7408650937689051,0.7375529340592861,-0.003312159709618956
alzheimer,7,1,distance,0.7141317016317016,0.689534180278282,0.7375529340592861,0.048018753781004175
alzheimer,1,2,distance,0.5935130658814869,0.5685269207501512,0.7375529340592861,0.16902601330913491
alzheimer,24,1,uniform,0.7567280855109801,0.7349969751966121,0.7375529340592861,0.0025559588626740126
alzheimer,19,1,distance,0.7540777205250888,0.7333787053841501,0.7375529340592861,0.00417422867513606
alzheimer,3,1,uniform,0.6580228491499268,0.6371370235934664,0.7375529340592861,0.10041591046581977
alzheimer,27,1,distance,0.7680971498492274,0.7474289171203872,0.7375529340592861,-0.009875983061101046
alzheimer,7,2,uniform,0.7078680207142811,0.6724289171203873,0.7375529340592861,0.0651240169388988
alzheimer,28,1,uniform,0.7717517304948054,0.7470583787053842,0.7375529340592861,-0.009505444646098038
alzheimer,8,2,distance,0.7143013409720472,0.6779643073200242,0.7375529340592861,0.05958862673926191
alzheimer,1,2,uniform,0.5935130658814869,0.5685269207501512,0.7375529340592861,0.16902601330913491
alzheimer,23,2,distance,0.7566359713693509,0.7305958862673927,0.7375529340592861,0.006957047791893434
alzheimer,5,1,distance,0.7012376791029838,0.669532667876588,0.7375529340592861,0.06802026618269807
alzheimer,8,2,uniform,0.7110095669565892,0.6754612825166364,0.7375529340592861,0.06209165154264973
alzheimer,3,1,uniform,0.6580228491499268,0.6371370235934664,0.7375529340592861,0.10041591046581977
alzheimer,5,1,distance,0.7012376791029838,0.669532667876588,0.7375529340592861,0.06802026618269807
alzheimer,3,1,uniform,0.6580228491499268,0.6371370235934664,0.7375529340592861,0.10041591046581977
alzheimer,26,1,uniform,0.7637545481988003,0.7416364186327887,0.7375529340592861,-0.004083484573502605
alzheimer,14,1,uniform,0.7388412747225075,0.7410314579552328,0.7375529340592861,-0.003478523895946717
alzheimer,9,1,uniform,0.72487953528466,0.7016787658802177,0.7375529340592861,0.03587416817906841
alzheimer,26,2,distance,0.7584353146853147,0.7350877192982457,0.7375529340592861,0.0024652147610404462
alzheimer,13,1,uniform,0.734856253511032,0.7408650937689051,0.7375529340592861,-0.003312159709618956
alzheimer,7,1,distance,0.7141317016317016,0.689534180278282,0.7375529340592861,0.048018753781004175
alzheimer,29,2,distance,0.7600501472211999,0.7361917725347853,0.7375529340592861,0.0013611615245008313
alzheimer,30,1,uniform,0.7725208280869638,0.751731699939504,0.7375529340592861,-0.014178765880217825
alzheimer,7,1,uniform,0.7081446859926778,0.6900483968542045,0.7375529340592861,0.04750453720508163
alzheimer,11,1,distance,0.7343879544970265,0.7147156684815487,0.7375529340592861,0.022837265577737464
alzheimer,13,2,uniform,0.7361403024491668,0.7067679975801574,0.7375529340592861,0.03078493647912872
alzheimer,27,1,distance,0.7680971498492274,0.7474289171203872,0.7375529340592861,-0.009875983061101046
alzheimer,28,2,distance,0.7613347409746302,0.7349062310949788,0.7375529340592861,0.002646702964307357
alzheimer,13,2,uniform,0.7361403024491668,0.7067679975801574,0.7375529340592861,0.03078493647912872
alzheimer,21,2,distance,0.7539825594534737,0.7200393224440411,0.7375529340592861,0.017513611615245006
alzheimer,28,2,distance,0.7613347409746302,0.7349062310949788,0.7375529340592861,0.002646702964307357
alzheimer,20,2,distance,0.7524727753779,0.7181336963097399,0.7375529340592861,0.019419237749546236
alzheimer,11,2,distance,0.7271835793477068,0.6963248638838475,0.7375529340592861,0.041228070175438614
alzheimer,23,2,uniform,0.7547998227534238,0.731140350877193,0.7375529340592861,0.006412583182093146
alzheimer,7,2,uniform,0.7078680207142811,0.6724289171203873,0.7375529340592861,0.0651240169388988
alzheimer,1,1,uniform,0.6029022512575144,0.5307168784029038,0.7375529340592861,0.2068360556563823
alzheimer,30,1,distance,0.7742658311217868,0.7535390199637023,0.7375529340592861,-0.015986085904416192
alzheimer,13,1,uniform,0.734856253511032,0.7408650937689051,0.7375529340592861,-0.003312159709618956
alzheimer,7,2,distance,0.7094150943700805,0.6745916515426498,0.7375529340592861,0.06296128251663635
alzheimer,27,1,distance,0.7680971498492274,0.7474289171203872,0.7375529340592861,-0.009875983061101046
alzheimer,5,1,uniform,0.6955608651505465,0.6814579552329099,0.7375529340592861,0.05609497882637626
alzheimer,10,2,distance,0.7219202196695271,0.6797186932849364,0.7375529340592861,0.05783424077434973
alzheimer,15,1,distance,0.7456196244890843,0.7424228675136118,0.7375529340592861,-0.004869933454325626
alzheimer,24,1,distance,0.7601922027649174,0.7375529340592861,0.7375529340592861,0.0
alzheimer,17,2,uniform,0.7430647030716283,0.708529945553539,0.7375529340592861,0.029022988505747138
alzheimer,26,2,distance,0.7584353146853147,0.7350877192982457,0.7375529340592861,0.0024652147610404462
alzheimer,30,1,distance,0.7742658311217868,0.7535390199637023,0.7375529340592861,-0.015986085904416192
alzheimer,3,1,uniform,0.6580228491499268,0.6371370235934664,0.7375529340592861,0.10041591046581977
alzheimer,17,2,uniform,0.7430647030716283,0.708529945553539,0.7375529340592861,0.029022988505747138
alzheimer,27,1,distance,0.7680971498492274,0.7474289171203872,0.7375529340592861,-0.009875983061101046
alzheimer,2,2,distance,0.630048884056848,0.6095130066545675,0.7375529340592861,0.1280399274047186
alzheimer,23,1,distance,0.7583841424042256,0.7385057471264368,0.7375529340592861,-0.0009528130671506707
alzheimer,1,1,uniform,0.6029022512575144,0.5307168784029038,0.7375529340592861,0.2068360556563823
