dataset,params,cv_roc_auc,test_roc_auc,mean_test_roc_auc,used_params,diff_from_mean
heart,"{'metric': 'minkowski', 'n_neighbors': 39, 'p': 2, 'weights': 'uniform'}",0.7392809195952401,0.7055001745471471,0.714246926030798,"{'n_neighbors': 25, 'p': 2, 'weights': 'distance', 'metric': 'minkowski'}",0.008746751483650894
heart,"{'metric': 'minkowski', 'n_neighbors': 15, 'p': 1, 'weights': 'distance'}",0.7598348292798481,0.7300725340366937,0.714246926030798,"{'n_neighbors': 25, 'p': 2, 'weights': 'distance', 'metric': 'minkowski'}",-0.01582560800589572
heart,"{'metric': 'minkowski', 'n_neighbors': 21, 'p': 1, 'weights': 'distance'}",0.7579416812837972,0.725767037740972,0.714246926030798,"{'n_neighbors': 25, 'p': 2, 'weights': 'distance', 'metric': 'minkowski'}",-0.011520111710173975
heart,"{'metric': 'minkowski', 'n_neighbors': 19, 'p': 1, 'weights': 'uniform'}",0.7489570923126317,0.7182421162871883,0.714246926030798,"{'n_neighbors': 25, 'p': 2, 'weights': 'distance', 'metric': 'minkowski'}",-0.00399519025639028
heart,"{'metric': 'minkowski', 'n_neighbors': 11, 'p': 2, 'weights': 'uniform'}",0.73427498607896,0.6875993949032233,0.714246926030798,"{'n_neighbors': 25, 'p': 2, 'weights': 'distance', 'metric': 'minkowski'}",0.026647531127574675
heart,"{'metric': 'minkowski', 'n_neighbors': 36, 'p': 2, 'weights': 'distance'}",0.7424596975126786,0.7182421162871884,0.714246926030798,"{'n_neighbors': 25, 'p': 2, 'weights': 'distance', 'metric': 'minkowski'}",-0.003995190256390391
heart,"{'metric': 'minkowski', 'n_neighbors': 3, 'p': 2, 'weights': 'uniform'}",0.6725518058086923,0.6670222256700671,0.714246926030798,"{'n_neighbors': 25, 'p': 2, 'weights': 'distance', 'metric': 'minkowski'}",0.0472247003607309
heart,"{'metric': 'minkowski', 'n_neighbors': 2, 'p': 2, 'weights': 'distance'}",0.6551812522648024,0.694270974748846,0.714246926030798,"{'n_neighbors': 25, 'p': 2, 'weights': 'distance', 'metric': 'minkowski'}",0.019975951281951954
heart,"{'metric': 'minkowski', 'n_neighbors': 30, 'p': 2, 'weights': 'distance'}",0.7447116508802274,0.7189015166207673,0.714246926030798,"{'n_neighbors': 25, 'p': 2, 'weights': 'distance', 'metric': 'minkowski'}",-0.00465459058996931
heart,"{'metric': 'minkowski', 'n_neighbors': 21, 'p': 1, 'weights': 'distance'}",0.7579416812837972,0.725767037740972,0.714246926030798,"{'n_neighbors': 25, 'p': 2, 'weights': 'distance', 'metric': 'minkowski'}",-0.011520111710173975
heart,"{'metric': 'minkowski', 'n_neighbors': 22, 'p': 1, 'weights': 'distance'}",0.7632093352137349,0.7264264380745509,0.714246926030798,"{'n_neighbors': 25, 'p': 2, 'weights': 'distance', 'metric': 'minkowski'}",-0.012179512043752894
heart,"{'metric': 'minkowski', 'n_neighbors': 25, 'p': 1, 'weights': 'uniform'}",0.7554372090947152,0.7279585741437493,0.714246926030798,"{'n_neighbors': 25, 'p': 2, 'weights': 'distance', 'metric': 'minkowski'}",-0.013711648112951336
heart,"{'metric': 'minkowski', 'n_neighbors': 42, 'p': 2, 'weights': 'distance'}",0.7452467276874183,0.7090105116170823,0.714246926030798,"{'n_neighbors': 25, 'p': 2, 'weights': 'distance', 'metric': 'minkowski'}",0.005236414413715695
heart,"{'metric': 'minkowski', 'n_neighbors': 16, 'p': 1, 'weights': 'distance'}",0.7572697439612136,0.7310034521546875,0.714246926030798,"{'n_neighbors': 25, 'p': 2, 'weights': 'distance', 'metric': 'minkowski'}",-0.01675652612388956
heart,"{'metric': 'minkowski', 'n_neighbors': 47, 'p': 2, 'weights': 'uniform'}",0.7409778001432249,0.7029789379775805,0.714246926030798,"{'n_neighbors': 25, 'p': 2, 'weights': 'distance', 'metric': 'minkowski'}",0.011267988053217493
heart,"{'metric': 'minkowski', 'n_neighbors': 44, 'p': 1, 'weights': 'distance'}",0.7683513802920673,0.7430665994336915,0.714246926030798,"{'n_neighbors': 25, 'p': 2, 'weights': 'distance', 'metric': 'minkowski'}",-0.028819673402893486
heart,"{'metric': 'minkowski', 'n_neighbors': 3, 'p': 1, 'weights': 'uniform'}",0.68557173338502,0.6603312516969861,0.714246926030798,"{'n_neighbors': 25, 'p': 2, 'weights': 'distance', 'metric': 'minkowski'}",0.053915674333811836
heart,"{'metric': 'minkowski', 'n_neighbors': 7, 'p': 1, 'weights': 'uniform'}",0.7445869657763282,0.6740622939373958,0.714246926030798,"{'n_neighbors': 25, 'p': 2, 'weights': 'distance', 'metric': 'minkowski'}",0.04018463209340217
heart,"{'metric': 'minkowski', 'n_neighbors': 39, 'p': 2, 'weights': 'distance'}",0.7440394033265845,0.7118420542259803,0.714246926030798,"{'n_neighbors': 25, 'p': 2, 'weights': 'distance', 'metric': 'minkowski'}",0.002404871804817632
heart,"{'metric': 'minkowski', 'n_neighbors': 25, 'p': 2, 'weights': 'distance'}",0.7453194676101642,0.714246926030798,0.714246926030798,"{'n_neighbors': 25, 'p': 2, 'weights': 'distance', 'metric': 'minkowski'}",0.0
heart,"{'metric': 'minkowski', 'n_neighbors': 9, 'p': 2, 'weights': 'uniform'}",0.7211326457254837,0.6725689461231139,0.714246926030798,"{'n_neighbors': 25, 'p': 2, 'weights': 'distance', 'metric': 'minkowski'}",0.04167797990768407
heart,"{'metric': 'minkowski', 'n_neighbors': 2, 'p': 2, 'weights': 'distance'}",0.6551812522648024,0.694270974748846,0.714246926030798,"{'n_neighbors': 25, 'p': 2, 'weights': 'distance', 'metric': 'minkowski'}",0.019975951281951954
heart,"{'metric': 'minkowski', 'n_neighbors': 47, 'p': 2, 'weights': 'uniform'}",0.7409778001432249,0.7029789379775805,0.714246926030798,"{'n_neighbors': 25, 'p': 2, 'weights': 'distance', 'metric': 'minkowski'}",0.011267988053217493
heart,"{'metric': 'minkowski', 'n_neighbors': 44, 'p': 1, 'weights': 'distance'}",0.7683513802920673,0.7430665994336915,0.714246926030798,"{'n_neighbors': 25, 'p': 2, 'weights': 'distance', 'metric': 'minkowski'}",-0.028819673402893486
heart,"{'metric': 'minkowski', 'n_neighbors': 47, 'p': 1, 'weights': 'distance'}",0.7728764105210744,0.7464799658663356,0.714246926030798,"{'n_neighbors': 25, 'p': 2, 'weights': 'distance', 'metric': 'minkowski'}",-0.0322330398355376
heart,"{'metric': 'minkowski', 'n_neighbors': 17, 'p': 2, 'weights': 'distance'}",0.7371170695333376,0.7081571700089213,0.714246926030798,"{'n_neighbors': 25, 'p': 2, 'weights': 'distance', 'metric': 'minkowski'}",0.006089756021876669
heart,"{'metric': 'minkowski', 'n_neighbors': 40, 'p': 2, 'weights': 'distance'}",0.7453344976104337,0.7101741592645747,0.714246926030798,"{'n_neighbors': 25, 'p': 2, 'weights': 'distance', 'metric': 'minkowski'}",0.004072766766223257
heart,"{'metric': 'minkowski', 'n_neighbors': 6, 'p': 2, 'weights': 'distance'}",0.7185112291604601,0.6909351848260347,0.714246926030798,"{'n_neighbors': 25, 'p': 2, 'weights': 'distance', 'metric': 'minkowski'}",0.023311741204763314
heart,"{'metric': 'minkowski', 'n_neighbors': 4, 'p': 2, 'weights': 'uniform'}",0.7058482478844326,0.6791629494589038,0.714246926030798,"{'n_neighbors': 25, 'p': 2, 'weights': 'distance', 'metric': 'minkowski'}",0.035083976571894215
heart,"{'metric': 'minkowski', 'n_neighbors': 18, 'p': 2, 'weights': 'distance'}",0.7360324184048326,0.7112602304022342,0.714246926030798,"{'n_neighbors': 25, 'p': 2, 'weights': 'distance', 'metric': 'minkowski'}",0.0029866956285637958
heart,"{'metric': 'minkowski', 'n_neighbors': 34, 'p': 2, 'weights': 'distance'}",0.743790118779601,0.7163027035413677,0.714246926030798,"{'n_neighbors': 25, 'p': 2, 'weights': 'distance', 'metric': 'minkowski'}",-0.002055777510569734
heart,"{'metric': 'minkowski', 'n_neighbors': 36, 'p': 2, 'weights': 'uniform'}",0.7389792141023075,0.7136263139521353,0.714246926030798,"{'n_neighbors': 25, 'p': 2, 'weights': 'distance', 'metric': 'minkowski'}",0.0006206120786627078
heart,"{'metric': 'minkowski', 'n_neighbors': 48, 'p': 1, 'weights': 'distance'}",0.7728962537330751,0.7457429890229239,0.714246926030798,"{'n_neighbors': 25, 'p': 2, 'weights': 'distance', 'metric': 'minkowski'}",-0.03149606299212593
heart,"{'metric': 'minkowski', 'n_neighbors': 14, 'p': 1, 'weights': 'distance'}",0.7597841794291249,0.7276288739769599,0.714246926030798,"{'n_neighbors': 25, 'p': 2, 'weights': 'distance', 'metric': 'minkowski'}",-0.013381947946161876
heart,"{'metric': 'minkowski', 'n_neighbors': 40, 'p': 1, 'weights': 'distance'}",0.7685315967555574,0.7361622900585703,0.714246926030798,"{'n_neighbors': 25, 'p': 2, 'weights': 'distance', 'metric': 'minkowski'}",-0.021915364027772277
heart,"{'metric': 'minkowski', 'n_neighbors': 45, 'p': 2, 'weights': 'uniform'}",0.7406185259524024,0.7012722547612582,0.714246926030798,"{'n_neighbors': 25, 'p': 2, 'weights': 'distance', 'metric': 'minkowski'}",0.012974671269539773
heart,"{'metric': 'minkowski', 'n_neighbors': 24, 'p': 2, 'weights': 'uniform'}",0.742967464726034,0.7101741592645748,0.714246926030798,"{'n_neighbors': 25, 'p': 2, 'weights': 'distance', 'metric': 'minkowski'}",0.004072766766223146
heart,"{'metric': 'minkowski', 'n_neighbors': 45, 'p': 1, 'weights': 'uniform'}",0.7654936625814021,0.7428920522865676,0.714246926030798,"{'n_neighbors': 25, 'p': 2, 'weights': 'distance', 'metric': 'minkowski'}",-0.02864512625576965
heart,"{'metric': 'minkowski', 'n_neighbors': 15, 'p': 1, 'weights': 'uniform'}",0.757283278369959,0.7236724719754859,0.714246926030798,"{'n_neighbors': 25, 'p': 2, 'weights': 'distance', 'metric': 'minkowski'}",-0.009425545944687919
heart,"{'metric': 'minkowski', 'n_neighbors': 25, 'p': 1, 'weights': 'uniform'}",0.7554372090947152,0.7279585741437493,0.714246926030798,"{'n_neighbors': 25, 'p': 2, 'weights': 'distance', 'metric': 'minkowski'}",-0.013711648112951336
heart,"{'metric': 'minkowski', 'n_neighbors': 24, 'p': 1, 'weights': 'distance'}",0.7623721604944732,0.7282106978007059,0.714246926030798,"{'n_neighbors': 25, 'p': 2, 'weights': 'distance', 'metric': 'minkowski'}",-0.013963771769907929
heart,"{'metric': 'minkowski', 'n_neighbors': 8, 'p': 2, 'weights': 'uniform'}",0.7192768493174407,0.6825181335091733,0.714246926030798,"{'n_neighbors': 25, 'p': 2, 'weights': 'distance', 'metric': 'minkowski'}",0.03172879252162464
heart,"{'metric': 'minkowski', 'n_neighbors': 11, 'p': 1, 'weights': 'uniform'}",0.7504103234061554,0.7039486443504908,0.714246926030798,"{'n_neighbors': 25, 'p': 2, 'weights': 'distance', 'metric': 'minkowski'}",0.01029828168030722
heart,"{'metric': 'minkowski', 'n_neighbors': 8, 'p': 1, 'weights': 'uniform'}",0.7488832758418072,0.6816841860284706,0.714246926030798,"{'n_neighbors': 25, 'p': 2, 'weights': 'distance', 'metric': 'minkowski'}",0.032562740002327395
heart,"{'metric': 'minkowski', 'n_neighbors': 33, 'p': 1, 'weights': 'uniform'}",0.7569560598451457,0.7276482681044181,0.714246926030798,"{'n_neighbors': 25, 'p': 2, 'weights': 'distance', 'metric': 'minkowski'}",-0.013401342073620093
heart,"{'metric': 'minkowski', 'n_neighbors': 42, 'p': 1, 'weights': 'distance'}",0.7685747975881247,0.7415926457468679,0.714246926030798,"{'n_neighbors': 25, 'p': 2, 'weights': 'distance', 'metric': 'minkowski'}",-0.027345719716069916
heart,"{'metric': 'minkowski', 'n_neighbors': 41, 'p': 2, 'weights': 'uniform'}",0.7394327024560947,0.7020286257321282,0.714246926030798,"{'n_neighbors': 25, 'p': 2, 'weights': 'distance', 'metric': 'minkowski'}",0.01221830029866977
heart,"{'metric': 'minkowski', 'n_neighbors': 9, 'p': 2, 'weights': 'distance'}",0.7224186970054739,0.6891315309724215,0.714246926030798,"{'n_neighbors': 25, 'p': 2, 'weights': 'distance', 'metric': 'minkowski'}",0.025115395058376455
heart,"{'metric': 'minkowski', 'n_neighbors': 34, 'p': 1, 'weights': 'distance'}",0.7667540885443893,0.7308095108801056,0.714246926030798,"{'n_neighbors': 25, 'p': 2, 'weights': 'distance', 'metric': 'minkowski'}",-0.016562584849307616
heart,"{'metric': 'minkowski', 'n_neighbors': 23, 'p': 2, 'weights': 'distance'}",0.7435376578369969,0.7140529847562159,0.714246926030798,"{'n_neighbors': 25, 'p': 2, 'weights': 'distance', 'metric': 'minkowski'}",0.00019394127458205457
mushrooms,"{'metric': 'minkowski', 'n_neighbors': 39, 'p': 2, 'weights': 'uniform'}",0.9999320146979469,0.9999849501120488,1.0,"{'n_neighbors': 25, 'p': 2, 'weights': 'distance', 'metric': 'minkowski'}",1.5049887951201768e-05
mushrooms,"{'metric': 'minkowski', 'n_neighbors': 15, 'p': 1, 'weights': 'distance'}",1.0,1.0,1.0,"{'n_neighbors': 25, 'p': 2, 'weights': 'distance', 'metric': 'minkowski'}",0.0
mushrooms,"{'metric': 'minkowski', 'n_neighbors': 21, 'p': 1, 'weights': 'distance'}",1.0,1.0,1.0,"{'n_neighbors': 25, 'p': 2, 'weights': 'distance', 'metric': 'minkowski'}",0.0
mushrooms,"{'metric': 'minkowski', 'n_neighbors': 19, 'p': 1, 'weights': 'uniform'}",0.9999927214914208,0.9999985435592306,1.0,"{'n_neighbors': 25, 'p': 2, 'weights': 'distance', 'metric': 'minkowski'}",1.4564407694317438e-06
mushrooms,"{'metric': 'minkowski', 'n_neighbors': 11, 'p': 2, 'weights': 'uniform'}",0.9999981105630656,1.0,1.0,"{'n_neighbors': 25, 'p': 2, 'weights': 'distance', 'metric': 'minkowski'}",0.0
mushrooms,"{'metric': 'minkowski', 'n_neighbors': 36, 'p': 2, 'weights': 'distance'}",0.9999773327373711,0.9999932032764092,1.0,"{'n_neighbors': 25, 'p': 2, 'weights': 'distance', 'metric': 'minkowski'}",6.796723590829501e-06
mushrooms,"{'metric': 'minkowski', 'n_neighbors': 3, 'p': 2, 'weights': 'uniform'}",1.0,1.0,1.0,"{'n_neighbors': 25, 'p': 2, 'weights': 'distance', 'metric': 'minkowski'}",0.0
mushrooms,"{'metric': 'minkowski', 'n_neighbors': 2, 'p': 2, 'weights': 'distance'}",1.0,1.0,1.0,"{'n_neighbors': 25, 'p': 2, 'weights': 'distance', 'metric': 'minkowski'}",0.0
mushrooms,"{'metric': 'minkowski', 'n_neighbors': 30, 'p': 2, 'weights': 'distance'}",0.9999816464462027,0.999996116157948,1.0,"{'n_neighbors': 25, 'p': 2, 'weights': 'distance', 'metric': 'minkowski'}",3.883842051966013e-06
mushrooms,"{'metric': 'minkowski', 'n_neighbors': 21, 'p': 1, 'weights': 'distance'}",1.0,1.0,1.0,"{'n_neighbors': 25, 'p': 2, 'weights': 'distance', 'metric': 'minkowski'}",0.0
mushrooms,"{'metric': 'minkowski', 'n_neighbors': 22, 'p': 1, 'weights': 'distance'}",1.0,1.0,1.0,"{'n_neighbors': 25, 'p': 2, 'weights': 'distance', 'metric': 'minkowski'}",0.0
mushrooms,"{'metric': 'minkowski', 'n_neighbors': 25, 'p': 1, 'weights': 'uniform'}",0.9999889466859757,0.9999951451974349,1.0,"{'n_neighbors': 25, 'p': 2, 'weights': 'distance', 'metric': 'minkowski'}",4.854802565068539e-06
mushrooms,"{'metric': 'minkowski', 'n_neighbors': 42, 'p': 2, 'weights': 'distance'}",0.9999730147566946,0.9999893194343572,1.0,"{'n_neighbors': 25, 'p': 2, 'weights': 'distance', 'metric': 'minkowski'}",1.0680565642795514e-05
mushrooms,"{'metric': 'minkowski', 'n_neighbors': 16, 'p': 1, 'weights': 'distance'}",1.0,1.0,1.0,"{'n_neighbors': 25, 'p': 2, 'weights': 'distance', 'metric': 'minkowski'}",0.0
mushrooms,"{'metric': 'minkowski', 'n_neighbors': 47, 'p': 2, 'weights': 'uniform'}",0.9998570164275093,0.9999635889807633,1.0,"{'n_neighbors': 25, 'p': 2, 'weights': 'distance', 'metric': 'minkowski'}",3.6411019236681774e-05
mushrooms,"{'metric': 'minkowski', 'n_neighbors': 44, 'p': 1, 'weights': 'distance'}",0.9999994600388232,1.0,1.0,"{'n_neighbors': 25, 'p': 2, 'weights': 'distance', 'metric': 'minkowski'}",0.0
mushrooms,"{'metric': 'minkowski', 'n_neighbors': 3, 'p': 1, 'weights': 'uniform'}",1.0,1.0,1.0,"{'n_neighbors': 25, 'p': 2, 'weights': 'distance', 'metric': 'minkowski'}",0.0
mushrooms,"{'metric': 'minkowski', 'n_neighbors': 7, 'p': 1, 'weights': 'uniform'}",1.0,1.0,1.0,"{'n_neighbors': 25, 'p': 2, 'weights': 'distance', 'metric': 'minkowski'}",0.0
mushrooms,"{'metric': 'minkowski', 'n_neighbors': 39, 'p': 2, 'weights': 'distance'}",0.9999735547178714,0.9999922323158962,1.0,"{'n_neighbors': 25, 'p': 2, 'weights': 'distance', 'metric': 'minkowski'}",7.767684103821004e-06
mushrooms,"{'metric': 'minkowski', 'n_neighbors': 25, 'p': 2, 'weights': 'distance'}",0.9999870443492329,1.0,1.0,"{'n_neighbors': 25, 'p': 2, 'weights': 'distance', 'metric': 'minkowski'}",0.0
mushrooms,"{'metric': 'minkowski', 'n_neighbors': 9, 'p': 2, 'weights': 'uniform'}",0.9999997304465961,1.0,1.0,"{'n_neighbors': 25, 'p': 2, 'weights': 'distance', 'metric': 'minkowski'}",0.0
mushrooms,"{'metric': 'minkowski', 'n_neighbors': 2, 'p': 2, 'weights': 'distance'}",1.0,1.0,1.0,"{'n_neighbors': 25, 'p': 2, 'weights': 'distance', 'metric': 'minkowski'}",0.0
mushrooms,"{'metric': 'minkowski', 'n_neighbors': 47, 'p': 2, 'weights': 'uniform'}",0.9998570164275093,0.9999635889807633,1.0,"{'n_neighbors': 25, 'p': 2, 'weights': 'distance', 'metric': 'minkowski'}",3.6411019236681774e-05
mushrooms,"{'metric': 'minkowski', 'n_neighbors': 44, 'p': 1, 'weights': 'distance'}",0.9999994600388232,1.0,1.0,"{'n_neighbors': 25, 'p': 2, 'weights': 'distance', 'metric': 'minkowski'}",0.0
mushrooms,"{'metric': 'minkowski', 'n_neighbors': 47, 'p': 1, 'weights': 'distance'}",0.9999983801164696,1.0,1.0,"{'n_neighbors': 25, 'p': 2, 'weights': 'distance', 'metric': 'minkowski'}",0.0
mushrooms,"{'metric': 'minkowski', 'n_neighbors': 17, 'p': 2, 'weights': 'distance'}",0.999997300194116,1.0,1.0,"{'n_neighbors': 25, 'p': 2, 'weights': 'distance', 'metric': 'minkowski'}",0.0
mushrooms,"{'metric': 'minkowski', 'n_neighbors': 40, 'p': 2, 'weights': 'distance'}",0.9999735547178714,0.9999902903948703,1.0,"{'n_neighbors': 25, 'p': 2, 'weights': 'distance', 'metric': 'minkowski'}",9.709605129692989e-06
mushrooms,"{'metric': 'minkowski', 'n_neighbors': 6, 'p': 2, 'weights': 'distance'}",1.0,1.0,1.0,"{'n_neighbors': 25, 'p': 2, 'weights': 'distance', 'metric': 'minkowski'}",0.0
mushrooms,"{'metric': 'minkowski', 'n_neighbors': 4, 'p': 2, 'weights': 'uniform'}",1.0,1.0,1.0,"{'n_neighbors': 25, 'p': 2, 'weights': 'distance', 'metric': 'minkowski'}",0.0
mushrooms,"{'metric': 'minkowski', 'n_neighbors': 18, 'p': 2, 'weights': 'distance'}",0.999997300194116,1.0,1.0,"{'n_neighbors': 25, 'p': 2, 'weights': 'distance', 'metric': 'minkowski'}",0.0
mushrooms,"{'metric': 'minkowski', 'n_neighbors': 34, 'p': 2, 'weights': 'distance'}",0.9999773327373711,0.9999941742369222,1.0,"{'n_neighbors': 25, 'p': 2, 'weights': 'distance', 'metric': 'minkowski'}",5.825763077837998e-06
mushrooms,"{'metric': 'minkowski', 'n_neighbors': 36, 'p': 2, 'weights': 'uniform'}",0.9999430766835253,0.9999854355923053,1.0,"{'n_neighbors': 25, 'p': 2, 'weights': 'distance', 'metric': 'minkowski'}",1.4564407694650505e-05
mushrooms,"{'metric': 'minkowski', 'n_neighbors': 48, 'p': 1, 'weights': 'distance'}",0.999997301048485,1.0,1.0,"{'n_neighbors': 25, 'p': 2, 'weights': 'distance', 'metric': 'minkowski'}",0.0
mushrooms,"{'metric': 'minkowski', 'n_neighbors': 14, 'p': 1, 'weights': 'distance'}",1.0,1.0,1.0,"{'n_neighbors': 25, 'p': 2, 'weights': 'distance', 'metric': 'minkowski'}",0.0
mushrooms,"{'metric': 'minkowski', 'n_neighbors': 40, 'p': 1, 'weights': 'distance'}",1.0,1.0,1.0,"{'n_neighbors': 25, 'p': 2, 'weights': 'distance', 'metric': 'minkowski'}",0.0
mushrooms,"{'metric': 'minkowski', 'n_neighbors': 45, 'p': 2, 'weights': 'uniform'}",0.9998783286726066,0.9999737840661497,1.0,"{'n_neighbors': 25, 'p': 2, 'weights': 'distance', 'metric': 'minkowski'}",2.62159338503265e-05
mushrooms,"{'metric': 'minkowski', 'n_neighbors': 24, 'p': 2, 'weights': 'uniform'}",0.9999668155078973,0.9999893194343573,1.0,"{'n_neighbors': 25, 'p': 2, 'weights': 'distance', 'metric': 'minkowski'}",1.0680565642684492e-05
mushrooms,"{'metric': 'minkowski', 'n_neighbors': 45, 'p': 1, 'weights': 'uniform'}",0.999935540155523,0.9999776679082015,1.0,"{'n_neighbors': 25, 'p': 2, 'weights': 'distance', 'metric': 'minkowski'}",2.233209179847151e-05
mushrooms,"{'metric': 'minkowski', 'n_neighbors': 15, 'p': 1, 'weights': 'uniform'}",0.9999975731649957,1.0,1.0,"{'n_neighbors': 25, 'p': 2, 'weights': 'distance', 'metric': 'minkowski'}",0.0
mushrooms,"{'metric': 'minkowski', 'n_neighbors': 25, 'p': 1, 'weights': 'uniform'}",0.9999889466859757,0.9999951451974349,1.0,"{'n_neighbors': 25, 'p': 2, 'weights': 'distance', 'metric': 'minkowski'}",4.854802565068539e-06
mushrooms,"{'metric': 'minkowski', 'n_neighbors': 24, 'p': 1, 'weights': 'distance'}",1.0,1.0,1.0,"{'n_neighbors': 25, 'p': 2, 'weights': 'distance', 'metric': 'minkowski'}",0.0
mushrooms,"{'metric': 'minkowski', 'n_neighbors': 8, 'p': 2, 'weights': 'uniform'}",0.9999997304465961,1.0,1.0,"{'n_neighbors': 25, 'p': 2, 'weights': 'distance', 'metric': 'minkowski'}",0.0
mushrooms,"{'metric': 'minkowski', 'n_neighbors': 11, 'p': 1, 'weights': 'uniform'}",0.9999991913397881,1.0,1.0,"{'n_neighbors': 25, 'p': 2, 'weights': 'distance', 'metric': 'minkowski'}",0.0
mushrooms,"{'metric': 'minkowski', 'n_neighbors': 8, 'p': 1, 'weights': 'uniform'}",1.0,1.0,1.0,"{'n_neighbors': 25, 'p': 2, 'weights': 'distance', 'metric': 'minkowski'}",0.0
mushrooms,"{'metric': 'minkowski', 'n_neighbors': 33, 'p': 1, 'weights': 'uniform'}",0.9999770749300871,0.999994174236922,1.0,"{'n_neighbors': 25, 'p': 2, 'weights': 'distance', 'metric': 'minkowski'}",5.82576307794902e-06
mushrooms,"{'metric': 'minkowski', 'n_neighbors': 42, 'p': 1, 'weights': 'distance'}",1.0,1.0,1.0,"{'n_neighbors': 25, 'p': 2, 'weights': 'distance', 'metric': 'minkowski'}",0.0
mushrooms,"{'metric': 'minkowski', 'n_neighbors': 41, 'p': 2, 'weights': 'uniform'}",0.9999214923538833,0.9999834936712794,1.0,"{'n_neighbors': 25, 'p': 2, 'weights': 'distance', 'metric': 'minkowski'}",1.6506328720633512e-05
mushrooms,"{'metric': 'minkowski', 'n_neighbors': 9, 'p': 2, 'weights': 'distance'}",1.0,1.0,1.0,"{'n_neighbors': 25, 'p': 2, 'weights': 'distance', 'metric': 'minkowski'}",0.0
mushrooms,"{'metric': 'minkowski', 'n_neighbors': 34, 'p': 1, 'weights': 'distance'}",1.0,1.0,1.0,"{'n_neighbors': 25, 'p': 2, 'weights': 'distance', 'metric': 'minkowski'}",0.0
mushrooms,"{'metric': 'minkowski', 'n_neighbors': 23, 'p': 2, 'weights': 'distance'}",0.9999881242715863,1.0,1.0,"{'n_neighbors': 25, 'p': 2, 'weights': 'distance', 'metric': 'minkowski'}",0.0
rice,"{'metric': 'minkowski', 'n_neighbors': 39, 'p': 2, 'weights': 'uniform'}",0.9983085957283315,0.9984868671674302,0.9981021127792374,"{'n_neighbors': 25, 'p': 2, 'weights': 'distance', 'metric': 'minkowski'}",-0.0003847543881927429
rice,"{'metric': 'minkowski', 'n_neighbors': 15, 'p': 1, 'weights': 'distance'}",0.9971032481090643,0.9979401623411507,0.9981021127792374,"{'n_neighbors': 25, 'p': 2, 'weights': 'distance', 'metric': 'minkowski'}",0.00016195043808675536
rice,"{'metric': 'minkowski', 'n_neighbors': 21, 'p': 1, 'weights': 'distance'}",0.9975870096012432,0.9979090029987202,0.9981021127792374,"{'n_neighbors': 25, 'p': 2, 'weights': 'distance', 'metric': 'minkowski'}",0.00019310978051723104
rice,"{'metric': 'minkowski', 'n_neighbors': 19, 'p': 1, 'weights': 'uniform'}",0.9975900485939369,0.9979181847485273,0.9981021127792374,"{'n_neighbors': 25, 'p': 2, 'weights': 'distance', 'metric': 'minkowski'}",0.000183928030710101
rice,"{'metric': 'minkowski', 'n_neighbors': 11, 'p': 2, 'weights': 'uniform'}",0.9967526676148365,0.997497289430243,0.9981021127792374,"{'n_neighbors': 25, 'p': 2, 'weights': 'distance', 'metric': 'minkowski'}",0.0006048233489944765
rice,"{'metric': 'minkowski', 'n_neighbors': 36, 'p': 2, 'weights': 'distance'}",0.998252330241837,0.9982696308741221,0.9981021127792374,"{'n_neighbors': 25, 'p': 2, 'weights': 'distance', 'metric': 'minkowski'}",-0.00016751809488468883
rice,"{'metric': 'minkowski', 'n_neighbors': 3, 'p': 2, 'weights': 'uniform'}",0.9927047961637634,0.9946274065463923,0.9981021127792374,"{'n_neighbors': 25, 'p': 2, 'weights': 'distance', 'metric': 'minkowski'}",0.0034747062328451817
rice,"{'metric': 'minkowski', 'n_neighbors': 2, 'p': 2, 'weights': 'distance'}",0.9902825400711874,0.9936441778915186,0.9981021127792374,"{'n_neighbors': 25, 'p': 2, 'weights': 'distance', 'metric': 'minkowski'}",0.00445793488771884
rice,"{'metric': 'minkowski', 'n_neighbors': 30, 'p': 2, 'weights': 'distance'}",0.9980591933448089,0.998287017591842,0.9981021127792374,"{'n_neighbors': 25, 'p': 2, 'weights': 'distance', 'metric': 'minkowski'}",-0.00018490481260458047
rice,"{'metric': 'minkowski', 'n_neighbors': 21, 'p': 1, 'weights': 'distance'}",0.9975870096012432,0.9979090029987202,0.9981021127792374,"{'n_neighbors': 25, 'p': 2, 'weights': 'distance', 'metric': 'minkowski'}",0.00019310978051723104
rice,"{'metric': 'minkowski', 'n_neighbors': 22, 'p': 1, 'weights': 'distance'}",0.9976573457645767,0.9979046074801957,0.9981021127792374,"{'n_neighbors': 25, 'p': 2, 'weights': 'distance', 'metric': 'minkowski'}",0.00019750529904172254
rice,"{'metric': 'minkowski', 'n_neighbors': 25, 'p': 1, 'weights': 'uniform'}",0.9977790666233382,0.9978758900925011,0.9981021127792374,"{'n_neighbors': 25, 'p': 2, 'weights': 'distance', 'metric': 'minkowski'}",0.0002262226867363326
rice,"{'metric': 'minkowski', 'n_neighbors': 42, 'p': 2, 'weights': 'distance'}",0.998377349566363,0.9984643035056703,0.9981021127792374,"{'n_neighbors': 25, 'p': 2, 'weights': 'distance', 'metric': 'minkowski'}",-0.0003621907264328428
rice,"{'metric': 'minkowski', 'n_neighbors': 16, 'p': 1, 'weights': 'distance'}",0.9972297566574746,0.997941139123045,0.9981021127792374,"{'n_neighbors': 25, 'p': 2, 'weights': 'distance', 'metric': 'minkowski'}",0.0001609736561923869
rice,"{'metric': 'minkowski', 'n_neighbors': 47, 'p': 2, 'weights': 'uniform'}",0.9984307993512977,0.9984868671674302,0.9981021127792374,"{'n_neighbors': 25, 'p': 2, 'weights': 'distance', 'metric': 'minkowski'}",-0.0003847543881927429
rice,"{'metric': 'minkowski', 'n_neighbors': 44, 'p': 1, 'weights': 'distance'}",0.9983240321101569,0.9980483897750472,0.9981021127792374,"{'n_neighbors': 25, 'p': 2, 'weights': 'distance', 'metric': 'minkowski'}",5.372300419026477e-05
rice,"{'metric': 'minkowski', 'n_neighbors': 3, 'p': 1, 'weights': 'uniform'}",0.9926435184638345,0.9947476483975892,0.9981021127792374,"{'n_neighbors': 25, 'p': 2, 'weights': 'distance', 'metric': 'minkowski'}",0.0033544643816482145
rice,"{'metric': 'minkowski', 'n_neighbors': 7, 'p': 1, 'weights': 'uniform'}",0.9960447540545143,0.9963860046690174,0.9981021127792374,"{'n_neighbors': 25, 'p': 2, 'weights': 'distance', 'metric': 'minkowski'}",0.0017161081102200493
rice,"{'metric': 'minkowski', 'n_neighbors': 39, 'p': 2, 'weights': 'distance'}",0.9983085380112533,0.9984721177608252,0.9981021127792374,"{'n_neighbors': 25, 'p': 2, 'weights': 'distance', 'metric': 'minkowski'}",-0.0003700049815877904
rice,"{'metric': 'minkowski', 'n_neighbors': 25, 'p': 2, 'weights': 'distance'}",0.9979451889911285,0.9981021127792374,0.9981021127792374,"{'n_neighbors': 25, 'p': 2, 'weights': 'distance', 'metric': 'minkowski'}",0.0
rice,"{'metric': 'minkowski', 'n_neighbors': 9, 'p': 2, 'weights': 'uniform'}",0.996470844910375,0.9972365863426355,0.9981021127792374,"{'n_neighbors': 25, 'p': 2, 'weights': 'distance', 'metric': 'minkowski'}",0.0008655264366019821
rice,"{'metric': 'minkowski', 'n_neighbors': 2, 'p': 2, 'weights': 'distance'}",0.9902825400711874,0.9936441778915186,0.9981021127792374,"{'n_neighbors': 25, 'p': 2, 'weights': 'distance', 'metric': 'minkowski'}",0.00445793488771884
rice,"{'metric': 'minkowski', 'n_neighbors': 47, 'p': 2, 'weights': 'uniform'}",0.9984307993512977,0.9984868671674302,0.9981021127792374,"{'n_neighbors': 25, 'p': 2, 'weights': 'distance', 'metric': 'minkowski'}",-0.0003847543881927429
rice,"{'metric': 'minkowski', 'n_neighbors': 44, 'p': 1, 'weights': 'distance'}",0.9983240321101569,0.9980483897750472,0.9981021127792374,"{'n_neighbors': 25, 'p': 2, 'weights': 'distance', 'metric': 'minkowski'}",5.372300419026477e-05
rice,"{'metric': 'minkowski', 'n_neighbors': 47, 'p': 1, 'weights': 'distance'}",0.9983813859188702,0.9980403801635134,0.9981021127792374,"{'n_neighbors': 25, 'p': 2, 'weights': 'distance', 'metric': 'minkowski'}",6.173261572406386e-05
rice,"{'metric': 'minkowski', 'n_neighbors': 17, 'p': 2, 'weights': 'distance'}",0.9975290119135662,0.9976736962403664,0.9981021127792374,"{'n_neighbors': 25, 'p': 2, 'weights': 'distance', 'metric': 'minkowski'}",0.0004284165388710459
rice,"{'metric': 'minkowski', 'n_neighbors': 40, 'p': 2, 'weights': 'distance'}",0.9983106019406179,0.998470945622552,0.9981021127792374,"{'n_neighbors': 25, 'p': 2, 'weights': 'distance', 'metric': 'minkowski'}",-0.00036883284331457045
rice,"{'metric': 'minkowski', 'n_neighbors': 6, 'p': 2, 'weights': 'distance'}",0.9949684910070736,0.9967951786045693,0.9981021127792374,"{'n_neighbors': 25, 'p': 2, 'weights': 'distance', 'metric': 'minkowski'}",0.0013069341746680951
rice,"{'metric': 'minkowski', 'n_neighbors': 4, 'p': 2, 'weights': 'uniform'}",0.9940112155594454,0.9952747199077919,0.9981021127792374,"{'n_neighbors': 25, 'p': 2, 'weights': 'distance', 'metric': 'minkowski'}",0.002827392871445511
rice,"{'metric': 'minkowski', 'n_neighbors': 18, 'p': 2, 'weights': 'distance'}",0.9976861269367208,0.997663342352286,0.9981021127792374,"{'n_neighbors': 25, 'p': 2, 'weights': 'distance', 'metric': 'minkowski'}",0.0004387704269513959
rice,"{'metric': 'minkowski', 'n_neighbors': 34, 'p': 2, 'weights': 'distance'}",0.9981967043562813,0.9982740263926468,0.9981021127792374,"{'n_neighbors': 25, 'p': 2, 'weights': 'distance', 'metric': 'minkowski'}",-0.00017191361340940237
rice,"{'metric': 'minkowski', 'n_neighbors': 36, 'p': 2, 'weights': 'uniform'}",0.9982512483004007,0.9982791056584975,0.9981021127792374,"{'n_neighbors': 25, 'p': 2, 'weights': 'distance', 'metric': 'minkowski'}",-0.0001769928792600961
rice,"{'metric': 'minkowski', 'n_neighbors': 48, 'p': 1, 'weights': 'distance'}",0.9983831209478995,0.9980362776795569,0.9981021127792374,"{'n_neighbors': 25, 'p': 2, 'weights': 'distance', 'metric': 'minkowski'}",6.583509968050016e-05
rice,"{'metric': 'minkowski', 'n_neighbors': 14, 'p': 1, 'weights': 'distance'}",0.9970451233132989,0.9979391855592563,0.9981021127792374,"{'n_neighbors': 25, 'p': 2, 'weights': 'distance', 'metric': 'minkowski'}",0.0001629272199811238
rice,"{'metric': 'minkowski', 'n_neighbors': 40, 'p': 1, 'weights': 'distance'}",0.9981687039236352,0.998047217636774,0.9981021127792374,"{'n_neighbors': 25, 'p': 2, 'weights': 'distance', 'metric': 'minkowski'}",5.48951424634847e-05
rice,"{'metric': 'minkowski', 'n_neighbors': 45, 'p': 2, 'weights': 'uniform'}",0.9984401376265183,0.9984923371460387,0.9981021127792374,"{'n_neighbors': 25, 'p': 2, 'weights': 'distance', 'metric': 'minkowski'}",-0.0003902243668012506
rice,"{'metric': 'minkowski', 'n_neighbors': 24, 'p': 2, 'weights': 'uniform'}",0.9979384016149935,0.9980893169364211,0.9981021127792374,"{'n_neighbors': 25, 'p': 2, 'weights': 'distance', 'metric': 'minkowski'}",1.2795842816326619e-05
rice,"{'metric': 'minkowski', 'n_neighbors': 45, 'p': 1, 'weights': 'uniform'}",0.9983741071137177,0.9980337380466315,0.9981021127792374,"{'n_neighbors': 25, 'p': 2, 'weights': 'distance', 'metric': 'minkowski'}",6.837473260590254e-05
rice,"{'metric': 'minkowski', 'n_neighbors': 15, 'p': 1, 'weights': 'uniform'}",0.9970837583351418,0.9979450462506225,0.9981021127792374,"{'n_neighbors': 25, 'p': 2, 'weights': 'distance', 'metric': 'minkowski'}",0.0001570665286149131
rice,"{'metric': 'minkowski', 'n_neighbors': 25, 'p': 1, 'weights': 'uniform'}",0.9977790666233382,0.9978758900925011,0.9981021127792374,"{'n_neighbors': 25, 'p': 2, 'weights': 'distance', 'metric': 'minkowski'}",0.0002262226867363326
rice,"{'metric': 'minkowski', 'n_neighbors': 24, 'p': 1, 'weights': 'distance'}",0.9977819511358369,0.9978882952225596,0.9981021127792374,"{'n_neighbors': 25, 'p': 2, 'weights': 'distance', 'metric': 'minkowski'}",0.00021381755667782
rice,"{'metric': 'minkowski', 'n_neighbors': 8, 'p': 2, 'weights': 'uniform'}",0.9963070974988426,0.9970501186790002,0.9981021127792374,"{'n_neighbors': 25, 'p': 2, 'weights': 'distance', 'metric': 'minkowski'}",0.0010519941002372635
rice,"{'metric': 'minkowski', 'n_neighbors': 11, 'p': 1, 'weights': 'uniform'}",0.9968760540028537,0.9979531535403459,0.9981021127792374,"{'n_neighbors': 25, 'p': 2, 'weights': 'distance', 'metric': 'minkowski'}",0.00014895923889157725
rice,"{'metric': 'minkowski', 'n_neighbors': 8, 'p': 1, 'weights': 'uniform'}",0.99640744186605,0.9975046152944509,0.9981021127792374,"{'n_neighbors': 25, 'p': 2, 'weights': 'distance', 'metric': 'minkowski'}",0.0005974974847865466
rice,"{'metric': 'minkowski', 'n_neighbors': 33, 'p': 1, 'weights': 'uniform'}",0.9981125437200523,0.9978851695204977,0.9981021127792374,"{'n_neighbors': 25, 'p': 2, 'weights': 'distance', 'metric': 'minkowski'}",0.00021694325873977682
rice,"{'metric': 'minkowski', 'n_neighbors': 42, 'p': 1, 'weights': 'distance'}",0.9983123566558113,0.9980409662326499,0.9981021127792374,"{'n_neighbors': 25, 'p': 2, 'weights': 'distance', 'metric': 'minkowski'}",6.11465465875094e-05
rice,"{'metric': 'minkowski', 'n_neighbors': 41, 'p': 2, 'weights': 'uniform'}",0.998300019195279,0.9984749504283189,0.9981021127792374,"{'n_neighbors': 25, 'p': 2, 'weights': 'distance', 'metric': 'minkowski'}",-0.00037283764908147
rice,"{'metric': 'minkowski', 'n_neighbors': 9, 'p': 2, 'weights': 'distance'}",0.9964707836041067,0.9972404934702129,0.9981021127792374,"{'n_neighbors': 25, 'p': 2, 'weights': 'distance', 'metric': 'minkowski'}",0.0008616193090245083
rice,"{'metric': 'minkowski', 'n_neighbors': 34, 'p': 1, 'weights': 'distance'}",0.9981841264200078,0.9978917139591901,0.9981021127792374,"{'n_neighbors': 25, 'p': 2, 'weights': 'distance', 'metric': 'minkowski'}",0.00021039882004736388
rice,"{'metric': 'minkowski', 'n_neighbors': 23, 'p': 2, 'weights': 'distance'}",0.9978849509236977,0.9980878517635796,0.9981021127792374,"{'n_neighbors': 25, 'p': 2, 'weights': 'distance', 'metric': 'minkowski'}",1.4261015657823783e-05
wine,"{'metric': 'minkowski', 'n_neighbors': 39, 'p': 2, 'weights': 'uniform'}",0.9954089198847674,0.9990520408163265,0.997545918367347,"{'n_neighbors': 25, 'p': 2, 'weights': 'distance', 'metric': 'minkowski'}",-0.0015061224489795189
wine,"{'metric': 'minkowski', 'n_neighbors': 15, 'p': 1, 'weights': 'distance'}",0.9959028956217832,0.9977622448979593,0.997545918367347,"{'n_neighbors': 25, 'p': 2, 'weights': 'distance', 'metric': 'minkowski'}",-0.00021632653061232077
wine,"{'metric': 'minkowski', 'n_neighbors': 21, 'p': 1, 'weights': 'distance'}",0.9963771849048353,0.9989816326530613,0.997545918367347,"{'n_neighbors': 25, 'p': 2, 'weights': 'distance', 'metric': 'minkowski'}",-0.001435714285714318
wine,"{'metric': 'minkowski', 'n_neighbors': 19, 'p': 1, 'weights': 'uniform'}",0.9958787347730886,0.9996071428571429,0.997545918367347,"{'n_neighbors': 25, 'p': 2, 'weights': 'distance', 'metric': 'minkowski'}",-0.002061224489795954
wine,"{'metric': 'minkowski', 'n_neighbors': 11, 'p': 2, 'weights': 'uniform'}",0.9959379011921559,0.9983459183673469,0.997545918367347,"{'n_neighbors': 25, 'p': 2, 'weights': 'distance', 'metric': 'minkowski'}",-0.0007999999999999119
wine,"{'metric': 'minkowski', 'n_neighbors': 36, 'p': 2, 'weights': 'distance'}",0.995717951109774,0.9975122448979592,0.997545918367347,"{'n_neighbors': 25, 'p': 2, 'weights': 'distance', 'metric': 'minkowski'}",3.367346938776272e-05
wine,"{'metric': 'minkowski', 'n_neighbors': 3, 'p': 2, 'weights': 'uniform'}",0.9939912737785594,0.9973326530612244,0.997545918367347,"{'n_neighbors': 25, 'p': 2, 'weights': 'distance', 'metric': 'minkowski'}",0.00021326530612253425
wine,"{'metric': 'minkowski', 'n_neighbors': 2, 'p': 2, 'weights': 'distance'}",0.9932855273064728,0.9941418367346939,0.997545918367347,"{'n_neighbors': 25, 'p': 2, 'weights': 'distance', 'metric': 'minkowski'}",0.0034040816326530443
wine,"{'metric': 'minkowski', 'n_neighbors': 30, 'p': 2, 'weights': 'distance'}",0.9957883858419878,0.9975367346938776,0.997545918367347,"{'n_neighbors': 25, 'p': 2, 'weights': 'distance', 'metric': 'minkowski'}",9.183673469359555e-06
wine,"{'metric': 'minkowski', 'n_neighbors': 21, 'p': 1, 'weights': 'distance'}",0.9963771849048353,0.9989816326530613,0.997545918367347,"{'n_neighbors': 25, 'p': 2, 'weights': 'distance', 'metric': 'minkowski'}",-0.001435714285714318
wine,"{'metric': 'minkowski', 'n_neighbors': 22, 'p': 1, 'weights': 'distance'}",0.9963556029064383,0.9989734693877551,0.997545918367347,"{'n_neighbors': 25, 'p': 2, 'weights': 'distance', 'metric': 'minkowski'}",-0.0014275510204081465
wine,"{'metric': 'minkowski', 'n_neighbors': 25, 'p': 1, 'weights': 'uniform'}",0.9962005136159252,0.9995102040816326,0.997545918367347,"{'n_neighbors': 25, 'p': 2, 'weights': 'distance', 'metric': 'minkowski'}",-0.0019642857142856407
wine,"{'metric': 'minkowski', 'n_neighbors': 42, 'p': 2, 'weights': 'distance'}",0.9960294472673752,0.9986612244897959,0.997545918367347,"{'n_neighbors': 25, 'p': 2, 'weights': 'distance', 'metric': 'minkowski'}",-0.0011153061224489225
wine,"{'metric': 'minkowski', 'n_neighbors': 16, 'p': 1, 'weights': 'distance'}",0.9960292813027376,0.9989857142857144,0.997545918367347,"{'n_neighbors': 25, 'p': 2, 'weights': 'distance', 'metric': 'minkowski'}",-0.0014397959183674036
wine,"{'metric': 'minkowski', 'n_neighbors': 47, 'p': 2, 'weights': 'uniform'}",0.9956983600407202,0.9989642857142856,0.997545918367347,"{'n_neighbors': 25, 'p': 2, 'weights': 'distance', 'metric': 'minkowski'}",-0.001418367346938676
wine,"{'metric': 'minkowski', 'n_neighbors': 44, 'p': 1, 'weights': 'distance'}",0.997454525330667,0.9988714285714285,0.997545918367347,"{'n_neighbors': 25, 'p': 2, 'weights': 'distance', 'metric': 'minkowski'}",-0.0013255102040815592
wine,"{'metric': 'minkowski', 'n_neighbors': 3, 'p': 1, 'weights': 'uniform'}",0.9955777403528456,0.9969265306122449,0.997545918367347,"{'n_neighbors': 25, 'p': 2, 'weights': 'distance', 'metric': 'minkowski'}",0.0006193877551020632
wine,"{'metric': 'minkowski', 'n_neighbors': 7, 'p': 1, 'weights': 'uniform'}",0.9959262514460102,0.9985061224489796,0.997545918367347,"{'n_neighbors': 25, 'p': 2, 'weights': 'distance', 'metric': 'minkowski'}",-0.0009602040816326651
wine,"{'metric': 'minkowski', 'n_neighbors': 39, 'p': 2, 'weights': 'distance'}",0.9956719208185747,0.9986693877551021,0.997545918367347,"{'n_neighbors': 25, 'p': 2, 'weights': 'distance', 'metric': 'minkowski'}",-0.0011234693877550939
wine,"{'metric': 'minkowski', 'n_neighbors': 25, 'p': 2, 'weights': 'distance'}",0.9958469261273232,0.997545918367347,0.997545918367347,"{'n_neighbors': 25, 'p': 2, 'weights': 'distance', 'metric': 'minkowski'}",0.0
wine,"{'metric': 'minkowski', 'n_neighbors': 9, 'p': 2, 'weights': 'uniform'}",0.9959566708432183,0.997980612244898,0.997545918367347,"{'n_neighbors': 25, 'p': 2, 'weights': 'distance', 'metric': 'minkowski'}",-0.00043469387755101785
wine,"{'metric': 'minkowski', 'n_neighbors': 2, 'p': 2, 'weights': 'distance'}",0.9932855273064728,0.9941418367346939,0.997545918367347,"{'n_neighbors': 25, 'p': 2, 'weights': 'distance', 'metric': 'minkowski'}",0.0034040816326530443
wine,"{'metric': 'minkowski', 'n_neighbors': 47, 'p': 2, 'weights': 'uniform'}",0.9956983600407202,0.9989642857142856,0.997545918367347,"{'n_neighbors': 25, 'p': 2, 'weights': 'distance', 'metric': 'minkowski'}",-0.001418367346938676
wine,"{'metric': 'minkowski', 'n_neighbors': 44, 'p': 1, 'weights': 'distance'}",0.997454525330667,0.9988714285714285,0.997545918367347,"{'n_neighbors': 25, 'p': 2, 'weights': 'distance', 'metric': 'minkowski'}",-0.0013255102040815592
wine,"{'metric': 'minkowski', 'n_neighbors': 47, 'p': 1, 'weights': 'distance'}",0.9974567572735736,0.998865306122449,0.997545918367347,"{'n_neighbors': 25, 'p': 2, 'weights': 'distance', 'metric': 'minkowski'}",-0.0013193877551019861
wine,"{'metric': 'minkowski', 'n_neighbors': 17, 'p': 2, 'weights': 'distance'}",0.9959674178209736,0.9976418367346939,0.997545918367347,"{'n_neighbors': 25, 'p': 2, 'weights': 'distance', 'metric': 'minkowski'}",-9.591836734690329e-05
wine,"{'metric': 'minkowski', 'n_neighbors': 40, 'p': 2, 'weights': 'distance'}",0.9960510715179554,0.9986714285714285,0.997545918367347,"{'n_neighbors': 25, 'p': 2, 'weights': 'distance', 'metric': 'minkowski'}",-0.0011255102040815812
wine,"{'metric': 'minkowski', 'n_neighbors': 6, 'p': 2, 'weights': 'distance'}",0.9957957138603163,0.9973785714285714,0.997545918367347,"{'n_neighbors': 25, 'p': 2, 'weights': 'distance', 'metric': 'minkowski'}",0.00016734693877551443
wine,"{'metric': 'minkowski', 'n_neighbors': 4, 'p': 2, 'weights': 'uniform'}",0.9949362463381334,0.9980704081632653,0.997545918367347,"{'n_neighbors': 25, 'p': 2, 'weights': 'distance', 'metric': 'minkowski'}",-0.0005244897959183481
wine,"{'metric': 'minkowski', 'n_neighbors': 18, 'p': 2, 'weights': 'distance'}",0.9959588780681935,0.9976265306122448,0.997545918367347,"{'n_neighbors': 25, 'p': 2, 'weights': 'distance', 'metric': 'minkowski'}",-8.061224489785968e-05
wine,"{'metric': 'minkowski', 'n_neighbors': 34, 'p': 2, 'weights': 'distance'}",0.9957281763191143,0.9975163265306122,0.997545918367347,"{'n_neighbors': 25, 'p': 2, 'weights': 'distance', 'metric': 'minkowski'}",2.9591836734788046e-05
wine,"{'metric': 'minkowski', 'n_neighbors': 36, 'p': 2, 'weights': 'uniform'}",0.9954623387110555,0.997923469387755,0.997545918367347,"{'n_neighbors': 25, 'p': 2, 'weights': 'distance', 'metric': 'minkowski'}",-0.0003775510204080401
wine,"{'metric': 'minkowski', 'n_neighbors': 48, 'p': 1, 'weights': 'distance'}",0.9974550463881471,0.9988632653061225,0.997545918367347,"{'n_neighbors': 25, 'p': 2, 'weights': 'distance', 'metric': 'minkowski'}",-0.0013173469387754988
wine,"{'metric': 'minkowski', 'n_neighbors': 14, 'p': 1, 'weights': 'distance'}",0.9959159600421217,0.9977632653061225,0.997545918367347,"{'n_neighbors': 25, 'p': 2, 'weights': 'distance', 'metric': 'minkowski'}",-0.00021734693877550892
wine,"{'metric': 'minkowski', 'n_neighbors': 40, 'p': 1, 'weights': 'distance'}",0.9974880396170948,0.9988897959183672,0.997545918367347,"{'n_neighbors': 25, 'p': 2, 'weights': 'distance', 'metric': 'minkowski'}",-0.0013438775510202783
wine,"{'metric': 'minkowski', 'n_neighbors': 45, 'p': 2, 'weights': 'uniform'}",0.9957193305215709,0.9989744897959184,0.997545918367347,"{'n_neighbors': 25, 'p': 2, 'weights': 'distance', 'metric': 'minkowski'}",-0.0014285714285714457
wine,"{'metric': 'minkowski', 'n_neighbors': 24, 'p': 2, 'weights': 'uniform'}",0.995688485396857,0.9980530612244898,0.997545918367347,"{'n_neighbors': 25, 'p': 2, 'weights': 'distance', 'metric': 'minkowski'}",-0.0005071428571428171
wine,"{'metric': 'minkowski', 'n_neighbors': 45, 'p': 1, 'weights': 'uniform'}",0.9972534661009067,0.999230612244898,0.997545918367347,"{'n_neighbors': 25, 'p': 2, 'weights': 'distance', 'metric': 'minkowski'}",-0.0016846938775509912
wine,"{'metric': 'minkowski', 'n_neighbors': 15, 'p': 1, 'weights': 'uniform'}",0.9958233924173646,0.9984,0.997545918367347,"{'n_neighbors': 25, 'p': 2, 'weights': 'distance', 'metric': 'minkowski'}",-0.0008540816326529921
wine,"{'metric': 'minkowski', 'n_neighbors': 25, 'p': 1, 'weights': 'uniform'}",0.9962005136159252,0.9995102040816326,0.997545918367347,"{'n_neighbors': 25, 'p': 2, 'weights': 'distance', 'metric': 'minkowski'}",-0.0019642857142856407
wine,"{'metric': 'minkowski', 'n_neighbors': 24, 'p': 1, 'weights': 'distance'}",0.996339107062683,0.9989612244897957,0.997545918367347,"{'n_neighbors': 25, 'p': 2, 'weights': 'distance', 'metric': 'minkowski'}",-0.0014153061224487784
wine,"{'metric': 'minkowski', 'n_neighbors': 8, 'p': 2, 'weights': 'uniform'}",0.9959742861872517,0.9980122448979591,0.997545918367347,"{'n_neighbors': 25, 'p': 2, 'weights': 'distance', 'metric': 'minkowski'}",-0.0004663265306121822
wine,"{'metric': 'minkowski', 'n_neighbors': 11, 'p': 1, 'weights': 'uniform'}",0.9958716695972717,0.9984581632653061,0.997545918367347,"{'n_neighbors': 25, 'p': 2, 'weights': 'distance', 'metric': 'minkowski'}",-0.000912244897959158
wine,"{'metric': 'minkowski', 'n_neighbors': 8, 'p': 1, 'weights': 'uniform'}",0.9959160244722577,0.9984969387755102,0.997545918367347,"{'n_neighbors': 25, 'p': 2, 'weights': 'distance', 'metric': 'minkowski'}",-0.0009510204081631946
wine,"{'metric': 'minkowski', 'n_neighbors': 33, 'p': 1, 'weights': 'uniform'}",0.9969480736048482,0.9993775510204082,0.997545918367347,"{'n_neighbors': 25, 'p': 2, 'weights': 'distance', 'metric': 'minkowski'}",-0.0018316326530611882
wine,"{'metric': 'minkowski', 'n_neighbors': 42, 'p': 1, 'weights': 'distance'}",0.9974755412079744,0.9988795918367348,0.997545918367347,"{'n_neighbors': 25, 'p': 2, 'weights': 'distance', 'metric': 'minkowski'}",-0.0013336734693878416
wine,"{'metric': 'minkowski', 'n_neighbors': 41, 'p': 2, 'weights': 'uniform'}",0.9957585367442308,0.9990214285714285,0.997545918367347,"{'n_neighbors': 25, 'p': 2, 'weights': 'distance', 'metric': 'minkowski'}",-0.0014755102040815427
wine,"{'metric': 'minkowski', 'n_neighbors': 9, 'p': 2, 'weights': 'distance'}",0.9960412750963752,0.9973408163265306,0.997545918367347,"{'n_neighbors': 25, 'p': 2, 'weights': 'distance', 'metric': 'minkowski'}",0.00020510204081636285
wine,"{'metric': 'minkowski', 'n_neighbors': 34, 'p': 1, 'weights': 'distance'}",0.9971230492869795,0.998904081632653,0.997545918367347,"{'n_neighbors': 25, 'p': 2, 'weights': 'distance', 'metric': 'minkowski'}",-0.0013581632653060227
wine,"{'metric': 'minkowski', 'n_neighbors': 23, 'p': 2, 'weights': 'distance'}",0.9958776424079222,0.997569387755102,0.997545918367347,"{'n_neighbors': 25, 'p': 2, 'weights': 'distance', 'metric': 'minkowski'}",-2.3469387754992965e-05
