dataset,colsample_bylevel,colsample_bytree,learning_rate,max_depth,min_child_weight,n_estimators,reg_alpha,reg_lambda,subsample,cv_roc_auc,test_roc_auc
heart,0.46909356296798244,0.7549531688595925,1.1987642685433468,5.0,25.83107246311605,2071.0,0.12662434382125431,27.666815350407898,0.37401697993285554,0.5,0.6682246615724758
heart,0.8536495199979559,0.894983749642776,0.009871679072767706,14.0,66.20624525771561,313.0,0.006643553197618648,0.1313736598687076,0.6721561916912533,0.5,0.5
heart,0.5003492610710367,0.9268502695024393,0.002172317575011194,7.0,2.4892071659245056,2269.0,0.008425401080976913,32.696189995885675,0.6016063807304213,0.767667455734755,0.7974865210814166
heart,0.8311563895216271,0.2546844052569046,0.0933321443393548,12.0,12.652637928531286,478.0,34.679487104144975,175.16941226942794,0.9207359753561953,0.5885979292493528,0.7249912726426438
heart,0.8195980974464558,0.4942262677968311,0.0541393962176335,11.0,80.2797660628774,3585.0,0.349547748924183,8.031570020313513,0.41777546097517426,0.5,0.5
heart,0.7606252161870115,0.9454327638424945,0.0033998315079271793,4.0,48.62150415616877,1864.0,0.5666344740221539,1.619224699922767,0.8067555434282462,0.5,0.6574221325782553
heart,0.6553714226520847,0.7978279409450943,0.015084934591072068,13.0,17.732668202120195,2974.0,7.865563870926734,0.3395395929949125,0.7604942367419253,0.7333205386311512,0.8030720297893797
heart,0.5890627609212813,0.9280083037935848,0.043019475321926876,13.0,4.817951517559621,257.0,2.6676253308125464,0.0013964907191492126,0.44715663188619825,0.7570382661150564,0.7936852720996083
heart,0.9599301876789355,0.7305593001592294,0.751669938826941,7.0,6.3530675265639065,1058.0,0.000977389356827295,0.1665133499923576,0.634941022232247,0.689698273637014,0.6742562352119779
heart,0.10326727652926891,0.8360470176973764,0.27818377604776484,5.0,16.571707470587405,1374.0,0.07467587900293658,0.008098619589439575,0.9044542549472675,0.6862123625583505,0.6967534230634964
heart,0.3681990964433126,1.0,0.0011786116065613662,15.0,10.391886526981791,2146.0,9.796227177263459,0.003199668131213352,0.8915829375072509,0.7731431458006092,0.800550793219813
heart,0.5751146707354086,0.8422704558673968,0.001393207471415929,15.0,9.318071057048634,3651.0,100.02230407670409,0.04789518478320999,0.8646168566863377,0.5,0.5
heart,0.5702578870640493,0.9950569100207379,0.004051267519575781,2.0,35.819150330403964,252.0,60.13887627322268,0.6539214147941635,0.9733029814706837,0.5,0.5
heart,0.46511925419886635,0.9484438332861556,0.0101523170588398,12.0,5.586866062915628,4492.0,5.063989633803619,0.08775791464940844,0.5260425066336312,0.7566807150284286,0.7995422985919863
heart,0.28918938836332453,0.6887002447588589,0.005880881036796109,5.0,1.0,2140.0,3.642817767301852,0.0009765625,0.6483670179458875,0.7671916550518794,0.7956634731003452
heart,0.8827562721435723,0.41661537872104926,0.08803897403092882,9.0,1.0,91.0,0.15996971899291473,0.0009765625,0.11053907941440907,0.7191793691879973,0.7206469880920057
heart,0.1,0.11738716440400879,2.0,9.0,1.0,5000.0,0.03112346574668435,1024.0,0.49641082883370014,0.7464498204317014,0.7738256855824057
heart,0.1,0.10649166572029381,0.0019344964111162862,2.0,1.7577101000926267,338.0,0.00778981241993342,0.0009765625,0.8079321763563029,0.7264439208572082,0.7882161281563942
heart,0.1,1.0,0.0009765625,15.0,1.0,5000.0,1024.0,1024.0,1.0,0.5,0.5
heart,0.36601614158408824,0.6584200480835507,0.0948730945419946,3.0,1.0,3320.0,0.0053143964920757585,1024.0,0.8305901672517233,0.7580304270554485,0.7995810868469028
heart,0.37442822744410353,0.9237647247362728,0.0027686026324874693,15.0,6.31319122681663,1623.0,6.921883488546935,0.0009765625,0.7885396188218899,0.7695389113810167,0.8001629106706489
heart,0.1,0.9112797975498979,0.06995597774683793,15.0,1.0,1936.0,0.5610675489700623,1.0710465712419046,0.33718294843229824,0.727534752180999,0.7509018269268066
heart,0.804756921293143,0.7310910301151581,0.1994166546958569,15.0,1.0,2533.0,0.0074488873155380145,0.005420282778685899,0.5546692262488214,0.7020071089872644,0.7140917730111322
heart,0.8955098750006347,1.0,2.0,15.0,4.395429976553876,5000.0,0.04477179585325318,0.0009765625,0.42384081921224015,0.5749253703826611,0.5118110236220472
heart,1.0,0.1,0.03170345554751891,15.0,1.0,1.0,2.624247759503104,1.3156780347946715,1.0,0.5228621416930304,0.5120631472790039
heart,0.2676281745242598,0.8469088617573649,0.0009765625,15.0,9.847564421310903,1.0,7.336472776480801,0.0009765625,1.0,0.5,0.5
heart,0.23875034420316174,0.9681665082330743,0.017661110868436743,13.0,5.182032922655834,2692.0,6.38298368167363,2.59216510791071,0.6595916822532832,0.7690704851662573,0.7998526046313177
heart,0.47026167048604894,0.8435112424849363,0.24710655440091067,15.0,2.7128588556702566,1692.0,5.593771875883159,0.0009765625,0.33403633345895156,0.7407971800033922,0.7834063845467591
heart,0.1,0.9126599379023617,0.19891546116852035,2.0,1.1136722302266011,2430.0,0.011437579844468086,1024.0,0.6566662877882266,0.7645026658702241,0.8032659710639618
heart,0.21689746693566322,0.9525001125314781,0.0019622052262618147,15.0,6.0886673535858336,1.0,0.7718040853654783,0.0009765625,0.874425068062219,0.5865114894213255,0.5451883169776192
heart,0.4686830102021664,0.38823100915774644,0.006792812663321275,13.0,6.311234120898838,2195.0,7.5917864913348225,0.0016522412244335592,0.7871703472638798,0.7706708922368974,0.7967495442380046
heart,0.4168877802859833,1.0,0.002218311894088142,13.0,9.444377018920422,2213.0,9.045192814724839,0.0040360269471017,0.8673273002902477,0.7714841854531242,0.8001629106706489
heart,0.18332042899147036,0.43287372422739556,0.0009765625,12.0,1.914678193231192,2344.0,0.007910029127240021,951.9016321812949,0.6842601889712444,0.746870165114341,0.801481711337807
heart,0.4099513930826808,0.9748965383699051,1.4566557247912255,5.0,1.0,4155.0,1.5285697722659202,0.2498092297612039,0.7103496124924052,0.710375729150535,0.7202203172879252
heart,0.6800048468841293,0.15004875632556358,0.07072425148742191,1.0,1.0,4695.0,0.02108765644547818,9.232348728723684,0.9087103753053637,0.742809635480041,0.7952755905511812
heart,0.33845685887223154,0.6223352256380865,0.0923745121026616,1.0,3.368584886630975,2144.0,0.018160324429050183,2.8265435358798943,1.0,0.7473823956697123,0.8036926418680423
heart,0.19368537764456656,1.0,0.005503123206582187,1.0,2.5998852268983232,2244.0,0.009251756505281275,1024.0,0.6494234406698037,0.7563388346865482,0.8009386757689773
heart,0.21910717332093138,0.9676293048954271,0.06962689993554304,15.0,6.787380174248845,2147.0,7.634296313197881,0.0011632902695395875,0.786178731869815,0.7638371569950517,0.7967883324929211
heart,0.8286731086526231,0.32784217726060205,0.0009765625,11.0,3.2676801362938646,2024.0,7.129345815435753,0.04066719271912982,0.7067617718813495,0.7626506419474495,0.7958962026298437
heart,0.48872078197616853,0.5504085519133598,0.0009765625,8.0,1.0,31.0,2.0061619889465554,0.0009765625,0.1,0.7021494362219125,0.7549358054381134
heart,0.11518930857774029,0.4748479386612964,2.0,1.0,1.0,5000.0,0.0009765625,1024.0,0.46719091700991333,0.7556752431730861,0.7805748419378612
heart,0.10147374468551447,0.3266462973197174,0.0009765625,13.0,3.0845816149248533,3141.0,4.9903077052457965,1.0210987712063844,0.5645968715465072,0.759806530828964,0.800356851945231
heart,0.32962650942350546,0.5255981198412886,2.0,1.0,1.0,5000.0,0.00202461461193555,1024.0,1.0,0.7494066871676881,0.796865909002754
heart,0.5928371488893162,0.31471929658577896,2.0,1.0,1.0,4270.0,0.008072842888332668,1024.0,0.6768160434625555,0.7557252789392565,0.7905822117062954
heart,0.37505667807843346,0.9045548866684586,0.04624309413141322,10.0,1.0,1015.0,3.357248201983896,0.0009765625,0.44365937935283617,0.7510729113662677,0.7837166905860906
heart,0.8370334051422964,0.8321177650439284,0.003219521137344231,9.0,98.5352265432636,1567.0,63.934235284038586,0.0009765625,0.40479633898325096,0.5,0.5
heart,0.5031446340222308,0.7092606438388013,0.0009765625,2.0,2.06915392334055,1659.0,1.0647291459086956,37.199580494617024,0.5188148378785317,0.7622483278393546,0.7996586633567355
heart,0.6385604186697446,0.9604154267157705,0.0009765625,15.0,7.677425295680356,2169.0,5.689226295100723,0.4652314528692369,0.7542006321202555,0.7742775971033089,0.7995810868469028
heart,0.2194023546884709,0.7182314730678732,0.0009765625,10.0,5.350706338273045,2923.0,4.390597957244148,202.79858320648975,0.7569297414647258,0.7553094695545084,0.8035374888483767
heart,0.6826492788274087,0.8703959358772401,0.0009765625,1.0,1.0,1951.0,2.367001751330916,0.03049689981033599,0.5056600231016446,0.7754821795977966,0.800822311004228
heart,0.3130932582540391,0.27528773314434624,0.0009765625,10.0,3.6175950385515616,1135.0,3.143675765243311,2.0469646626787212,0.4586201893782007,0.7506961497901964,0.8032271828090454
heart,0.7455631029836597,0.5252697118371698,0.0009765625,1.0,1.9596329151002503,1810.0,1.8255879008940863,0.0009765625,0.5853756898467622,0.7640116000383472,0.7986113804739924
heart,0.9051596487587256,0.9002785775461868,0.006341244786447257,6.0,2.881908367914567,4466.0,6.230485644339194,0.08056940031392383,0.25565666960361283,0.7630228682256293,0.7989604747682402
heart,0.5340484233419615,0.25700741026285606,0.0011480484051991683,1.0,1.0,1.0,0.0009765625,13.506907722021182,0.1,0.5257937877480587,0.533862146542027
heart,0.9350319524409814,1.0,0.0009765625,1.0,1.5552793822607591,1497.0,0.06079605919245531,1024.0,0.675111559901606,0.7796245842643599,0.7997362398665683
heart,0.9784408436130697,0.4597430352536621,0.018750890095661384,1.0,1.0,1.0,1024.0,0.042707063840174066,0.1,0.5,0.5
heart,0.12285753783129408,0.9567626607061953,0.0009765625,1.0,1.0,5000.0,0.5159751939919852,0.005346750089597071,0.1,0.7515701717513624,0.7936852720996082
heart,0.22649777761695897,0.8257011350878095,0.7244713929503812,1.0,1.0,1515.0,0.40432098272757555,0.0009765625,0.5724897021277129,0.7194534781678872,0.7551685349676118
heart,0.7996624754474376,0.6246393783738766,0.006249360637658142,15.0,1.0,5000.0,5.634610088288147,0.0027922055318195063,0.1,0.7508632552377159,0.794693766727435
heart,0.8235997477888054,1.0,0.02013715919375599,1.0,2.104441983769392,1617.0,0.03160857650820259,1024.0,0.6759207678956821,0.7768793831994867,0.8022768705635934
heart,0.6503922901742273,1.0,0.0009765625,1.0,1.1424416746679165,2299.0,0.033604092843715565,2.3568049607392907,0.7661637474661757,0.7644982780616948,0.7960513556495094
heart,0.1,1.0,0.0009765625,1.0,6.0856378939012705,3489.0,0.0009765625,1024.0,1.0,0.7318072977736481,0.7823784957914742
heart,0.2685301380879493,1.0,0.0009765625,1.0,1.0,2675.0,3.823293778225623,242.314744801241,0.4245723204227443,0.7619798603275738,0.806291454947442
heart,0.9370745225901221,1.0,0.0020176567618853908,1.0,2.5161505826475334,1018.0,0.03936440078895077,1024.0,0.6937185174592206,0.7749344962869553,0.7995229044645281
heart,0.7080577271420709,0.3835435260609785,0.3121249329131215,1.0,127.99999999999999,5000.0,0.0009765625,0.056758755992590976,1.0,0.5,0.5
heart,0.6289120400320997,1.0,0.13591407276575132,1.0,1.4958074234901164,2937.0,0.0009765625,1024.0,1.0,0.7692475092733936,0.7970986385322525
heart,0.9266183629379174,1.0,0.007856362087246613,15.0,11.95862903653841,5000.0,5.537220307654787,0.0026266396254907274,0.1,0.5,0.5
heart,0.45348407242067434,0.951633159316348,0.0033582048659790034,1.0,2.0174724435998814,4627.0,4.453758372212355,2.541060959880498,0.38428781737842055,0.7715855475173854,0.8042356774368721
heart,1.0,1.0,0.0009765625,1.0,2.279966338495125,1318.0,0.047596227250844156,1024.0,0.5380301702957319,0.7561908106752802,0.7893021992940539
heart,0.8061456735749873,0.5354523200774696,0.0009765625,1.0,1.0,5000.0,0.0039918462468237804,1024.0,0.1,0.7410789953024638,0.7886815872153913
heart,1.0,0.7796313021075235,1.1710184587799413,15.0,1.9413046388353865,4113.0,3.904187972051975,21.134264956916468,0.3406446304040953,0.7235822216322647,0.7483418021023234
heart,0.42080097468173405,1.0,0.0021804755158809303,1.0,3.5396645302492793,4265.0,6.545225137087616,0.0009765625,0.48164989391694024,0.7723303687971506,0.803576277103293
heart,0.23204142928063848,0.957990523554244,0.0009765625,1.0,1.0,5000.0,99.74837571306702,0.399769448879833,0.1,0.5,0.5
heart,0.5079612547649365,1.0,0.0009765625,7.0,1.8208158704836803,5000.0,4.111850290468465,0.0009765625,0.35202350161806006,0.7687534567819296,0.799038051278073
heart,0.17714241521150598,0.6749269473856665,0.0009765625,1.0,7.675406477960367,2033.0,8.610436858396799,7.603711643184926,0.6917099533836124,0.7703507665759606,0.8028780885147977
heart,0.451049789898743,1.0,2.0,4.0,1.73522588705143,1234.0,0.024826960300092755,1024.0,0.8181407820467751,0.727825527458832,0.7758814630929755
heart,0.9408482949548387,1.0,0.0009765625,1.0,1.0,4106.0,0.0009765625,4.145016016701836,0.8551058272681485,0.7757848462054674,0.7964780264535898
heart,0.21978333234353595,1.0,0.0009765625,1.0,2.768032993413655,1877.0,0.04195412767650848,463.18703722532865,0.7376471335064806,0.7509179000464592,0.8005895814747295
heart,1.0,0.2547489155972795,0.0009765625,1.0,1.898125375588277,3732.0,0.0009765625,5.162056684803431,0.8280972918588965,0.7520979993068,0.8058259958884448
heart,1.0,1.0,0.0009765625,1.0,4.209176307637145,1706.0,0.0031024656469069937,1.475719053316506,1.0,0.7644735920296748,0.7844536674295024
heart,0.38078728097788184,0.9403032442090815,0.0009765625,1.0,2.9946213904590584,5000.0,5.344759862263027,0.0009765625,0.5835367821408574,0.7746150527643193,0.8035762771032929
heart,0.9499895920564237,0.1,0.0009765625,1.0,1.0,3644.0,0.0009765625,1024.0,1.0,0.7307800343650215,0.7821457662619758
heart,0.17919074674155536,1.0,0.0009765625,1.0,1.0,5000.0,0.0030056825086152536,1024.0,0.6756667037773663,0.753416185482622,0.8006283697296458
heart,1.0,1.0,0.0009765625,1.0,8.712457437103437,5000.0,3.5032139836392884,0.0009765625,1.0,0.7661095071642958,0.7899422055001746
heart,0.25971840794922035,1.0,0.0009765625,1.0,6.92626452006454,1.0,0.01209579433265129,542.6985983225308,1.0,0.6020369018384549,0.5845583957177767
heart,1.0,1.0,0.0009765625,1.0,2.5776797047387396,2365.0,0.0025768661225676662,0.10789681279695398,0.8864817622298758,0.7781408781516632,0.7890500756370971
heart,0.6498337591038128,1.0,0.0009765625,1.0,1.0,955.0,0.0009765625,0.009045130856059454,1.0,0.7515007411340456,0.7870136922539855
heart,0.35699841436853286,1.0,0.0009765625,1.0,2.5256278347757584,2021.0,0.0009765625,0.6387578961865804,0.9603181883215116,0.7490383324852694,0.7921919242853264
heart,0.5770464835634574,1.0,2.0,1.0,2.8858539247426687,2808.0,0.003666519057306971,59.81654392741452,0.9578148754015944,0.7283774695250105,0.7497769675342306
heart,1.0,1.0,0.0009765625,1.0,1.8243733882667306,1718.0,0.008005319469684352,16.295219737607564,0.7729350784705731,0.774633323009078,0.7933167836779024
heart,0.23639168313143702,1.0,0.0009765625,1.0,8.29134797752167,3580.0,4.221873679364638,0.7377879209539159,1.0,0.7518751797526604,0.7957798378650944
heart,1.0,1.0,0.003499220991621057,10.0,1.471339646261032,1202.0,0.03593433271799387,6.017420667540278,0.7064159028740848,0.7581489347580804,0.7886815872153911
heart,0.4175888242175775,0.1,0.0009765625,1.0,1.0,5000.0,2.5878746258443366,1.9751161354659996,0.21494484170047928,0.762186382307176,0.8057872076335286
heart,1.0,1.0,0.0009765625,1.0,1.948847706225744,1887.0,4.564153575154385,0.4239153422802691,0.550568082173797,0.7761119038664337,0.7992319925526551
heart,0.183451931623127,1.0,0.0009765625,1.0,2.814374970370299,5000.0,1.9472683116154026,1.4880275949707569,1.0,0.7501817253305605,0.7974865210814166
heart,0.7187874646240868,1.0,0.0009765625,1.0,2.6435359365878415,351.0,0.7858861132062751,0.0009765625,0.3288616160876591,0.7695141700404857,0.7971180326597106
heart,0.33804098170673347,1.0,0.0009765625,1.0,4.289157576139608,5000.0,3.0920682023933708,175.29035714919078,0.7036725078230728,0.7621746569028709,0.8025677824754665
heart,0.9031694297129058,1.0,2.0,1.0,1.0,4063.0,0.0009765625,0.0009765625,0.7384012520858909,0.5330220939064769,0.576664985842287
heart,0.9536660772880836,1.0,0.0015788148319225142,1.0,2.0309255136726914,4238.0,3.885842696655096,0.0029341828011294827,0.4884127243048735,0.7740887001025051,0.7996974516116521
heart,0.1,1.0,0.0009765625,1.0,6.5166141966698525,2326.0,6.467444912828719,0.0009765625,0.7325433859395362,0.7644076827208837,0.8022574764361352
diabetes,0.46909356296798244,0.7549531688595925,1.1987642685433468,5.0,25.83107246311605,2071.0,0.12662434382125431,27.666815350407898,0.37401697993285554,0.5,0.5
diabetes,0.8536495199979559,0.894983749642776,0.009871679072767706,14.0,66.20624525771561,313.0,0.006643553197618648,0.1313736598687076,0.6721561916912533,0.5,0.5
diabetes,0.5003492610710367,0.9268502695024393,0.002172317575011194,7.0,2.4892071659245056,2269.0,0.008425401080976913,32.696189995885675,0.6016063807304213,0.778743819006977,0.8161194029850746
diabetes,0.8311563895216271,0.2546844052569046,0.0933321443393548,12.0,12.652637928531286,478.0,34.679487104144975,175.16941226942794,0.9207359753561953,0.5,0.5
diabetes,0.8195980974464558,0.4942262677968311,0.0541393962176335,11.0,80.2797660628774,3585.0,0.349547748924183,8.031570020313513,0.41777546097517426,0.5,0.5
diabetes,0.7606252161870115,0.9454327638424945,0.0033998315079271793,4.0,48.62150415616877,1864.0,0.5666344740221539,1.619224699922767,0.8067555434282462,0.5,0.5
diabetes,0.6553714226520847,0.7978279409450943,0.015084934591072068,13.0,17.732668202120195,2974.0,7.865563870926734,0.3395395929949125,0.7604942367419253,0.7613005486689698,0.7958208955223881
diabetes,0.5890627609212813,0.9280083037935848,0.043019475321926876,13.0,4.817951517559621,257.0,2.6676253308125464,0.0013964907191492126,0.44715663188619825,0.7778842376210797,0.8137313432835821
diabetes,0.9599301876789355,0.7305593001592294,0.751669938826941,7.0,6.3530675265639065,1058.0,0.000977389356827295,0.1665133499923576,0.634941022232247,0.7031602655286866,0.7496119402985074
diabetes,0.10326727652926891,0.8360470176973764,0.27818377604776484,5.0,16.571707470587405,1374.0,0.07467587900293658,0.008098619589439575,0.9044542549472675,0.7683423084738875,0.7355820895522388
diabetes,0.574799199011534,0.13201597127717069,0.0011560862182033473,11.0,8.419914252196055,3155.0,0.32075076706233957,0.015586246752656215,0.6982100966649648,0.7682232608548398,0.7976119402985076
diabetes,0.1,0.9880757288609693,0.0013466752148038616,14.0,26.84406075049065,2840.0,28.595675451431237,0.1795292008709763,0.7053734868143394,0.5,0.5
diabetes,0.3169214048533694,0.7662064474658249,0.0020673300339976966,14.0,1.3941256335481833,4051.0,0.7367320626932663,0.04437049914187986,0.5565370525359821,0.7527440222177064,0.8066865671641791
diabetes,0.12946562756662033,0.827775422793434,0.015913668063838256,2.0,1.0,390.0,81.59821015897631,117.99813413958083,0.23391267012493888,0.5,0.5
diabetes,0.5935793810263863,0.5609972199166814,0.012319570434745322,10.0,2.3869816522675635,365.0,21.922224688902347,0.1101100653898021,0.26122933881611193,0.5,0.5
diabetes,0.1515166897611901,0.8712983287306898,1.789602569101374,13.0,4.380557528193919,557.0,80.5222596909203,0.0012158787141560833,0.8905453542581941,0.5,0.5
diabetes,0.6088153534640913,0.7924603279700311,0.17617756929000247,13.0,127.42755134559093,4970.0,2.8103441793790376,0.030125159550178898,0.362760803061998,0.5,0.5
diabetes,0.5579179866565606,0.9072070755439323,0.05015334959940191,13.0,3.2614197726624834,2836.0,0.07332791097420678,0.0009765625,0.4405737652228614,0.7011752353857617,0.7389850746268658
diabetes,0.5706317630154711,0.7709690866416662,0.013938079081783765,13.0,5.91947511075421,1651.0,1.6036328029912426,0.0038386020451881336,0.5999517435714318,0.7655415565941881,0.802865671641791
diabetes,0.1,0.6284825079060966,0.0925820270997106,9.0,9.101705499940708,4760.0,0.17308812746278962,0.0009765625,0.6606093593010524,0.7395685158843053,0.7405373134328359
diabetes,0.7676429399688748,0.7948658214354697,0.02034184231750167,14.0,12.449378734676937,2690.0,5.078265909924426,0.1317461107101254,0.772723434753386,0.7738864052021948,0.8093134328358208
diabetes,0.8160782624956245,0.1,0.0009765625,10.0,4.4099110418772005,1910.0,0.4534485905761694,0.014634715419998504,0.6228844905167643,0.7744127209916684,0.7951044776119403
diabetes,0.6394676357950898,0.6233382054770925,0.0025351738471324297,5.0,1.0,2227.0,0.0041976329725962125,7.393541959914598,0.5580909351954542,0.7660082639030007,0.8164776119402986
diabetes,0.41449660910643016,0.9086566964854456,0.018162837308310496,9.0,1.5348280158731746,2322.0,0.0074588547342483635,26.829916862346447,0.31831129455131657,0.7716399105872791,0.820776119402985
diabetes,0.6310230321003122,0.5994565072081056,0.0009765625,8.0,2.547505902490252,1629.0,0.00504603027606541,28.986278871591157,1.0,0.7744140757298652,0.7946268656716418
diabetes,0.4088724733286251,0.3428038660896535,0.015810823099393845,14.0,2.793471291282773,4021.0,1.9985885505888117,0.002666249915751298,0.24687780158717096,0.7767743683533157,0.8033432835820896
diabetes,0.6965269573992324,0.9483597564149769,1.3856919057326393,4.0,1.0,4606.0,0.0011458351742844597,858.4830753020369,0.4686140512981123,0.700427081216555,0.7905671641791046
diabetes,0.7197132309391323,0.6261201298864552,0.005814588268567944,3.0,1.7674395848016327,3184.0,0.009141696564175312,0.15924003639289258,0.9882099365259401,0.7168739416107838,0.8121791044776119
diabetes,0.7687697407306296,0.24377417655744904,0.11507522797358286,3.0,2.749928110215469,2749.0,0.007777114786517062,1024.0,0.744140443564789,0.7727599403915194,0.7985671641791046
diabetes,1.0,0.5493876373841802,0.049427653821377385,15.0,4.2897103644671795,1.0,2.875438748700903,0.016283839616619753,0.6554826915531509,0.7149324324324324,0.7060298507462687
diabetes,0.21815165839908063,0.7851360148476892,0.003660241246890613,14.0,3.894930778083195,1762.0,2.041835004578876,0.0009765625,0.42961219153329666,0.7803010905642485,0.8094328358208955
diabetes,0.26715968167910487,1.0,0.022256420047293408,13.0,5.197690503740258,1703.0,2.2151723687866873,0.0009765625,0.3376006827154289,0.7743646277856804,0.813134328358209
diabetes,0.47237936569133454,0.45536062434780744,0.0033060541199288977,13.0,2.761329315385825,2004.0,1.412736510707449,0.0009765625,0.2904072880191221,0.7826363205310573,0.8074029850746268
diabetes,1.0,0.4507819728420236,1.7046574193996582,1.0,1.639053199462102,4044.0,1.7780877215355022,0.0009765625,0.9523812404321003,0.6908460340039287,0.7758805970149254
diabetes,0.1,0.9725715236193728,0.03682009207246416,13.0,1.0,1191.0,0.0009765625,0.0009765625,0.11350700075915138,0.7532249542775858,0.7694328358208955
diabetes,0.1,0.5973516037648041,0.04684526832903879,14.0,3.469196963657973,3299.0,0.006038082495802602,1024.0,0.9988540891610682,0.7789521100047415,0.7948656716417911
diabetes,0.1,0.8914035774979638,0.0039591527372083045,4.0,1.0,202.0,0.04770060842357346,1024.0,0.8650411322225668,0.7671946758788863,0.7805373134328358
diabetes,0.18011268690123122,0.2305490543524935,0.0009826317324687858,8.0,3.4304332792984464,3157.0,1.5844916902109871,0.0009765625,0.1,0.7551424168529431,0.809492537313433
diabetes,0.1,0.649591921114097,0.019952498617232788,8.0,9.97019243937362,1422.0,0.08841023086666977,0.0011712426144345495,1.0,0.7636080065027433,0.8050149253731343
diabetes,0.817727409723828,0.3057873045880395,0.002448862466604802,15.0,2.731978498123691,5000.0,1.1247016736469093,0.0016709346771757582,0.10635353273749873,0.7694865542233963,0.803223880597015
diabetes,0.6657206051971791,0.9476385744480151,1.0396527414730805,9.0,1.0,3430.0,0.21799669881600145,0.9457069960137967,1.0,0.6876241278872858,0.7715820895522388
diabetes,0.1,0.26922447981492115,0.026329690250519545,1.0,2.450934151919463,3074.0,0.009032762728759471,366.16866977275384,0.4303745653951947,0.7755120910384068,0.7855522388059701
diabetes,1.0,0.5347556116810712,0.13384093580147338,15.0,1.0,1252.0,0.018041185573076553,1024.0,0.38212446143415757,0.7793460001354738,0.8155223880597016
diabetes,0.4239476677576187,1.0,0.0009765625,15.0,1.952368019013755,3467.0,0.012563183051814525,1024.0,1.0,0.7680034545824018,0.7871044776119404
diabetes,0.29776701575717435,0.985859740651429,0.10236542932547736,15.0,14.434812327533287,1.0,4.107016644831288,0.0009765625,0.7830101646905875,0.570947639368692,0.6497313432835821
diabetes,0.7553910655024988,1.0,0.027789060938933626,5.0,13.65543558123625,5000.0,3.497603987263196,0.772964922317884,0.32421338126622123,0.5,0.5
diabetes,0.611606894239749,0.933118247921099,0.07821823279842391,14.0,14.69387381651985,1675.0,4.483019198299359,0.3966186435848219,0.865158147221346,0.7731639910587279,0.8088955223880597
diabetes,0.5284997050269614,0.5233582488942138,0.005494482692351995,6.0,1.140533305200124,1335.0,0.013257449082003972,482.7771390836916,0.8353767532525956,0.7710699044909571,0.7957014925373135
diabetes,0.6183349481122705,0.9987997586494237,0.02036643599340334,12.0,3.465549141613401,1416.0,2.2142921075521818,0.0012049810837521848,0.33579576177949666,0.7682432432432431,0.8048955223880597
diabetes,0.4492263752851938,0.11327260832321351,1.1198647522537566,15.0,1.0,2884.0,0.0009765625,1024.0,0.24419163782411898,0.7711921696132222,0.8139701492537313
diabetes,0.9021259569403333,0.5217537362478241,0.0040653964618396765,13.0,12.817190333083525,4167.0,4.437606737569627,0.18951652555477505,0.7053853483570607,0.7773745173745175,0.8021492537313433
diabetes,0.1,0.49230715266632485,0.008931035767189467,5.0,10.11827258701825,1.0,0.04763163400074865,0.0029638215215429626,0.7366230769139016,0.5734877734877736,0.5629253731343284
diabetes,0.6119724868705887,0.6355597793345141,0.0023622146892380877,14.0,15.110885606703446,2564.0,3.5692522619432037,1.0195263850136675,0.8815589433500747,0.7771323579218317,0.8013134328358209
diabetes,0.7753837042144921,0.9391727558595744,0.018270563492619084,11.0,16.489841877926953,2488.0,0.09634452801294913,0.007919076533493698,0.9877890168940693,0.7639217977375872,0.7936119402985075
diabetes,0.13158922226445263,0.1,0.018874197902370344,9.0,4.702609212500258,4393.0,1.461346439940119,0.0014981007336725772,0.42174513204911446,0.7650839937682044,0.791044776119403
diabetes,0.1153637394625538,0.7424625909076883,0.0015107600946331144,14.0,13.322163405585982,3524.0,4.751098267394918,0.6343402516976737,0.7748704760370685,0.7767371130529025,0.7903283582089552
diabetes,0.1,0.2092178767121714,0.005351077673489339,1.0,16.25733840394983,4184.0,0.09577531021533954,0.00656420208040227,0.9727753152993078,0.7706689019846916,0.797492537313433
diabetes,0.1,0.3349691690431267,0.002272029499360654,12.0,4.368963224224486,5000.0,0.3958518294844839,0.00287821917829055,0.7023115178036251,0.7681761837024995,0.8003582089552239
diabetes,0.2836440781342463,0.43349951888104576,0.017324743313655952,15.0,1.847902510000369,4231.0,1.209232232127733,0.0016347576423025446,0.21227758253096146,0.7599332791438055,0.7841194029850747
diabetes,0.4940955512249504,0.7279794806513009,0.0017850489493082319,11.0,1.1725635146695492,2091.0,0.010332852100816525,124.8311132042203,0.5470146694408777,0.7750958477274267,0.8026268656716418
diabetes,0.37584069594300407,0.36856890707825807,2.0,5.0,14.704066874862656,3940.0,1.806258924916207,21.995315176104402,1.0,0.7681880376617218,0.7775522388059701
diabetes,0.5365922179173899,0.1,0.5322441184334313,15.0,1.040284013340407,807.0,0.0013766194644221292,438.83231744552523,0.10858338686938263,0.7864878412246833,0.7953432835820896
diabetes,0.4333313411406353,0.21980764851833678,0.670834339978801,5.0,5.870598659549675,3316.0,0.0009765625,1024.0,0.1,0.5,0.5
diabetes,0.1,0.1,0.03527387922016782,9.0,1.8122512715260934,3024.0,0.021054815504996324,632.2765611704621,0.5402370604991689,0.7755039626092258,0.7947462686567164
diabetes,0.1,0.14773495535936523,0.010963540592778792,15.0,1.0,3580.0,0.001304447769098848,43.00226103776373,0.1222907975606187,0.7840797940797941,0.8056119402985075
diabetes,0.8746074242094962,0.20554375849139206,0.22430557091262698,8.0,1.0,2473.0,0.003022830208378586,453.17831296403483,0.1314919657066828,0.7865264512632933,0.8091940298507463
diabetes,1.0,0.16860749495289248,0.09192320833598053,8.0,1.0,380.0,0.09500122686046716,1.123566069761269,0.1,0.7756042132357921,0.7918805970149253
diabetes,0.1,0.23334441927365018,0.008563428498180717,5.0,1.0,767.0,0.018672513613279214,193.17701844181835,0.10539262062387646,0.7810722752828017,0.7834029850746269
diabetes,1.0,0.7000839568448849,0.18214356951881883,13.0,1.0,522.0,0.023266149640499594,0.0009765625,0.1,0.7021415024046603,0.7328955223880597
diabetes,0.7973500178102731,0.8810292653865274,0.5471012842396585,8.0,1.0,3972.0,0.17181003493489047,1024.0,0.23607784302590618,0.7630694980694981,0.821492537313433
diabetes,1.0,0.18067478208679205,0.0012385296144492948,12.0,1.0,1921.0,0.05752907061667347,33.41138196595569,0.29226231123275664,0.7774530921899343,0.7960597014925374
diabetes,1.0,0.72174493444708,0.009821884658656431,14.0,1.6192977643080635,1155.0,0.2408821829262749,0.14157722532994393,0.3042871209644147,0.7383221567432093,0.7988059701492537
diabetes,1.0,0.6186125733709826,0.015892019964366007,4.0,1.0,570.0,0.05646451271196873,195.30709677559446,0.1,0.7800792521845153,0.805134328358209
diabetes,0.49807799213145,0.9078549255686172,0.14313892329322517,13.0,12.144587909587935,3260.0,2.9263924481293433,0.16683648825276648,0.8573642316362122,0.7672075458917564,0.7717014925373135
diabetes,1.0,0.11227612624865801,1.0959707134323862,13.0,7.85461985997574,1632.0,0.9411140343259079,4.687492502489209,1.0,0.754984081826187,0.7658507462686567
diabetes,0.1,0.3185050551997095,0.0009765625,8.0,1.0,1087.0,0.0009765625,0.009791840870516771,0.5243478847099778,0.7598963625279416,0.7961791044776119
diabetes,0.1,0.2620354901307007,2.0,13.0,10.944025711790434,3886.0,0.19064352578771426,0.0017944747388964598,0.9455866960024861,0.7353408859987807,0.5184477611940299
diabetes,0.1,0.15449511707204033,2.0,15.0,1.0,1680.0,0.0009765625,0.0009765625,1.0,0.522032615322089,0.7086567164179104
diabetes,0.1,0.1,0.0024135914447827203,8.0,1.0,1.0,0.0010707157352066385,0.08972494176201218,0.3289963810279749,0.5948555510397615,0.49695522388059693
diabetes,0.3323143193806122,0.1,0.0024455833829028707,1.0,1.740242724237069,5000.0,0.005255631843935283,19.864813989302487,0.7472550859982678,0.7802773826458037,0.7867462686567165
diabetes,0.1,0.145459349196082,0.6601377047146869,15.0,1.0,4740.0,0.012191344022887945,147.85456764210835,0.26199323621396337,0.7113330623856939,0.7986865671641792
diabetes,0.9019961760205126,0.7922388889560474,0.0038361031262067993,15.0,14.351577293981164,2760.0,1.7752294049387194,141.04005810445472,0.8281585948569753,0.7779909232540811,0.8019701492537313
diabetes,0.47367086032747374,0.1,0.3190606363695847,1.0,1.026552238969462,1306.0,0.0015212183772258768,1024.0,0.1,0.7756902391112919,0.7862686567164179
diabetes,0.8179275448077992,0.7640200301015733,0.011068386836355224,10.0,1.8056353554101383,2148.0,0.0029938759494141276,1024.0,0.5823603027531535,0.7725326830589989,0.810865671641791
diabetes,0.635857786598403,0.309550402103238,0.0012868186089573495,1.0,3.108838029820482,1595.0,0.013730142785285612,1024.0,1.0,0.755876854297907,0.7392238805970149
diabetes,1.0,1.0,0.03295732435949219,5.0,1.0012418658553157,130.0,0.03407619292968455,1024.0,0.43846524620848026,0.7699122807017543,0.8100298507462687
diabetes,0.1,0.2838140749102528,0.0009765625,4.0,2.4121517757875353,3571.0,0.00500621923183285,1024.0,0.6967546675617297,0.7758152137099505,0.7835223880597014
diabetes,0.9998246202863345,0.34962631154439694,0.0013252487822611142,15.0,1.554491504495612,1.0,0.009531800524953067,312.93720641072935,0.3991770473744375,0.6949183770236401,0.7111641791044776
diabetes,0.7423951439560214,0.726915233153526,0.0009765625,8.0,3.9588009721653443,2042.0,1.1003320889331887,2.171060132302067,0.4546917941189236,0.781741177267493,0.8162388059701493
diabetes,0.45454627583901286,1.0,0.0009765625,6.0,8.465152085194804,3510.0,0.0014387466388503815,1024.0,1.0,0.7676757772810403,0.7785671641791045
diabetes,0.1,0.1,0.007781183064971198,12.0,1.0,1416.0,0.08554120026726361,1024.0,0.1,0.7773281175912755,0.7897313432835822
diabetes,0.9843036881022211,0.3975897751723787,0.007509086577141634,11.0,12.925712817821596,3258.0,2.63330728709569,0.2546251227860242,0.8975420826291393,0.7723250694303325,0.8062089552238805
diabetes,0.8039886739068648,0.704780079884407,0.937439237521062,1.0,14.582280936584766,2634.0,2.9284493762235266,2.6434915288490592,0.83568502650318,0.7592054460475512,0.7351044776119403
diabetes,0.29588623511770024,0.7622644730302728,0.005583093170434189,1.0,16.185684689748324,5000.0,0.012104863869351747,1024.0,1.0,0.769344645397277,0.7528955223880598
diabetes,0.1489923546891495,0.38600742275543876,0.0009765625,1.0,1.0668918800529554,1092.0,0.042038867124172444,1024.0,0.6713906019372403,0.7698404795773216,0.7682388059701493
diabetes,0.5732438816847264,0.9159705099058927,0.001340021603700592,15.0,5.211512397179042,3436.0,0.9572818732455761,330.7414651003675,0.6590035684714963,0.7733475580844001,0.8066865671641791
diabetes,0.15334709553328338,0.8891190548782967,0.0009765625,4.0,2.476280372772018,5000.0,0.01251702804079099,1024.0,0.8074585101891678,0.7721601300548669,0.7871044776119402
diabetes,0.6360743848523062,0.5874132850119778,0.0037621077649605465,10.0,14.592062493649777,2308.0,0.030462882989222752,1024.0,1.0,0.7701173541963016,0.7688955223880597
diabetes,0.29192405797797305,0.5227577116496059,0.06009118715057031,15.0,1.0,2357.0,0.0012319910510921613,1024.0,0.1,0.7825560522928944,0.7936716417910448
diabetes,0.80014049352601,0.24402904314917329,0.12494807368969904,3.0,4.231339073347384,1385.0,1.1802243191923558,0.0009765625,0.4137569472316881,0.7440164600690916,0.7742089552238806
cancer,0.46909356296798244,0.7549531688595925,1.1987642685433468,5.0,25.83107246311605,2071.0,0.12662434382125431,27.666815350407898,0.37401697993285554,0.8224910093402533,0.8156514846655691
cancer,0.8536495199979559,0.894983749642776,0.009871679072767706,14.0,66.20624525771561,313.0,0.006643553197618648,0.1313736598687076,0.6721561916912533,0.5,0.7936330101823058
cancer,0.5003492610710367,0.9268502695024393,0.002172317575011194,7.0,2.4892071659245056,2269.0,0.008425401080976913,32.696189995885675,0.6016063807304213,0.854448162388221,0.8489611913907689
cancer,0.8311563895216271,0.2546844052569046,0.0933321443393548,12.0,12.652637928531286,478.0,34.679487104144975,175.16941226942794,0.9207359753561953,0.8483800934082003,0.8288023596122187
cancer,0.8195980974464558,0.4942262677968311,0.0541393962176335,11.0,80.2797660628774,3585.0,0.349547748924183,8.031570020313513,0.41777546097517426,0.5,0.5
cancer,0.7606252161870115,0.9454327638424945,0.0033998315079271793,4.0,48.62150415616877,1864.0,0.5666344740221539,1.619224699922767,0.8067555434282462,0.8288212358688849,0.8273923846106945
cancer,0.6553714226520847,0.7978279409450943,0.015084934591072068,13.0,17.732668202120195,2974.0,7.865563870926734,0.3395395929949125,0.7604942367419253,0.8586153080276977,0.8511523687580026
cancer,0.5890627609212813,0.9280083037935848,0.043019475321926876,13.0,4.817951517559621,257.0,2.6676253308125464,0.0013964907191492126,0.44715663188619825,0.8557252342715532,0.8516477653801597
cancer,0.9599301876789355,0.7305593001592294,0.751669938826941,7.0,6.3530675265639065,1058.0,0.000977389356827295,0.1665133499923576,0.634941022232247,0.7887016131180733,0.7754786293518688
cancer,0.10326727652926891,0.8360470176973764,0.27818377604776484,5.0,16.571707470587405,1374.0,0.07467587900293658,0.008098619589439575,0.9044542549472675,0.83773014360115,0.8084949088470215
cancer,0.19339007667413888,0.4623601379383333,0.0011053932469110997,6.0,70.26070073939144,2756.0,0.024885464963895897,670.8326627753789,0.8518337741799765,0.7742673678658558,0.7846053594293031
cancer,0.1,0.191029170485711,0.0009765625,15.0,1.0,4538.0,158.52127344662475,0.7334947204118891,0.8806216036895665,0.5,0.5
cancer,0.1,0.8109866743505378,0.0009765625,15.0,10.65960503889855,4738.0,0.12068452412026144,0.0009765625,0.19155760529872928,0.8194555241152891,0.822728034875922
cancer,0.3089983845865991,0.1824398007142798,0.0012092657433659467,1.0,105.50839358093336,4235.0,344.1074890809486,44.03990570310659,0.6991078749243849,0.5,0.5
cancer,0.688469668259667,0.7797466935346691,0.2740241323242108,2.0,15.9886091158582,1271.0,0.21088478365947402,348.2347382971062,0.8386866125036612,0.8576975082644067,0.8423343088836046
cancer,0.517361322408963,1.0,0.0009765625,1.0,57.1437182460419,1385.0,0.003745901545206387,0.006020378189122324,1.0,0.8315773842926394,0.8218439424425339
cancer,0.4843497778809801,1.0,0.0009765625,1.0,1.0,54.0,0.7534413510998808,0.006537517533255844,0.966197624140523,0.8211320990005623,0.8156514846655691
cancer,0.4112273461908543,0.2815851758343646,0.04877025997051718,11.0,56.46260858588625,2349.0,0.5343894509919649,9.086195909558725,0.6049543846334937,0.5719698082748363,0.7933738796414852
cancer,0.5482106420585803,1.0,0.006612558271854237,13.0,10.384142334151385,2145.0,3.8289392847073667,0.0036982548479851675,0.7024794954129577,0.8584474266406378,0.851975489299433
cancer,0.2021236417434591,0.5509199095414811,0.00764773417036023,13.0,1.0,525.0,0.016368562225892152,113.07349137644397,0.7901173607878356,0.8257074045795469,0.8330284738735443
cancer,0.1,1.0,0.0009765625,5.0,2.6338220541480077,376.0,0.04834368632545659,0.0009765625,1.0,0.8283838451257008,0.8425438997622097
cancer,0.38341928793883506,0.9617553293814771,0.6771770086592501,5.0,9.437762310931413,1538.0,0.7641776257463259,1.3398584650386696,0.3383517632089718,0.8123655453884838,0.7607882141332846
cancer,0.4842107473309629,0.2405500065619588,0.006352835429121975,12.0,20.448112695139873,1.0,0.2538636453050138,0.011591174833951515,0.9659369695598155,0.6593105016347428,0.7168046155722212
cancer,1.0,0.9999936877239121,0.08210317684519797,15.0,19.307056494055296,4266.0,1024.0,10.07591860550607,0.32317893866600567,0.5,0.5
cancer,0.1,0.4238004629703578,0.0009765625,15.0,2.276354359379475,3178.0,0.21482549003553572,0.0009765625,0.6771447831435149,0.8203270760778872,0.8340726175233217
cancer,0.1,0.5660291863409294,0.0009765625,7.0,1.0,2584.0,0.010376769161660918,0.12543970043946454,1.0,0.8326569032735666,0.8467623925370404
cancer,0.5864663478793218,0.9872752702245771,0.5792976650204829,10.0,1.0,1533.0,4.214647574818241,1.0670633009456174,0.8139120916623627,0.8226331516070815,0.8178998231815133
cancer,0.8371125601774295,0.9451886203290047,0.0027125883468511014,1.0,1.0,1590.0,0.0009765625,1.186226120323211,0.8447875335627418,0.8596809757668099,0.844887506859338
cancer,0.4604935538188345,0.867035220723828,0.0009765625,15.0,127.99999999999999,4019.0,1024.0,0.0009765625,1.0,0.5,0.5
cancer,0.1,0.4271383827480548,1.718623477095409,12.0,9.424902731676534,1.0,9.922351237947813,1024.0,0.46397258290232235,0.5252914081913987,0.5
cancer,0.7064389635153284,1.0,0.009924943645593123,1.0,16.294219226266684,1292.0,0.4340202214326837,11.78267015041292,1.0,0.8618821810494548,0.8520212182184014
cancer,0.7039329090727142,0.9758178108939505,0.007243618428158464,13.0,10.238968277736962,3428.0,6.888412868148585,0.04986756215923837,1.0,0.8574283312133828,0.854894518626913
cancer,0.1,0.6068141732130516,2.0,15.0,1.0,1.0,0.0009765625,0.0009765625,0.1682195387648826,0.6268301947860551,0.6039875617340407
cancer,0.8833711098907291,1.0,2.0,1.0,1.0,971.0,0.013472843470077838,23.69301571663567,0.1,0.813290819536649,0.8073821718187915
cancer,0.50222886537641,0.24391335014922094,0.06846143369346895,4.0,1.0,45.0,0.0009765625,1024.0,0.900787726870851,0.7988155108684316,0.812141790134748
cancer,0.6914993338285984,0.6539660604710423,0.5247951449323142,9.0,1.0,1.0,10.124102320696228,0.0009765625,0.23618039199925972,0.6144587649756943,0.6029510395707579
cancer,1.0,0.3087254849920479,0.11142679496287854,15.0,39.20071225171128,1313.0,25.60885784493945,79.04636538851962,1.0,0.844097410457592,0.8321786781293823
cancer,0.6978342597732656,0.9120393150393197,0.12595149776469353,1.0,1.086511785781982,1242.0,0.14427700861407194,1.0220464680822767,0.9319730861382187,0.8562099675092053,0.8503521126760563
cancer,0.1,0.6273354474161466,0.001927862548651078,14.0,1.0,1.0,0.05000125263498086,0.09707134011815513,1.0,0.6541166543947597,0.6521210596914822
cancer,0.11860893681702415,0.45258379050635156,0.0017258628712758467,12.0,2.856554072038891,1436.0,0.011326527070042995,383.67345693885704,0.4047439418320722,0.8039647378233207,0.8108385159441498
cancer,0.3679900460345541,0.9675143719457536,0.4844907596129086,5.0,1.0,2308.0,0.014241147794283503,10.41158985822089,0.5943551156788119,0.8152142801067004,0.8001798670812755
cancer,1.0,0.4367826522154096,0.011165426906471716,12.0,14.167752151642722,1059.0,23.6920918828641,76.99888440427277,1.0,0.8486714838861076,0.8344994207670264
cancer,0.1,0.1,0.004232781993236825,1.0,82.99152765511747,1319.0,0.0009765625,0.06266092240462239,0.9196201077784489,0.7450114124483049,0.7757187061764528
cancer,0.554470173494885,0.2887177961180918,0.6252801381377282,14.0,29.849717008804483,1640.0,3.2376580126392245,0.003620143380312555,0.7818130800393409,0.8443033028717961,0.827449545759405
cancer,0.5339282026013514,1.0,0.009398855597998565,2.0,29.951879525985373,2667.0,0.23496332782281182,7.861400920649974,0.6153539521586563,0.8411379805882806,0.8407680934089384
cancer,1.0,1.0,0.412320778861942,1.0,1.3668512782725308,1.0,1.5190883795148349,1024.0,0.6790220340046726,0.7472288758819902,0.7463188220230473
cancer,0.5176824875573565,1.0,0.016581788871389346,15.0,85.13964440251307,2609.0,2.7156334298883915,0.002065079853023373,0.33182101163488875,0.5,0.5
cancer,0.40853790634680986,0.7882729996802305,0.08811728430570971,13.0,17.017877550541776,4817.0,8.380164493922239,0.12509760637430678,0.8504219727728758,0.8618361068409788,0.8477150783488812
cancer,1.0,0.797468419378338,0.3116194844331245,13.0,1.737026080500864,1405.0,0.578199124343016,0.0009765625,0.49229148766374753,0.8214793528708894,0.7845748734833242
cancer,0.2009592652605865,0.8069994614079562,0.0009765625,1.0,9.378690669909407,4683.0,0.05914650961742642,0.0009765625,0.3382075108984325,0.8446713275822587,0.8415683494908847
cancer,0.6449852797879807,0.6185363371382747,0.13139059068735598,13.0,16.973321917988528,3494.0,7.82935727727038,0.061137032928031285,0.8622599928979542,0.8583802089001651,0.8479208584842388
cancer,0.22783514469784572,1.0,0.015254485600902742,1.0,17.281627836851285,2852.0,0.060396202040205474,0.10859953978260574,0.898704068707226,0.861082644349368,0.8526004511920005
cancer,0.7219322351513255,1.0,0.0009765625,1.0,1.2621322389130707,2895.0,0.0028568161509070177,0.01747332951757032,0.8937620572056147,0.8551174950062126,0.8379519541491373
cancer,0.38438388577044,1.0,0.003368180252669876,14.0,16.470518232442043,4656.0,11.010968156926765,9.053379559878117,0.8822532174153093,0.8550407608695652,0.8470596305103348
cancer,1.0,0.5500086670684686,0.017956739521210015,12.0,7.109798073493888,313.0,44.75429961536132,472.554673206109,1.0,0.8349501804508804,0.8208074202792512
cancer,0.37212963380665687,0.23410404723893646,0.03941659522051754,1.0,127.99999999999999,1.0,0.08615277935363043,1024.0,1.0,0.5,0.5
cancer,0.6653408599937954,1.0,0.0017409008145975763,1.0,30.229499519543737,2469.0,0.22675478547797878,0.4120732827719418,0.6968717198346356,0.8430154108793146,0.8384282970550575
cancer,0.38363508064491925,0.517299233920622,0.16303251245066766,14.0,3.7099804583579203,127.0,140.28880260916284,0.022965045061563584,0.8643869882990357,0.5,0.7707990366441071
cancer,0.6530975863079058,1.0,0.03822036111962359,1.0,11.822289171560366,324.0,0.23096588701294773,234.3753799751222,0.7658550662565313,0.8510110088641145,0.8271751722455947
cancer,1.0,0.24131623312226846,0.007079022891165168,12.0,5.837670890318001,2887.0,42.26554673830348,2.427971980697476,1.0,0.8470934682846313,0.8293206206938601
cancer,0.39591134065138023,1.0,0.0010704476016548184,14.0,56.59041145359168,2707.0,6.1256396762617,24.824118707741672,0.9432860454640375,0.8293875510715388,0.8228652216328273
cancer,0.2727101974469056,0.7878175857122794,0.028058061647470864,13.0,9.394381961302262,3527.0,6.979613206179493,1.8732954696798114,0.9087592571658485,0.8603493695697522,0.856658892750442
cancer,0.6157670641691175,1.0,0.0011940946215253051,1.0,95.0549809477518,2223.0,0.23163219028565765,17.230689023171696,1.0,0.6976384599862147,0.7900852082190111
cancer,0.21967832408497556,1.0,0.002986381905787093,3.0,12.670678603691305,5000.0,0.031640943148631424,0.09108013730407837,0.8300996384893021,0.8566278556982461,0.8513810133528443
cancer,0.2639559988246003,0.6948469691132232,0.020927593869060013,1.0,10.699822915000183,3364.0,0.06551722057117117,0.041896109792011096,0.8860246692286605,0.8603244148029241,0.8579507347112981
cancer,0.649718485076282,1.0,0.0528388683590779,13.0,3.7273872764719287,80.0,1.8737210181616635,0.006680076546702827,0.48965541646186084,0.8556860789528578,0.8585604536308761
cancer,0.6624712215788227,0.46386157562871655,0.0855932396109895,13.0,21.326604718770675,1322.0,5.824281970984132,0.03897872945817115,0.8477583277746319,0.8578522611201048,0.8461679165904519
cancer,0.3857457212875688,0.8777690890351814,0.10107842436094808,13.0,12.05441064862519,4346.0,6.053644761127218,0.5263341086294813,0.9370678027189018,0.854867933875678,0.8450246936162429
cancer,0.6094132263494625,1.0,0.1817200448383853,3.0,11.038001455836365,3117.0,0.2165173652868863,42.66445581133149,0.8642022470168598,0.8273520739239266,0.7956069751844399
cancer,0.4520731106560011,0.1,0.0009765625,12.0,4.549103592694424,5000.0,26.055150751735894,0.0009765625,1.0,0.8392264957555641,0.8347928479970734
cancer,0.8633191677243208,1.0,0.023589832224762623,1.0,28.09687432716076,1162.0,0.6079292539260107,0.31644786716743023,0.9080146334338034,0.854125504763654,0.8482447716602647
cancer,0.33226563312406737,0.1,0.01255148307697546,12.0,6.618758256110628,2539.0,24.405764827352808,33.443229538356455,1.0,0.8425872743726307,0.8350405463081519
cancer,0.30143640539986594,0.747635805542225,0.0018741416178927816,12.0,2.471249301791465,1847.0,0.1201841711246408,0.13680861019266363,0.20795712331713628,0.8567225576921332,0.8546125236266082
cancer,0.6914460380980065,0.5910080203436313,0.058310284483835864,1.0,10.860897379856608,3800.0,0.20866288348683149,385.66874461021837,0.7693469146415856,0.8620921305617528,0.8552069995731967
cancer,0.9188014415690723,0.1,0.9703816384383233,1.0,13.52423925058759,4226.0,0.18516291237394594,0.1340782562708877,0.7789569231166177,0.8295312400804449,0.8065514297908665
cancer,1.0,0.9320391260407715,1.7913649487866654,14.0,13.15983359680009,3923.0,5.6695757973534455,824.4921202859691,0.793251417681055,0.8494265023308122,0.8271446862996159
cancer,0.3648891762543035,0.895681216454896,0.0009765625,11.0,17.146259121517947,707.0,6.597120718389195,0.0009765625,0.8172149785229788,0.8478417088389472,0.8318319004938722
cancer,0.5078548652659595,0.8151191206340562,0.005893852229181178,14.0,17.29247863333408,1700.0,7.055772212636903,0.0009765625,0.7944319687748811,0.8561939559299668,0.8491326748369001
cancer,0.2513369828877954,1.0,0.06483364022949173,1.0,8.284857925573503,4885.0,0.06583325563853067,261.80125502618216,0.9233554294905568,0.8658498281366199,0.8596731906591062
cancer,0.3252126861552006,0.19157503264194062,0.0009765625,15.0,1.0481141225390724,1072.0,0.12282581802354414,0.0009765625,0.4319082693963371,0.8221942594683572,0.8316413633315042
cancer,0.1,1.0,1.7915980055182317,1.0,9.427003545081346,1.0,0.004597500315253055,45.963154958366644,1.0,0.5888761484010812,0.5780287787330041
cancer,0.8903412344816161,1.0,0.0017517431010149647,1.0,1.0,4831.0,0.0024411581726384657,18.28101477835407,0.8138173467149291,0.8596876388737733,0.8466785561855985
cancer,0.4101602732635322,1.0,0.002487951899241572,2.0,13.296194395099539,2615.0,0.05740511383640872,1024.0,0.7507089346083998,0.84401168140996,0.8300980123163221
cancer,0.44683720541778205,1.0,1.9181488361186694,13.0,4.16709262404792,5000.0,4.963583485518766,1.0288280729767418,0.9800838478844877,0.7940986043469191,0.7961519114688129
cancer,0.7670519175574841,0.18078587191967196,0.003235980683999194,14.0,4.44123214390897,4766.0,2.164465873018819,0.20245142529029192,0.48331995826365715,0.8608191908817181,0.8536903237607463
cancer,0.5996406784903692,0.33470082748000174,0.0009765625,8.0,1.0941352721425537,2473.0,0.008082851382210602,35.12497316746554,0.7485443854663382,0.839489844359344,0.8431231327358089
cancer,0.6442146992009937,0.178808129408824,0.0033691877483327656,12.0,8.14037112312976,2186.0,16.532699283468496,0.6074011749924514,0.9981720587951647,0.8463270990345724,0.8404746661788914
cancer,0.1,0.4369870910644935,0.005632492504020979,5.0,6.400044156675342,3167.0,0.13820405156271243,3.749111010530069,0.25325439272970873,0.8293110032808221,0.8328455581976708
cancer,1.0,0.8693502012602543,0.0009765625,1.0,1.5747007128812807,1907.0,0.0010669624633269288,2.0986412154383833,0.6725417577341799,0.8514185240325316,0.8297131272483386
cancer,0.1,0.43063464082032465,0.0009765625,1.0,16.00856906310387,3191.0,0.26594945655129826,1024.0,0.8798171892980903,0.761862022387586,0.776656149015304
cancer,0.9812414471871606,0.6858433807484229,0.00186114734254744,14.0,3.7930988646035586,4146.0,2.0743769599588555,0.2638438746332578,0.4648710852071606,0.8602054184011717,0.851861167002012
cancer,0.34600032327861563,0.8594131590112306,0.09585493871663268,1.0,14.14205566176595,4679.0,0.10327467988917303,0.008416982856488866,0.7731778876047601,0.8481633801763074,0.8289052496798975
cancer,1.0,0.8767924409209581,0.0009765625,1.0,1.0665588372289818,4874.0,0.001371521619276557,0.0009765625,0.9860863053443228,0.8614247768950319,0.8453562282787636
cancer,0.10429247377059082,1.0,0.028428549516251733,15.0,2.1824059128493074,5000.0,0.27732089366849766,0.356302641662024,0.3341988119193356,0.8241303582603254,0.8141424303396134
cancer,0.510717233617983,0.9171225144050011,1.3197933956506387,1.0,13.09162432733023,5000.0,0.16320642994176227,0.1254877975891948,0.42751749303486475,0.7858592673019716,0.8138832997987928
cancer,1.0,0.38562043801780677,0.04806705731631312,1.0,14.022758942547643,5000.0,0.3661923190137003,53.78645560314255,1.0,0.8597357834351363,0.8495747210535943
cancer,0.886664871030247,0.767676603296189,0.006182838644387611,1.0,16.04355821257442,1348.0,0.3674036272715739,0.1710912768322219,1.0,0.861798988573806,0.8498071763916835
cancer,1.0,1.0,0.0009765625,1.0,19.359183919428357,21.0,0.0070179922866035515,1024.0,0.1,0.5,0.5
cancer,0.1,0.8712375868214961,0.0015383333070779592,6.0,13.754284477380043,3726.0,0.056681149880350834,0.3716799016462377,0.4347391117191982,0.8438866843858264,0.8464041826717882
cancer,0.1,1.0,0.0009765625,10.0,3.2513764172783586,2988.0,0.06926524000699433,199.2370411610704,0.1,0.8192453216543326,0.8195994146698371
alzheimer,0.46909356296798244,0.7549531688595925,1.1987642685433468,5.0,25.83107246311605,2071.0,0.12662434382125431,27.666815350407898,0.37401697993285554,0.7231275303643725,0.6683000604960677
alzheimer,0.8536495199979559,0.894983749642776,0.009871679072767706,14.0,66.20624525771561,313.0,0.006643553197618648,0.1313736598687076,0.6721561916912533,0.5,0.5
alzheimer,0.5003492610710367,0.9268502695024393,0.002172317575011194,7.0,2.4892071659245056,2269.0,0.008425401080976913,32.696189995885675,0.6016063807304213,0.8712213225371119,0.8519207501512401
alzheimer,0.8311563895216271,0.2546844052569046,0.0933321443393548,12.0,12.652637928531286,478.0,34.679487104144975,175.16941226942794,0.9207359753561953,0.8213394062078272,0.836895039322444
alzheimer,0.8195980974464558,0.4942262677968311,0.0541393962176335,11.0,80.2797660628774,3585.0,0.349547748924183,8.031570020313513,0.41777546097517426,0.5,0.5
alzheimer,0.7606252161870115,0.9454327638424945,0.0033998315079271793,4.0,48.62150415616877,1864.0,0.5666344740221539,1.619224699922767,0.8067555434282462,0.7403846153846153,0.7372958257713249
alzheimer,0.6553714226520847,0.7978279409450943,0.015084934591072068,13.0,17.732668202120195,2974.0,7.865563870926734,0.3395395929949125,0.7604942367419253,0.8370782726045883,0.8530852994555355
alzheimer,0.5890627609212813,0.9280083037935848,0.043019475321926876,13.0,4.817951517559621,257.0,2.6676253308125464,0.0013964907191492126,0.44715663188619825,0.8696356275303645,0.8506503327283725
alzheimer,0.9599301876789355,0.7305593001592294,0.751669938826941,7.0,6.3530675265639065,1058.0,0.000977389356827295,0.1665133499923576,0.634941022232247,0.8026653171390012,0.7962643678160921
alzheimer,0.10326727652926891,0.8360470176973764,0.27818377604776484,5.0,16.571707470587405,1374.0,0.07467587900293658,0.008098619589439575,0.9044542549472675,0.8185222672064778,0.8055202661826981
alzheimer,0.1,1.0,0.0009765625,1.0,11.667003002696697,5000.0,1024.0,0.0009765625,0.9569941856392592,0.5,0.5
alzheimer,0.18886054828193144,0.22468621897981877,0.0033020124506697307,15.0,1.0,4602.0,0.027151548007937384,0.4207082587513506,1.0,0.851923076923077,0.8484573502722323
alzheimer,0.6610413476691559,0.7352802084713927,0.8136541950408641,10.0,3.58071215467153,4862.0,0.19577175127264979,0.0026098200968726177,1.0,0.8345141700404859,0.8182546884452511
alzheimer,0.2522557608550614,0.6427150221766906,0.03471508611453284,1.0,1.0,3889.0,0.0014485737065873293,0.9819151629680142,1.0,0.8685560053981106,0.8497428917120387
alzheimer,0.5538707986758197,0.8971155576416248,0.16265078214385056,8.0,1.0,3586.0,0.0009765625,14.776297893696324,0.1,0.8364035087719299,0.8229582577132486
alzheimer,0.1,1.0,0.0009765625,15.0,2.450431539657389,4659.0,35.886753696492576,0.008755197165808637,1.0,0.8392881241565451,0.8238354506957049
alzheimer,0.17186465771325593,0.5779560362744192,0.0110165778709218,1.0,1.0,1.0,0.1983439264163593,8.402889920043409,0.1,0.6882253711201078,0.6718088324258923
alzheimer,0.7552157317109347,1.0,0.0016515889958615296,1.0,5.235885176641325,1418.0,0.0026213471950620537,124.95675434032219,1.0,0.82609649122807,0.8101557773744706
alzheimer,0.35999685031298423,1.0,0.010043633545538238,15.0,5.824116570218422,1212.0,5.062041340145397,0.03717888841058689,0.5853925615771497,0.8741902834008097,0.8538566243194192
alzheimer,0.1,0.7691959309531778,0.0009765625,8.0,1.0197416310019591,1.0,0.0009765625,0.44503196892530966,1.0,0.48228744939271256,0.47960526315789476
alzheimer,0.1,0.37042041580632734,0.01069584710733403,1.0,1.066669846422254,4322.0,0.002558302504223684,0.017014520493966304,1.0,0.8546896086369771,0.8405021173623715
alzheimer,0.31561843745953855,1.0,0.008798664915102889,10.0,6.756339659083612,1483.0,0.9076167179025342,0.0009765625,1.0,0.8663292847503374,0.8611766485178463
alzheimer,1.0,1.0,2.0,15.0,3.1585552573484423,3248.0,0.883536674154328,1024.0,1.0,0.8540485829959514,0.8514216575922565
alzheimer,0.37107704553684706,1.0,0.03408280126419402,1.0,2.647013254655426,3202.0,0.007968068971346562,0.01816399470960233,1.0,0.8712887989203779,0.8526467029643072
alzheimer,0.27155865217427216,1.0,0.0009765625,7.0,12.517918999878116,716.0,1.6699753675540454,0.0009765625,0.9388296082168787,0.8691632928475034,0.8537658802177859
alzheimer,0.19892126168821597,1.0,0.0009765625,10.0,9.32699419654017,725.0,1024.0,0.0009765625,0.8906884982698468,0.5,0.5
alzheimer,1.0,0.1,2.0,15.0,1.0,5000.0,5.611992544732579,0.0009765625,0.1,0.7121120107962213,0.7282365396249244
alzheimer,0.26819235013195175,0.9086763094692164,0.1150026738297764,7.0,127.99999999999999,1.0,26.202443609423753,0.09146381765277202,0.5113777281849154,0.5,0.5
alzheimer,1.0,1.0,0.4086656562962373,15.0,2.3523526166258466,5000.0,0.0009765625,1024.0,0.1,0.8428137651821862,0.8282214156079855
alzheimer,1.0,0.9873937728359864,0.003064202744412886,15.0,3.2518540403567613,2681.0,0.02827915128139164,1024.0,1.0,0.8510796221322536,0.8520417422867512
alzheimer,0.1,0.19535500121726784,0.0026088519596514943,6.0,5.692210862630717,3007.0,6.352459615698955,171.39368221435933,1.0,0.8531713900134953,0.8290078644888083
alzheimer,1.0,1.0,2.0,15.0,11.254641616220676,355.0,3.028829039043317,0.0009765625,1.0,0.7254554655870444,0.5499848759830611
alzheimer,0.5806246800094008,0.22112672644622391,0.0009765625,1.0,15.577740644812815,5000.0,0.02233653006175691,0.0031471903042348376,0.1,0.5,0.5
alzheimer,0.1,0.5518282984088253,0.0009765625,1.0,5.778195259302824,952.0,2.6830644750430697,657.799938383034,0.1,0.7503373819163293,0.7431412583182092
alzheimer,0.1,0.9452616423008913,0.0009765625,6.0,9.038158240322657,1557.0,0.9413289459381968,0.0053322101932673045,0.8589106964740308,0.867037786774629,0.842075015124017
alzheimer,0.8025408816214656,1.0,0.011323116885736931,1.0,1.275641289230672,5000.0,0.0009765625,1024.0,0.8954305906825297,0.8603576248313092,0.8561705989110708
alzheimer,0.47481063768543685,0.8342564912595086,0.005063394991608676,10.0,8.191270697134815,1635.0,2.4721930075385647,40.06491913116298,0.7535908902757357,0.8755398110661268,0.8557773744706594
alzheimer,0.33204806948245186,0.9841496788251017,0.1338384485082803,1.0,1.2101798196950129,4177.0,0.0015864838767608433,1024.0,0.868628231615118,0.8750674763832658,0.8534936479128856
alzheimer,0.31276831993807996,1.0,0.014235224737548397,3.0,2.7206351769559785,2792.0,0.007922012988002625,0.1601435867611037,0.5638128420663979,0.8574898785425102,0.8446914700544463
alzheimer,0.740153937054419,1.0,0.019215894060667656,8.0,2.210529060898077,2999.0,0.002785229264738658,1024.0,0.7239267665291299,0.8681848852901485,0.8494857834240775
alzheimer,0.40504300605142374,1.0,0.0009765625,15.0,1.7916317157442836,3961.0,2.769665612223436,47.89871069133116,0.9897460485844041,0.8643387314439946,0.8463399879007864
alzheimer,0.23384047913411352,0.8452606501045186,0.0009765625,14.0,5.168966610888759,1399.0,6.283520015075123,5.722151323298366,0.5735932861071747,0.8643724696356274,0.8501814882032668
alzheimer,0.40194229274737847,0.6416854237431132,0.0009765625,2.0,10.816696963295474,1515.0,1.965097336271483,736.6858787793633,1.0,0.8493252361673413,0.8319721718088324
alzheimer,0.3608605198706718,0.7335254126105775,0.12989280679094062,3.0,1.0142571750758849,4713.0,0.001818038842903768,19.427612623245068,1.0,0.8562078272604587,0.8432546884452511
alzheimer,0.309147654122797,0.1069044900282469,0.027044006607213532,15.0,5.730254085678387,3229.0,4.792122581532436,53.79451331909967,1.0,0.8624493927125506,0.8419540229885057
alzheimer,0.5515396135580307,1.0,0.0009765625,15.0,3.2071048252597283,2242.0,0.05061900365194597,0.20161456841298564,0.7706255504833853,0.8651484480431849,0.8609044162129462
alzheimer,0.2699977568533888,1.0,0.0009765625,15.0,6.653280353515028,703.0,1.99985527521227,0.0009765625,0.7434525177616101,0.8723684210526315,0.8569419237749547
alzheimer,1.0,0.466659604207908,0.0014272807666161846,15.0,1.0,1.0,96.0168195809941,0.0009765625,0.19855075824253504,0.5,0.5
alzheimer,0.572275336841877,1.0,2.0,15.0,6.876160411276878,1364.0,4.623104781964619,0.004464922778051061,0.582428182082236,0.7612010796221322,0.7544918330308531
alzheimer,0.2778298800465007,0.8368353107960202,0.0059540077517088235,12.0,14.386983271949626,552.0,1.2422626288127483,0.0009765625,0.8702130020388892,0.8723009446693657,0.8580611010284331
alzheimer,1.0,1.0,2.0,1.0,3.10409182408151,2546.0,0.015390985232665098,1024.0,1.0,0.8698380566801621,0.8553236539624924
alzheimer,0.27102949782948127,1.0,0.00709068954503864,15.0,6.589693923089042,623.0,1.8697593105832888,0.0009765625,0.6654730832272215,0.875033738191633,0.8604204476709014
alzheimer,0.7748300558528385,1.0,0.1420861075862003,1.0,1.7151271687080298,3757.0,0.0009765625,1024.0,0.9532930557325477,0.8744264507422402,0.8554446460980036
alzheimer,0.3628482484354558,1.0,0.0012154102232095473,15.0,7.782276188437102,1620.0,3.650678854875253,4.172965442326479,1.0,0.868825910931174,0.8595886267392621
alzheimer,0.1961767366231636,1.0,0.021195582835670305,15.0,8.756623127697818,1318.0,4.3455844873385345,0.0009765625,0.8290363496673994,0.8701754385964913,0.8546733212341198
alzheimer,0.5730428472953256,0.4871262984335819,0.0038948647575974458,13.0,11.058938012979569,780.0,4.042809937826325,0.051907745453368064,0.6956656365591117,0.8763157894736843,0.8551950998185118
alzheimer,0.1,1.0,0.014444546880027869,6.0,9.500004624301983,282.0,1.108999585675754,0.5289382440107827,0.7390656760522675,0.8730769230769232,0.8484422262552934
alzheimer,0.7816152500821006,1.0,0.003325050073528237,15.0,1.0824180672776489,4947.0,0.0009765625,1024.0,0.43353493108477514,0.8544871794871793,0.8327132486388384
alzheimer,0.17855977191900363,1.0,0.03610168775955377,15.0,2.324918120739858,4100.0,4.235924723606599,0.0009765625,1.0,0.868387314439946,0.8608741681790684
alzheimer,0.1,1.0,0.013393400508389079,8.0,1.0,3778.0,0.007639256522233545,0.0009765625,0.9349687812604082,0.8605263157894736,0.851799758015729
alzheimer,1.0,1.0,0.4969667400153296,11.0,1.5855250483779244,3495.0,0.20577376341148196,1024.0,1.0,0.8559379217273954,0.8481699939503933
alzheimer,1.0,1.0,2.0,15.0,1.5773911035116706,4156.0,0.0009765625,0.1526722405259161,0.6247074729816596,0.5684547908232119,0.628970054446461
alzheimer,1.0,1.0,0.9640069256112014,1.0,3.679792277696112,2176.0,0.06139682837075149,1024.0,1.0,0.8707827260458838,0.8566545674531155
alzheimer,0.7766509161244983,1.0,0.024719693653514938,13.0,1.860776800977791,4851.0,0.0016136945256689985,1024.0,0.1,0.8238191632928474,0.8153811252268601
alzheimer,0.8613165999864791,1.0,0.0025157806243246614,13.0,1.9042751387317305,4054.0,0.01744773760737691,1024.0,0.6978116711518361,0.8505735492577597,0.8387779794313368
alzheimer,0.21491180443350294,1.0,0.04469414186771449,1.0,1.4033712109015593,3626.0,0.0019731505105221887,1024.0,0.8420132902855532,0.870310391363023,0.849712643678161
alzheimer,1.0,1.0,1.1803706772815987,1.0,3.6339851451090364,3534.0,0.0009765625,1024.0,0.1,0.8031376518218624,0.7943889897156684
alzheimer,0.9259292157423329,1.0,0.010523086382589752,12.0,5.755420601670705,660.0,0.9216265420070652,1024.0,0.4429399563703267,0.8461707152496626,0.8279038112522685
alzheimer,0.22864052077925578,0.632842552957797,0.008609646191406044,1.0,2.0501800211853225,5000.0,0.0011066595326186168,0.03493848901147764,0.550097440376535,0.8663292847503374,0.8507259528130671
alzheimer,0.4353788929023771,0.42661182685656696,0.4268354269323841,1.0,4.289337933428653,1056.0,0.0062549184223400145,1024.0,1.0,0.873076923076923,0.8523290986085905
alzheimer,0.42365634417932796,0.9581268874494091,1.558090118022921,1.0,1.533839000101035,3062.0,1.8781387672127567,1024.0,1.0,0.8728407557354926,0.8556563823351483
alzheimer,0.941026047019176,0.910239095297491,0.003706923206714988,15.0,1.7201580863693238,5000.0,2.63257058417593,0.464122102770292,1.0,0.8585020242914979,0.8577132486388384
alzheimer,0.1,1.0,0.07575494578454034,1.0,2.0199584684360636,4193.0,0.0018463067020560644,494.8420736529467,1.0,0.8657557354925777,0.848200241984271
alzheimer,0.8997993566227828,1.0,0.18228771929496987,1.0,2.6900648466605444,4538.0,0.0009765625,1024.0,0.1,0.8322874493927126,0.820977011494253
alzheimer,0.37332432714670427,0.43912039917093604,0.011724167761568321,1.0,4.460372748061229,2478.0,0.0034271653491410774,0.001881739044088879,0.7711023081758384,0.86889338731444,0.8557017543859649
alzheimer,0.16771508070778757,0.4092928653399779,0.4214990437677406,1.0,1.5098944382324166,3056.0,12.387096197629502,1024.0,1.0,0.8799257759784075,0.8559513006654567
alzheimer,0.21296437611668384,0.32977680652656327,1.7286488759717522,1.0,1.0,4469.0,44.30199289828171,1024.0,1.0,0.7287786774628879,0.7816167574107683
alzheimer,0.11834636942712612,0.36136546826858185,0.2949218043778548,2.0,1.7751950919199422,2701.0,6.2966502441504355,32.86059510584844,1.0,0.8746288798920376,0.8562310949788264
alzheimer,1.0,1.0,0.05277035343265056,15.0,4.650656854270055,2418.0,6.122302970366974,1024.0,0.6492811556902908,0.8682186234817812,0.8521022383545069
alzheimer,0.9471230818436016,1.0,1.9522737437223343,2.0,4.793173798762993,1143.0,0.02786882152103055,1024.0,1.0,0.860290148448043,0.8517241379310345
alzheimer,0.13167839885365681,0.9619449628399432,0.6156358441331984,1.0,1.480976665884407,1627.0,2.7513590757494115,149.84575502660613,1.0,0.8704116059379217,0.856578947368421
alzheimer,0.1,1.0,0.21354461178238568,1.0,1.8037965111479033,2577.0,0.00519772228960088,580.072327474599,1.0,0.8662955465587044,0.8517392619479733
alzheimer,0.16131745391661537,0.7009034052794328,0.16133982774345257,4.0,1.676395818664218,599.0,20.911509256254963,1024.0,1.0,0.8590418353576247,0.8394963702359347
alzheimer,0.8350268827406214,1.0,0.25397754607009776,1.0,4.035498676871226,5000.0,0.014336152868293994,1024.0,0.6673016701808022,0.8676113360323887,0.8520266182698124
alzheimer,1.0,0.5435741786593908,0.00859604515823057,10.0,1.0,5000.0,0.0009765625,1024.0,0.3045648254225858,0.8614035087719298,0.8323502722323048
alzheimer,0.2713802486316834,0.44689087508459613,0.00959684967907273,8.0,4.1014634287765315,5000.0,0.005762799364102536,0.0009765625,1.0,0.8589068825910932,0.8521476104053236
alzheimer,1.0,1.0,2.0,1.0,1.8622504314031076,1383.0,0.09643857473941014,1024.0,1.0,0.8720985155195681,0.8554597701149427
alzheimer,1.0,0.9406767973714214,0.05681849163261112,3.0,5.1130948091477535,934.0,0.0829847641201688,1024.0,0.8852096704966218,0.8737516869095815,0.8517846339987901
alzheimer,0.9153593608923194,0.9955586560770371,0.006491399725342111,5.0,1.0,4457.0,0.13962758687044222,0.0009765625,1.0,0.8547908232118757,0.8559134906231094
alzheimer,0.5236962121405287,0.9766659520529345,0.0024636769394006416,9.0,4.715703626475636,4035.0,0.008810597664431031,0.0009765625,0.7313298756421363,0.8670377867746287,0.8596944948578342
alzheimer,0.32261193518361087,1.0,0.4470973176113928,10.0,2.3927497311996953,4814.0,9.496709870156625,1024.0,1.0,0.870310391363023,0.8467634603750757
alzheimer,1.0,0.6909886408218011,0.4992437043185482,14.0,3.626107331515304,1.0,0.03897420617355323,1024.0,0.1,0.6910931174089068,0.6718088324258923
alzheimer,1.0,1.0,0.14188726110359362,1.0,4.751844835345138,2401.0,0.011310424129140444,1024.0,0.807278464612275,0.8772941970310392,0.8561705989110708
alzheimer,1.0,0.7561711051965533,0.09620947733695326,1.0,1.6959562310063316,1395.0,0.0009765625,1024.0,0.7619127219437938,0.8742914979757085,0.854847247428917
alzheimer,0.9128994585763786,1.0,0.03584641616697355,1.0,5.147102945174032,5000.0,1.217491195451251,0.0009765625,0.6723118162838999,0.8522604588394062,0.8455686630369027
alzheimer,0.1378306512792733,0.5671430219649477,0.04328181313734046,15.0,6.728548366755944,218.0,7.2882386161872095,1024.0,0.44101501820476086,0.8349865047233468,0.831896551724138
alzheimer,0.1,1.0,0.004920898867744415,1.0,3.199335008285472,4945.0,0.007175033877527104,0.0017279147787093467,0.7971848198130596,0.8734480431848851,0.8518300060496069
alzheimer,0.761579521486495,0.9293097445587716,0.34935062489028534,15.0,1.1766121827135942,910.0,7.445097570968795,1024.0,1.0,0.8652496626180837,0.8451149425287356
alzheimer,0.9541148142703048,1.0,0.30703182518188243,6.0,3.634003574421264,1.0,0.019345480442113865,1024.0,0.8973249732182326,0.8122132253711201,0.808008166969147
alzheimer,1.0,0.7616585340376354,0.002613190609303092,1.0,5.165088160235316,1241.0,0.02853889396464084,0.0009765625,0.893404510650968,0.88306342780027,0.8533424077434968
