dataset,colsample_bylevel,colsample_bytree,learning_rate,max_depth,min_child_weight,n_estimators,reg_alpha,reg_lambda,subsample,cv_roc_auc,test_roc_auc,star_test_roc_auc,diff_from_star
heart,0.3838947368421053,0.999,0.07618835338777971,11.0,3.2257959270307297,3773.0,1.1945028172479297,717.6713346071435,0.9516842105263158,0.7525321711171582,0.8002404871804818,0.7976804623559987,-0.0025600248244831425
heart,0.5731578947368421,0.5731578947368421,0.03499433750413056,5.0,1.6519132559793048,2920.0,3.4698463869276917,0.001988148211596466,0.14731578947368423,0.7466722343900946,0.7958186261200109,0.7976804623559987,0.0018618362359877905
heart,0.6204736842105263,0.3365789473684211,0.0011409804566721465,12.0,28.395417264496608,1185.0,0.04873241877701549,1.704360792857148,0.6204736842105263,0.6368919751037957,0.702746208448082,0.7976804623559987,0.09493425390791665
heart,0.8570526315789474,0.5258421052631579,0.06520943318543869,12.0,12.300880266076668,1807.0,0.001988148211596466,352.5144195057326,0.9516842105263158,0.7542481729755242,0.8010550405337264,0.7976804623559987,-0.003374578177727794
heart,0.3838947368421053,0.4785263157894737,0.36113552355158496,2.0,1.6519132559793048,601.0,0.09921256574801243,0.016776250308876854,0.14731578947368423,0.6448187724460374,0.6646367479927078,0.7976804623559987,0.13304371436329088
heart,0.999,0.762421052631579,0.002484099669874505,12.0,108.27982791749976,776.0,173.15226339294657,0.09921256574801243,0.8570526315789474,0.5,0.5,0.7976804623559987,0.29768046235599865
heart,0.24194736842105266,0.9043684210526316,0.4219377403724003,4.0,1.182122307190268,1022.0,0.005775263807731052,0.0028367633908482908,0.9043684210526316,0.6950611343406857,0.7423296225902797,0.7976804623559987,0.05535083976571897
heart,0.6204736842105263,0.14731578947368423,0.003961899949091121,14.0,1.6519132559793048,4912.0,0.14156015773094438,0.011757650340698408,0.7151052631578948,0.7241867436561138,0.7491951437104845,0.7976804623559987,0.0484853186455142
heart,0.4312105263157895,0.8097368421052632,0.9186269540704755,2.0,10.405759362848045,1077.0,3.4698463869276917,7.064134542013183,0.6677894736842106,0.7104846500446156,0.7347659128815794,0.7976804623559987,0.06291454947441921
heart,0.4785263157894737,0.762421052631579,0.9186269540704755,1.0,55.44953466933059,2569.0,3.4698463869276917,0.0009765625,0.6204736842105263,0.5,0.5,0.7976804623559987,0.29768046235599865
heart,0.4312105263157895,0.5731578947368421,0.011774721396962751,8.0,1.3974131491568424,4515.0,85.05100687835207,0.004047598910744807,0.5258421052631579,0.5,0.5,0.7976804623559987,0.29768046235599865
heart,0.3838947368421053,0.4785263157894737,0.06520943318543869,7.0,3.813285323786536,4876.0,121.35392183541367,85.05100687835207,0.8097368421052632,0.5,0.5,0.7976804623559987,0.29768046235599865
heart,0.2892631578947369,0.19463157894736843,0.7862506580094955,8.0,33.56685617033712,1571.0,0.0009765625,173.15226339294657,0.2892631578947369,0.5,0.5,0.7976804623559987,0.29768046235599865
heart,0.762421052631579,0.7151052631578948,0.001333080476167965,1.0,1.9527635094364437,503.0,0.09921256574801243,717.6713346071435,0.4785263157894737,0.7687446996010412,0.8043326480741632,0.7976804623559987,-0.006652185718164505
heart,0.762421052631579,0.762421052631579,0.047769874537665395,10.0,91.59782135815125,1485.0,59.60807579694174,717.6713346071435,0.8570526315789474,0.5,0.5,0.7976804623559987,0.29768046235599865
heart,0.999,0.24194736842105266,0.08901572837528347,5.0,39.680129461202796,1679.0,20.520220934973292,247.0600526513107,0.6677894736842106,0.5,0.6419650129940654,0.7976804623559987,0.15571544936193327
heart,0.3838947368421053,0.9516842105263158,0.025635479875238686,12.0,1.182122307190268,2730.0,0.005775263807731052,14.381615571128657,0.6204736842105263,0.7335956431642368,0.7750669097397308,0.7976804623559987,0.02261355261626785
heart,0.6204736842105263,0.999,0.08901572837528347,14.0,5.328735052946112,1664.0,14.381615571128657,4.950905141221709,0.3838947368421053,0.7634567450572629,0.7958962026298437,0.7976804623559987,0.0017842597261549242
heart,0.1,0.1,0.055812601103520335,14.0,55.44953466933059,2676.0,0.0695332172560304,0.001988148211596466,0.3838947368421053,0.5,0.5,0.7976804623559987,0.29768046235599865
heart,0.3365789473684211,0.4312105263157895,0.055812601103520335,9.0,128.0,3749.0,85.05100687835207,3.4698463869276917,0.762421052631579,0.5,0.5,0.7976804623559987,0.29768046235599865
heart,0.4785263157894737,0.999,1.7117953147914593,14.0,14.541144960605786,4660.0,0.04873241877701549,717.6713346071435,0.14731578947368423,0.5,0.5,0.7976804623559987,0.29768046235599865
heart,0.19463157894736843,0.8570526315789474,0.2645537280180739,1.0,46.906766188285566,3153.0,0.0013933954886848076,0.0013933954886848076,0.2892631578947369,0.5,0.5,0.7976804623559987,0.29768046235599865
heart,0.1,0.1,0.016073370835566828,14.0,1.182122307190268,1708.0,7.064134542013183,59.60807579694174,0.3365789473684211,0.7528689630760381,0.7953143788060977,0.7976804623559987,0.002366083549900977
heart,0.24194736842105266,0.5731578947368421,0.011774721396962751,6.0,46.906766188285566,2932.0,121.35392183541367,0.005775263807731052,0.5731578947368421,0.5,0.5,0.7976804623559987,0.29768046235599865
heart,0.8097368421052632,0.8097368421052632,0.1419715215115186,9.0,91.59782135815125,4283.0,0.005775263807731052,0.20198326800364308,0.19463157894736843,0.5,0.5,0.7976804623559987,0.29768046235599865
heart,0.999,0.24194736842105266,0.016073370835566828,10.0,1.3974131491568424,147.0,0.8371683896936676,59.60807579694174,0.3838947368421053,0.7281552399283202,0.7882937046662271,0.7976804623559987,0.009386757689771597
heart,0.999,0.4785263157894737,0.1419715215115186,8.0,2.7288174052801484,2386.0,1024.0,0.0009765625,0.5731578947368421,0.5,0.5,0.7976804623559987,0.29768046235599865
heart,0.9043684210526316,0.5258421052631579,0.19380169062283858,7.0,91.59782135815125,624.0,0.0013933954886848076,0.0009765625,0.8097368421052632,0.5,0.5,0.7976804623559987,0.29768046235599865
heart,0.6204736842105263,0.2892631578947369,0.2645537280180739,11.0,39.680129461202796,2057.0,173.15226339294657,0.5867302300023128,0.8097368421052632,0.5,0.5,0.7976804623559987,0.29768046235599865
heart,0.8097368421052632,0.19463157894736843,0.01877954764413522,8.0,33.56685617033712,3192.0,85.05100687835207,3.4698463869276917,0.999,0.5,0.5,0.7976804623559987,0.29768046235599865
heart,0.5731578947368421,0.8570526315789474,0.002902332595970602,4.0,2.3084053051719735,4200.0,0.8371683896936676,173.15226339294657,0.8097368421052632,0.7588559987610894,0.8003568519452309,0.7976804623559987,-0.00267638958923222
heart,0.19463157894736843,0.9043684210526316,1.0732906512042744,2.0,1.182122307190268,2870.0,173.15226339294657,0.20198326800364308,0.4785263157894737,0.5,0.5,0.7976804623559987,0.29768046235599865
heart,0.24194736842105266,0.1,0.0015575232209703396,1.0,8.802608071563268,1301.0,0.8371683896936676,0.011757650340698408,0.3838947368421053,0.7478367366503691,0.8083472324580118,0.7976804623559987,-0.010666770102013112
heart,0.19463157894736843,0.8570526315789474,0.1419715215115186,12.0,77.4859088615508,4566.0,1.704360792857148,29.279010076269905,0.3365789473684211,0.5,0.5,0.7976804623559987,0.29768046235599865
heart,0.3365789473684211,0.6677894736842106,0.002902332595970602,11.0,77.4859088615508,226.0,1.1945028172479297,29.279010076269905,0.1,0.5,0.5,0.7976804623559987,0.29768046235599865
heart,0.762421052631579,0.1,0.0018197540412827756,12.0,108.27982791749976,816.0,0.5867302300023128,0.0028367633908482908,0.19463157894736843,0.5,0.5,0.7976804623559987,0.29768046235599865
heart,0.8570526315789474,0.8570526315789474,0.7862506580094955,12.0,128.0,2525.0,0.005775263807731052,173.15226339294657,0.4785263157894737,0.5,0.5,0.7976804623559987,0.29768046235599865
heart,0.2892631578947369,0.8570526315789474,1.0732906512042744,5.0,1.3974131491568424,700.0,85.05100687835207,1.1945028172479297,0.1,0.5,0.5,0.7976804623559987,0.29768046235599865
heart,0.19463157894736843,0.9043684210526316,0.04088612371087573,10.0,33.56685617033712,570.0,0.001988148211596466,1024.0,0.7151052631578948,0.6377405182776192,0.7027074201931655,0.7976804623559987,0.0949730421628332
heart,0.9043684210526316,0.762421052631579,0.025635479875238686,7.0,1.182122307190268,155.0,0.0013933954886848076,7.064134542013183,0.8570526315789474,0.7534247767379777,0.7918622241185369,0.7976804623559987,0.005818238237461748
heart,0.4312105263157895,0.1,0.0033909808852633535,11.0,33.56685617033712,2807.0,7.064134542013183,173.15226339294657,0.9043684210526316,0.6725933607663548,0.7438423645320198,0.7976804623559987,0.05383809782397886
heart,0.6677894736842106,0.3838947368421053,0.2264309160659766,13.0,24.020710117541363,2369.0,0.011757650340698408,0.20198326800364308,0.7151052631578948,0.6923372454886693,0.6662658546991971,0.7976804623559987,0.13141460765680157
heart,0.6204736842105263,0.9516842105263158,0.029951571491900867,12.0,1.182122307190268,4930.0,59.60807579694174,2.431845007215014,0.9516842105263158,0.5,0.5,0.7976804623559987,0.29768046235599865
heart,0.8570526315789474,0.999,0.5759764109812475,6.0,10.405759362848045,2492.0,352.5144195057326,85.05100687835207,0.4312105263157895,0.5,0.5,0.7976804623559987,0.29768046235599865
heart,0.6204736842105263,0.6204736842105263,0.0018197540412827756,7.0,1.6519132559793048,4870.0,59.60807579694174,29.279010076269905,0.762421052631579,0.5,0.5,0.7976804623559987,0.29768046235599865
heart,0.19463157894736843,0.4312105263157895,0.010077956460147792,13.0,17.189411830019456,636.0,29.279010076269905,0.5867302300023128,0.8570526315789474,0.7388192001651881,0.7880803692641869,0.7976804623559987,0.009600093091811757
heart,0.9516842105263158,0.2892631578947369,0.047769874537665395,5.0,128.0,2839.0,0.016776250308876854,0.04873241877701549,0.1,0.5,0.5,0.7976804623559987,0.29768046235599865
heart,0.1,0.762421052631579,0.16587441300341949,14.0,33.56685617033712,560.0,4.950905141221709,1024.0,0.6677894736842106,0.636993982434017,0.6937279391800164,0.7976804623559987,0.10395252317598225
heart,0.1,0.8097368421052632,0.36113552355158496,5.0,33.56685617033712,2295.0,0.001988148211596466,0.04873241877701549,0.8097368421052632,0.6576746274049984,0.6240836274775998,0.7976804623559987,0.17359683487839883
heart,0.9516842105263158,0.2892631578947369,0.025635479875238686,9.0,108.27982791749976,4046.0,14.381615571128657,0.004047598910744807,0.762421052631579,0.5,0.5,0.7976804623559987,0.29768046235599865
heart,0.8570526315789474,0.7151052631578948,0.0018197540412827756,12.0,12.300880266076668,2266.0,7.064134542013183,1.1945028172479297,0.3838947368421053,0.6980594824598276,0.7979519801404135,0.7976804623559987,-0.0002715177844148098
heart,0.24194736842105266,0.1,0.08901572837528347,5.0,39.680129461202796,2850.0,41.776374326713864,0.023936974333374585,0.9516842105263158,0.5,0.5,0.7976804623559987,0.29768046235599865
heart,0.1,0.2892631578947369,0.9186269540704755,4.0,12.300880266076668,2840.0,0.20198326800364308,0.0013933954886848076,0.8570526315789474,0.6772123773072867,0.6386098289437958,0.7976804623559987,0.15907063341220284
heart,0.999,0.6204736842105263,2.0,3.0,91.59782135815125,1569.0,85.05100687835207,352.5144195057326,0.6204736842105263,0.5,0.5,0.7976804623559987,0.29768046235599865
heart,0.19463157894736843,0.1,0.1419715215115186,8.0,4.507769644929328,1067.0,20.520220934973292,0.0695332172560304,0.6204736842105263,0.7544135638592067,0.791959194755828,0.7976804623559987,0.005721267600170665
heart,0.7151052631578948,0.14731578947368423,2.0,3.0,39.680129461202796,2897.0,7.064134542013183,0.011757650340698408,0.5258421052631579,0.5,0.5,0.7976804623559987,0.29768046235599865
heart,0.14731578947368423,0.9516842105263158,0.4929768608740498,7.0,1.6519132559793048,826.0,0.03415416017806149,20.520220934973292,0.24194736842105266,0.7074959993510468,0.7431441759435242,0.7976804623559987,0.05453628641247443
heart,0.24194736842105266,0.5258421052631579,0.2645537280180739,9.0,46.906766188285566,2787.0,173.15226339294657,247.0600526513107,0.9043684210526316,0.5,0.5,0.7976804623559987,0.29768046235599865
heart,0.8570526315789474,0.3838947368421053,0.12151309267861628,8.0,39.680129461202796,4133.0,0.04873241877701549,0.0695332172560304,0.19463157894736843,0.5,0.5,0.7976804623559987,0.29768046235599865
heart,0.4785263157894737,0.8570526315789474,1.7117953147914593,14.0,24.020710117541363,729.0,1.704360792857148,0.0695332172560304,0.9516842105263158,0.686498104761694,0.7239245956324425,0.7976804623559987,0.07375586672355616
heart,0.8570526315789474,0.24194736842105266,0.005408288225960173,13.0,3.813285323786536,4172.0,0.016776250308876854,0.008240359972512863,0.7151052631578948,0.7451336991069518,0.7664171288933711,0.7976804623559987,0.03126333346262755
heart,0.999,0.9516842105263158,1.2539941451294703,5.0,1.9527635094364437,4492.0,4.950905141221709,1.1945028172479297,0.24194736842105266,0.6975461457342389,0.6809278150576006,0.7976804623559987,0.11675264729839807
heart,0.8097368421052632,0.3838947368421053,0.9186269540704755,5.0,4.507769644929328,2983.0,0.09921256574801243,41.776374326713864,0.2892631578947369,0.6724393265635716,0.7088941468523331,0.7976804623559987,0.08878631550366556
heart,0.19463157894736843,0.5731578947368421,0.0046289412231202195,2.0,10.405759362848045,954.0,0.28819719621231693,502.980609879686,0.3838947368421053,0.7110163860681549,0.7817772778402701,0.7976804623559987,0.015903184515728586
heart,0.7151052631578948,0.6677894736842106,0.4219377403724003,10.0,3.813285323786536,2994.0,10.079368399158977,0.0013933954886848076,0.2892631578947369,0.7578834907782277,0.7991932042977387,0.7976804623559987,-0.0015127419417400034
heart,0.2892631578947369,0.3365789473684211,0.016073370835566828,8.0,12.300880266076668,1389.0,0.0009765625,1.704360792857148,0.999,0.7370258032639395,0.7864706566851556,0.7976804623559987,0.011209805670843065
heart,0.8570526315789474,0.3838947368421053,0.04088612371087573,13.0,1.6519132559793048,1828.0,0.005775263807731052,41.776374326713864,0.9516842105263158,0.7419351710507879,0.7808075714673597,0.7976804623559987,0.01687289088863897
heart,0.6204736842105263,0.3838947368421053,0.055812601103520335,10.0,65.54813185593582,3603.0,717.6713346071435,0.001988148211596466,0.6677894736842106,0.5,0.5,0.7976804623559987,0.29768046235599865
heart,0.6677894736842106,0.9043684210526316,0.06520943318543869,14.0,65.54813185593582,456.0,717.6713346071435,0.0009765625,0.19463157894736843,0.5,0.5,0.7976804623559987,0.29768046235599865
heart,0.6677894736842106,0.8570526315789474,0.04088612371087573,8.0,1.0,134.0,59.60807579694174,1.1945028172479297,0.8097368421052632,0.5,0.5,0.7976804623559987,0.29768046235599865
heart,0.5731578947368421,0.2892631578947369,0.2264309160659766,3.0,20.319987171746284,3513.0,0.4112104172071452,0.09921256574801243,0.762421052631579,0.6888084703140785,0.6713471160932469,0.7976804623559987,0.12633334626275172
heart,0.1,0.19463157894736843,0.010077956460147792,7.0,55.44953466933059,1354.0,59.60807579694174,0.20198326800364308,0.4312105263157895,0.5,0.5,0.7976804623559987,0.29768046235599865
heart,0.3365789473684211,0.6204736842105263,0.03499433750413056,12.0,28.395417264496608,1146.0,14.381615571128657,247.0600526513107,0.4312105263157895,0.5,0.586381443698848,0.7976804623559987,0.21129901865715062
heart,0.9043684210526316,0.2892631578947369,0.4929768608740498,4.0,77.4859088615508,2509.0,14.381615571128657,20.520220934973292,0.6677894736842106,0.5,0.5,0.7976804623559987,0.29768046235599865
heart,0.7151052631578948,0.19463157894736843,0.0021261350881830966,2.0,20.319987171746284,256.0,0.004047598910744807,4.950905141221709,0.14731578947368423,0.5,0.5,0.7976804623559987,0.29768046235599865
heart,0.5258421052631579,0.9043684210526316,0.9186269540704755,5.0,39.680129461202796,1016.0,85.05100687835207,0.0009765625,0.9043684210526316,0.5,0.5,0.7976804623559987,0.29768046235599865
heart,0.762421052631579,0.8570526315789474,0.0046289412231202195,5.0,65.54813185593582,4159.0,4.950905141221709,1.704360792857148,0.8570526315789474,0.5,0.5,0.7976804623559987,0.29768046235599865
heart,0.6677894736842106,0.1,0.16587441300341949,9.0,1.3974131491568424,511.0,0.0009765625,1.1945028172479297,0.8097368421052632,0.710990243578682,0.7402350568247935,0.7976804623559987,0.05744540553120514
heart,0.3365789473684211,0.8570526315789474,0.0018197540412827756,5.0,2.3084053051719735,1461.0,2.431845007215014,352.5144195057326,0.2892631578947369,0.7531174457792231,0.8031883945541289,0.7976804623559987,-0.005507932198130283
heart,0.5258421052631579,0.5258421052631579,0.016073370835566828,1.0,28.395417264496608,2049.0,0.0695332172560304,0.0028367633908482908,0.1,0.5,0.5,0.7976804623559987,0.29768046235599865
heart,0.8570526315789474,0.4312105263157895,0.12151309267861628,2.0,91.59782135815125,1575.0,7.064134542013183,121.35392183541367,0.19463157894736843,0.5,0.5,0.7976804623559987,0.29768046235599865
heart,0.9043684210526316,0.6204736842105263,0.0009765625,6.0,6.299216575194315,389.0,29.279010076269905,29.279010076269905,0.8570526315789474,0.7367826117416281,0.7903106939218805,0.7976804623559987,0.007369768434118185
heart,0.8097368421052632,0.762421052631579,0.029951571491900867,5.0,28.395417264496608,3982.0,0.0013933954886848076,0.03415416017806149,0.9516842105263158,0.7057264219818146,0.7324774058415111,0.7976804623559987,0.06520305651448755
heart,0.3838947368421053,0.3365789473684211,0.16587441300341949,6.0,17.189411830019456,1359.0,10.079368399158977,121.35392183541367,0.999,0.7717146375817643,0.7967689383654629,0.7976804623559987,0.0009115239905357342
heart,0.3365789473684211,0.1,0.03499433750413056,12.0,128.0,4855.0,0.28819719621231693,0.004047598910744807,0.24194736842105266,0.5,0.5,0.7976804623559987,0.29768046235599865
heart,0.5258421052631579,0.8570526315789474,0.003961899949091121,1.0,91.59782135815125,3032.0,0.004047598910744807,121.35392183541367,0.3365789473684211,0.5,0.5,0.7976804623559987,0.29768046235599865
heart,0.14731578947368423,0.6677894736842106,0.6729500963161782,11.0,12.300880266076668,4043.0,2.431845007215014,0.20198326800364308,0.5731578947368421,0.6872470004350937,0.6647143245025406,0.7976804623559987,0.132966137853458
heart,0.8097368421052632,0.4312105263157895,0.0015575232209703396,8.0,1.6519132559793048,1720.0,4.950905141221709,0.001988148211596466,0.19463157894736843,0.7584259197805359,0.8008223110042281,0.7976804623559987,-0.0031418486482294172
heart,0.9043684210526316,0.9516842105263158,0.016073370835566828,5.0,1.9527635094364437,4700.0,1.704360792857148,1.1945028172479297,0.3365789473684211,0.7250687669151862,0.7557891470462743,0.7976804623559987,0.04189131530972434
heart,0.1,0.2892631578947369,0.4929768608740498,12.0,65.54813185593582,3118.0,121.35392183541367,0.09921256574801243,0.6677894736842106,0.5,0.5,0.7976804623559987,0.29768046235599865
heart,0.4785263157894737,0.762421052631579,0.025635479875238686,8.0,128.0,4203.0,0.28819719621231693,7.064134542013183,0.24194736842105266,0.5,0.5,0.7976804623559987,0.29768046235599865
heart,0.1,0.4312105263157895,1.7117953147914593,3.0,108.27982791749976,2767.0,1.704360792857148,0.09921256574801243,0.7151052631578948,0.5,0.5,0.7976804623559987,0.29768046235599865
heart,0.14731578947368423,0.6677894736842106,0.047769874537665395,14.0,77.4859088615508,4979.0,0.008240359972512863,0.001988148211596466,0.762421052631579,0.5,0.5,0.7976804623559987,0.29768046235599865
heart,0.7151052631578948,0.5731578947368421,1.2539941451294703,12.0,7.446444431359882,3346.0,502.980609879686,173.15226339294657,0.9516842105263158,0.5,0.5,0.7976804623559987,0.29768046235599865
heart,0.762421052631579,0.2892631578947369,0.06520943318543869,10.0,2.7288174052801484,1977.0,0.28819719621231693,717.6713346071435,0.6204736842105263,0.7561418257708162,0.7991156277879059,0.7976804623559987,-0.0014351654319072482
heart,0.8570526315789474,0.6677894736842106,0.01877954764413522,9.0,1.6519132559793048,67.0,0.4112104172071452,247.0600526513107,0.762421052631579,0.7534872384829243,0.7924440479422831,0.7976804623559987,0.005236414413715584
heart,0.14731578947368423,0.762421052631579,0.002902332595970602,8.0,14.541144960605786,2473.0,352.5144195057326,0.005775263807731052,0.999,0.5,0.5,0.7976804623559987,0.29768046235599865
heart,0.14731578947368423,0.6677894736842106,0.0021261350881830966,5.0,55.44953466933059,1313.0,1.704360792857148,1.1945028172479297,0.3365789473684211,0.5,0.5,0.7976804623559987,0.29768046235599865
heart,0.3365789473684211,0.8097368421052632,0.0015575232209703396,14.0,5.328735052946112,3518.0,29.279010076269905,41.776374326713864,0.4785263157894737,0.643062985332183,0.7305961754780651,0.7976804623559987,0.06708428687793355
heart,0.19463157894736843,0.9516842105263158,0.10400277136653786,8.0,1.9527635094364437,2596.0,3.4698463869276917,41.776374326713864,0.3365789473684211,0.7617737070713775,0.7968271207478375,0.7976804623559987,0.0008533416081611955
diabetes,0.3838947368421053,0.999,0.07618835338777971,11.0,3.2257959270307297,3773.0,1.1945028172479297,717.6713346071435,0.9516842105263158,0.7711007247849354,0.8207761194029851,0.8083582089552239,-0.012417910447761193
diabetes,0.5731578947368421,0.5731578947368421,0.03499433750413056,5.0,1.6519132559793048,2920.0,3.4698463869276917,0.001988148211596466,0.14731578947368423,0.7837451737451737,0.8168358208955224,0.8083582089552239,-0.008477611940298502
diabetes,0.6204736842105263,0.3365789473684211,0.0011409804566721465,12.0,28.395417264496608,1185.0,0.04873241877701549,1.704360792857148,0.6204736842105263,0.5,0.5,0.8083582089552239,0.3083582089552239
diabetes,0.8570526315789474,0.5258421052631579,0.06520943318543869,12.0,12.300880266076668,1807.0,0.001988148211596466,352.5144195057326,0.9516842105263158,0.7756875296348981,0.8045373134328357,0.8083582089552239,0.003820895522388179
diabetes,0.3838947368421053,0.4785263157894737,0.36113552355158496,2.0,1.6519132559793048,601.0,0.09921256574801243,0.016776250308876854,0.14731578947368423,0.7248414956309693,0.672955223880597,0.8083582089552239,0.1354029850746269
diabetes,0.999,0.762421052631579,0.002484099669874505,12.0,108.27982791749976,776.0,173.15226339294657,0.09921256574801243,0.8570526315789474,0.5,0.5,0.8083582089552239,0.3083582089552239
diabetes,0.24194736842105266,0.9043684210526316,0.4219377403724003,4.0,1.182122307190268,1022.0,0.005775263807731052,0.0028367633908482908,0.9043684210526316,0.6735829438461017,0.7573731343283582,0.8083582089552239,0.050985074626865745
diabetes,0.6204736842105263,0.14731578947368423,0.003961899949091121,14.0,1.6519132559793048,4912.0,0.14156015773094438,0.011757650340698408,0.7151052631578948,0.6923362460204565,0.7638208955223881,0.8083582089552239,0.044537313432835846
diabetes,0.4312105263157895,0.8097368421052632,0.9186269540704755,2.0,10.405759362848045,1077.0,3.4698463869276917,7.064134542013183,0.6677894736842106,0.7674232879496037,0.762268656716418,0.8083582089552239,0.04608955223880595
diabetes,0.4785263157894737,0.762421052631579,0.9186269540704755,1.0,55.44953466933059,2569.0,3.4698463869276917,0.0009765625,0.6204736842105263,0.5,0.5,0.8083582089552239,0.3083582089552239
diabetes,0.4312105263157895,0.5731578947368421,0.011774721396962751,8.0,1.3974131491568424,4515.0,85.05100687835207,0.004047598910744807,0.5258421052631579,0.5,0.5,0.8083582089552239,0.3083582089552239
diabetes,0.3838947368421053,0.4785263157894737,0.06520943318543869,7.0,3.813285323786536,4876.0,121.35392183541367,85.05100687835207,0.8097368421052632,0.5,0.5,0.8083582089552239,0.3083582089552239
diabetes,0.2892631578947369,0.19463157894736843,0.7862506580094955,8.0,33.56685617033712,1571.0,0.0009765625,173.15226339294657,0.2892631578947369,0.5,0.5,0.8083582089552239,0.3083582089552239
diabetes,0.762421052631579,0.7151052631578948,0.001333080476167965,1.0,1.9527635094364437,503.0,0.09921256574801243,717.6713346071435,0.4785263157894737,0.7781470568312673,0.7974925373134328,0.8083582089552239,0.010865671641791086
diabetes,0.762421052631579,0.762421052631579,0.047769874537665395,10.0,91.59782135815125,1485.0,59.60807579694174,717.6713346071435,0.8570526315789474,0.5,0.5,0.8083582089552239,0.3083582089552239
diabetes,0.999,0.24194736842105266,0.08901572837528347,5.0,39.680129461202796,1679.0,20.520220934973292,247.0600526513107,0.6677894736842106,0.5,0.5,0.8083582089552239,0.3083582089552239
diabetes,0.3838947368421053,0.9516842105263158,0.025635479875238686,12.0,1.182122307190268,2730.0,0.005775263807731052,14.381615571128657,0.6204736842105263,0.7196528483370588,0.7911641791044777,0.8083582089552239,0.01719402985074625
diabetes,0.6204736842105263,0.999,0.08901572837528347,14.0,5.328735052946112,1664.0,14.381615571128657,4.950905141221709,0.3838947368421053,0.7475169342274605,0.8124776119402985,0.8083582089552239,-0.004119402985074627
diabetes,0.1,0.1,0.055812601103520335,14.0,55.44953466933059,2676.0,0.0695332172560304,0.001988148211596466,0.3838947368421053,0.5,0.5,0.8083582089552239,0.3083582089552239
diabetes,0.3365789473684211,0.4312105263157895,0.055812601103520335,9.0,128.0,3749.0,85.05100687835207,3.4698463869276917,0.762421052631579,0.5,0.5,0.8083582089552239,0.3083582089552239
diabetes,0.4785263157894737,0.999,1.7117953147914593,14.0,14.541144960605786,4660.0,0.04873241877701549,717.6713346071435,0.14731578947368423,0.5,0.5,0.8083582089552239,0.3083582089552239
diabetes,0.19463157894736843,0.8570526315789474,0.2645537280180739,1.0,46.906766188285566,3153.0,0.0013933954886848076,0.0013933954886848076,0.2892631578947369,0.5,0.5,0.8083582089552239,0.3083582089552239
diabetes,0.1,0.1,0.016073370835566828,14.0,1.182122307190268,1708.0,7.064134542013183,59.60807579694174,0.3365789473684211,0.7768272031429927,0.804179104477612,0.8083582089552239,0.004179104477611939
diabetes,0.24194736842105266,0.5731578947368421,0.011774721396962751,6.0,46.906766188285566,2932.0,121.35392183541367,0.005775263807731052,0.5731578947368421,0.5,0.5,0.8083582089552239,0.3083582089552239
diabetes,0.8097368421052632,0.8097368421052632,0.1419715215115186,9.0,91.59782135815125,4283.0,0.005775263807731052,0.20198326800364308,0.19463157894736843,0.5,0.5,0.8083582089552239,0.3083582089552239
diabetes,0.999,0.24194736842105266,0.016073370835566828,10.0,1.3974131491568424,147.0,0.8371683896936676,59.60807579694174,0.3838947368421053,0.7737316263632052,0.7771940298507463,0.8083582089552239,0.031164179104477663
diabetes,0.999,0.4785263157894737,0.1419715215115186,8.0,2.7288174052801484,2386.0,1024.0,0.0009765625,0.5731578947368421,0.5,0.5,0.8083582089552239,0.3083582089552239
diabetes,0.9043684210526316,0.5258421052631579,0.19380169062283858,7.0,91.59782135815125,624.0,0.0013933954886848076,0.0009765625,0.8097368421052632,0.5,0.5,0.8083582089552239,0.3083582089552239
diabetes,0.6204736842105263,0.2892631578947369,0.2645537280180739,11.0,39.680129461202796,2057.0,173.15226339294657,0.5867302300023128,0.8097368421052632,0.5,0.5,0.8083582089552239,0.3083582089552239
diabetes,0.8097368421052632,0.19463157894736843,0.01877954764413522,8.0,33.56685617033712,3192.0,85.05100687835207,3.4698463869276917,0.999,0.5,0.5,0.8083582089552239,0.3083582089552239
diabetes,0.5731578947368421,0.8570526315789474,0.002902332595970602,4.0,2.3084053051719735,4200.0,0.8371683896936676,173.15226339294657,0.8097368421052632,0.7743375330217436,0.8107462686567164,0.8083582089552239,-0.002388059701492473
diabetes,0.19463157894736843,0.9043684210526316,1.0732906512042744,2.0,1.182122307190268,2870.0,173.15226339294657,0.20198326800364308,0.4785263157894737,0.5,0.5,0.8083582089552239,0.3083582089552239
diabetes,0.24194736842105266,0.1,0.0015575232209703396,1.0,8.802608071563268,1301.0,0.8371683896936676,0.011757650340698408,0.3838947368421053,0.7647388742125585,0.7873432835820896,0.8083582089552239,0.02101492537313432
diabetes,0.19463157894736843,0.8570526315789474,0.1419715215115186,12.0,77.4859088615508,4566.0,1.704360792857148,29.279010076269905,0.3365789473684211,0.5,0.5,0.8083582089552239,0.3083582089552239
diabetes,0.3365789473684211,0.6677894736842106,0.002902332595970602,11.0,77.4859088615508,226.0,1.1945028172479297,29.279010076269905,0.1,0.5,0.5,0.8083582089552239,0.3083582089552239
diabetes,0.762421052631579,0.1,0.0018197540412827756,12.0,108.27982791749976,816.0,0.5867302300023128,0.0028367633908482908,0.19463157894736843,0.5,0.5,0.8083582089552239,0.3083582089552239
diabetes,0.8570526315789474,0.8570526315789474,0.7862506580094955,12.0,128.0,2525.0,0.005775263807731052,173.15226339294657,0.4785263157894737,0.5,0.5,0.8083582089552239,0.3083582089552239
diabetes,0.2892631578947369,0.8570526315789474,1.0732906512042744,5.0,1.3974131491568424,700.0,85.05100687835207,1.1945028172479297,0.1,0.5,0.5,0.8083582089552239,0.3083582089552239
diabetes,0.19463157894736843,0.9043684210526316,0.04088612371087573,10.0,33.56685617033712,570.0,0.001988148211596466,1024.0,0.7151052631578948,0.5,0.5,0.8083582089552239,0.3083582089552239
diabetes,0.9043684210526316,0.762421052631579,0.025635479875238686,7.0,1.182122307190268,155.0,0.0013933954886848076,7.064134542013183,0.8570526315789474,0.7573186344238976,0.8208955223880597,0.8083582089552239,-0.012537313432835817
diabetes,0.4312105263157895,0.1,0.0033909808852633535,11.0,33.56685617033712,2807.0,7.064134542013183,173.15226339294657,0.9043684210526316,0.5,0.5,0.8083582089552239,0.3083582089552239
diabetes,0.6677894736842106,0.3838947368421053,0.2264309160659766,13.0,24.020710117541363,2369.0,0.011757650340698408,0.20198326800364308,0.7151052631578948,0.5,0.8120597014925374,0.8083582089552239,-0.0037014925373134444
diabetes,0.6204736842105263,0.9516842105263158,0.029951571491900867,12.0,1.182122307190268,4930.0,59.60807579694174,2.431845007215014,0.9516842105263158,0.5,0.5,0.8083582089552239,0.3083582089552239
diabetes,0.8570526315789474,0.999,0.5759764109812475,6.0,10.405759362848045,2492.0,352.5144195057326,85.05100687835207,0.4312105263157895,0.5,0.5,0.8083582089552239,0.3083582089552239
diabetes,0.6204736842105263,0.6204736842105263,0.0018197540412827756,7.0,1.6519132559793048,4870.0,59.60807579694174,29.279010076269905,0.762421052631579,0.5,0.5,0.8083582089552239,0.3083582089552239
diabetes,0.19463157894736843,0.4312105263157895,0.010077956460147792,13.0,17.189411830019456,636.0,29.279010076269905,0.5867302300023128,0.8570526315789474,0.5,0.5,0.8083582089552239,0.3083582089552239
diabetes,0.9516842105263158,0.2892631578947369,0.047769874537665395,5.0,128.0,2839.0,0.016776250308876854,0.04873241877701549,0.1,0.5,0.5,0.8083582089552239,0.3083582089552239
diabetes,0.1,0.762421052631579,0.16587441300341949,14.0,33.56685617033712,560.0,4.950905141221709,1024.0,0.6677894736842106,0.5,0.5,0.8083582089552239,0.3083582089552239
diabetes,0.1,0.8097368421052632,0.36113552355158496,5.0,33.56685617033712,2295.0,0.001988148211596466,0.04873241877701549,0.8097368421052632,0.5,0.5,0.8083582089552239,0.3083582089552239
diabetes,0.9516842105263158,0.2892631578947369,0.025635479875238686,9.0,108.27982791749976,4046.0,14.381615571128657,0.004047598910744807,0.762421052631579,0.5,0.5,0.8083582089552239,0.3083582089552239
diabetes,0.8570526315789474,0.7151052631578948,0.0018197540412827756,12.0,12.300880266076668,2266.0,7.064134542013183,1.1945028172479297,0.3838947368421053,0.7212663415294994,0.8112835820895523,0.8083582089552239,-0.0029253731343283906
diabetes,0.24194736842105266,0.1,0.08901572837528347,5.0,39.680129461202796,2850.0,41.776374326713864,0.023936974333374585,0.9516842105263158,0.5,0.5,0.8083582089552239,0.3083582089552239
diabetes,0.1,0.2892631578947369,0.9186269540704755,4.0,12.300880266076668,2840.0,0.20198326800364308,0.0013933954886848076,0.8570526315789474,0.7159263022420916,0.7192238805970149,0.8083582089552239,0.089134328358209
diabetes,0.999,0.6204736842105263,2.0,3.0,91.59782135815125,1569.0,85.05100687835207,352.5144195057326,0.6204736842105263,0.5,0.5,0.8083582089552239,0.3083582089552239
diabetes,0.19463157894736843,0.1,0.1419715215115186,8.0,4.507769644929328,1067.0,20.520220934973292,0.0695332172560304,0.6204736842105263,0.5590540540540541,0.7709253731343284,0.8083582089552239,0.037432835820895516
diabetes,0.7151052631578948,0.14731578947368423,2.0,3.0,39.680129461202796,2897.0,7.064134542013183,0.011757650340698408,0.5258421052631579,0.5,0.5,0.8083582089552239,0.3083582089552239
diabetes,0.14731578947368423,0.9516842105263158,0.4929768608740498,7.0,1.6519132559793048,826.0,0.03415416017806149,20.520220934973292,0.24194736842105266,0.7352143873196505,0.7774328358208955,0.8083582089552239,0.030925373134328416
diabetes,0.24194736842105266,0.5258421052631579,0.2645537280180739,9.0,46.906766188285566,2787.0,173.15226339294657,247.0600526513107,0.9043684210526316,0.5,0.5,0.8083582089552239,0.3083582089552239
diabetes,0.8570526315789474,0.3838947368421053,0.12151309267861628,8.0,39.680129461202796,4133.0,0.04873241877701549,0.0695332172560304,0.19463157894736843,0.5,0.5,0.8083582089552239,0.3083582089552239
diabetes,0.4785263157894737,0.8570526315789474,1.7117953147914593,14.0,24.020710117541363,729.0,1.704360792857148,0.0695332172560304,0.9516842105263158,0.6227260719365982,0.7411940298507462,0.8083582089552239,0.0671641791044777
diabetes,0.8570526315789474,0.24194736842105266,0.005408288225960173,13.0,3.813285323786536,4172.0,0.016776250308876854,0.008240359972512863,0.7151052631578948,0.7360356973514868,0.7880597014925373,0.8083582089552239,0.020298507462686577
diabetes,0.999,0.9516842105263158,1.2539941451294703,5.0,1.9527635094364437,4492.0,4.950905141221709,1.1945028172479297,0.24194736842105266,0.7070910384068279,0.7689552238805969,0.8083582089552239,0.03940298507462703
diabetes,0.8097368421052632,0.3838947368421053,0.9186269540704755,5.0,4.507769644929328,2983.0,0.09921256574801243,41.776374326713864,0.2892631578947369,0.7408348574138047,0.7392238805970148,0.8083582089552239,0.0691343283582091
diabetes,0.19463157894736843,0.5731578947368421,0.0046289412231202195,2.0,10.405759362848045,954.0,0.28819719621231693,502.980609879686,0.3838947368421053,0.7532080200501253,0.7937313432835821,0.8083582089552239,0.014626865671641842
diabetes,0.7151052631578948,0.6677894736842106,0.4219377403724003,10.0,3.813285323786536,2994.0,10.079368399158977,0.0013933954886848076,0.2892631578947369,0.7787177402966876,0.8263283582089552,0.8083582089552239,-0.017970149253731305
diabetes,0.2892631578947369,0.3365789473684211,0.016073370835566828,8.0,12.300880266076668,1389.0,0.0009765625,1.704360792857148,0.999,0.7680468062047009,0.7978507462686567,0.8083582089552239,0.010507462686567215
diabetes,0.8570526315789474,0.3838947368421053,0.04088612371087573,13.0,1.6519132559793048,1828.0,0.005775263807731052,41.776374326713864,0.9516842105263158,0.7311440764072342,0.8013134328358209,0.8083582089552239,0.007044776119403018
diabetes,0.6204736842105263,0.3838947368421053,0.055812601103520335,10.0,65.54813185593582,3603.0,717.6713346071435,0.001988148211596466,0.6677894736842106,0.5,0.5,0.8083582089552239,0.3083582089552239
diabetes,0.6677894736842106,0.9043684210526316,0.06520943318543869,14.0,65.54813185593582,456.0,717.6713346071435,0.0009765625,0.19463157894736843,0.5,0.5,0.8083582089552239,0.3083582089552239
diabetes,0.6677894736842106,0.8570526315789474,0.04088612371087573,8.0,1.0,134.0,59.60807579694174,1.1945028172479297,0.8097368421052632,0.5,0.5,0.8083582089552239,0.3083582089552239
diabetes,0.5731578947368421,0.2892631578947369,0.2264309160659766,3.0,20.319987171746284,3513.0,0.4112104172071452,0.09921256574801243,0.762421052631579,0.7230220822326086,0.8010746268656717,0.8083582089552239,0.007283582089552265
diabetes,0.1,0.19463157894736843,0.010077956460147792,7.0,55.44953466933059,1354.0,59.60807579694174,0.20198326800364308,0.4312105263157895,0.5,0.5,0.8083582089552239,0.3083582089552239
diabetes,0.3365789473684211,0.6204736842105263,0.03499433750413056,12.0,28.395417264496608,1146.0,14.381615571128657,247.0600526513107,0.4312105263157895,0.5,0.5,0.8083582089552239,0.3083582089552239
diabetes,0.9043684210526316,0.2892631578947369,0.4929768608740498,4.0,77.4859088615508,2509.0,14.381615571128657,20.520220934973292,0.6677894736842106,0.5,0.5,0.8083582089552239,0.3083582089552239
diabetes,0.7151052631578948,0.19463157894736843,0.0021261350881830966,2.0,20.319987171746284,256.0,0.004047598910744807,4.950905141221709,0.14731578947368423,0.5,0.5,0.8083582089552239,0.3083582089552239
diabetes,0.5258421052631579,0.9043684210526316,0.9186269540704755,5.0,39.680129461202796,1016.0,85.05100687835207,0.0009765625,0.9043684210526316,0.5,0.5,0.8083582089552239,0.3083582089552239
diabetes,0.762421052631579,0.8570526315789474,0.0046289412231202195,5.0,65.54813185593582,4159.0,4.950905141221709,1.704360792857148,0.8570526315789474,0.5,0.5,0.8083582089552239,0.3083582089552239
diabetes,0.6677894736842106,0.1,0.16587441300341949,9.0,1.3974131491568424,511.0,0.0009765625,1.1945028172479297,0.8097368421052632,0.6658182618708934,0.7588059701492538,0.8083582089552239,0.04955223880597015
diabetes,0.3365789473684211,0.8570526315789474,0.0018197540412827756,5.0,2.3084053051719735,1461.0,2.431845007215014,352.5144195057326,0.2892631578947369,0.776757095441306,0.8052537313432836,0.8083582089552239,0.003104477611940326
diabetes,0.5258421052631579,0.5258421052631579,0.016073370835566828,1.0,28.395417264496608,2049.0,0.0695332172560304,0.0028367633908482908,0.1,0.5,0.5,0.8083582089552239,0.3083582089552239
diabetes,0.8570526315789474,0.4312105263157895,0.12151309267861628,2.0,91.59782135815125,1575.0,7.064134542013183,121.35392183541367,0.19463157894736843,0.5,0.5,0.8083582089552239,0.3083582089552239
diabetes,0.9043684210526316,0.6204736842105263,0.0009765625,6.0,6.299216575194315,389.0,29.279010076269905,29.279010076269905,0.8570526315789474,0.5,0.5,0.8083582089552239,0.3083582089552239
diabetes,0.8097368421052632,0.762421052631579,0.029951571491900867,5.0,28.395417264496608,3982.0,0.0013933954886848076,0.03415416017806149,0.9516842105263158,0.5,0.7957611940298508,0.8083582089552239,0.012597014925373129
diabetes,0.3838947368421053,0.3365789473684211,0.16587441300341949,6.0,17.189411830019456,1359.0,10.079368399158977,121.35392183541367,0.999,0.7659442525231999,0.7931940298507463,0.8083582089552239,0.015164179104477649
diabetes,0.3365789473684211,0.1,0.03499433750413056,12.0,128.0,4855.0,0.28819719621231693,0.004047598910744807,0.24194736842105266,0.5,0.5,0.8083582089552239,0.3083582089552239
diabetes,0.5258421052631579,0.8570526315789474,0.003961899949091121,1.0,91.59782135815125,3032.0,0.004047598910744807,121.35392183541367,0.3365789473684211,0.5,0.5,0.8083582089552239,0.3083582089552239
diabetes,0.14731578947368423,0.6677894736842106,0.6729500963161782,11.0,12.300880266076668,4043.0,2.431845007215014,0.20198326800364308,0.5731578947368421,0.7687472058524689,0.7472835820895523,0.8083582089552239,0.061074626865671666
diabetes,0.8097368421052632,0.4312105263157895,0.0015575232209703396,8.0,1.6519132559793048,1720.0,4.950905141221709,0.001988148211596466,0.19463157894736843,0.7765765765765766,0.809910447761194,0.8083582089552239,-0.0015522388059701075
diabetes,0.9043684210526316,0.9516842105263158,0.016073370835566828,5.0,1.9527635094364437,4700.0,1.704360792857148,1.1945028172479297,0.3365789473684211,0.7246237214658267,0.7763582089552239,0.8083582089552239,0.03200000000000003
diabetes,0.1,0.2892631578947369,0.4929768608740498,12.0,65.54813185593582,3118.0,121.35392183541367,0.09921256574801243,0.6677894736842106,0.5,0.5,0.8083582089552239,0.3083582089552239
diabetes,0.4785263157894737,0.762421052631579,0.025635479875238686,8.0,128.0,4203.0,0.28819719621231693,7.064134542013183,0.24194736842105266,0.5,0.5,0.8083582089552239,0.3083582089552239
diabetes,0.1,0.4312105263157895,1.7117953147914593,3.0,108.27982791749976,2767.0,1.704360792857148,0.09921256574801243,0.7151052631578948,0.5,0.5,0.8083582089552239,0.3083582089552239
diabetes,0.14731578947368423,0.6677894736842106,0.047769874537665395,14.0,77.4859088615508,4979.0,0.008240359972512863,0.001988148211596466,0.762421052631579,0.5,0.5,0.8083582089552239,0.3083582089552239
diabetes,0.7151052631578948,0.5731578947368421,1.2539941451294703,12.0,7.446444431359882,3346.0,502.980609879686,173.15226339294657,0.9516842105263158,0.5,0.5,0.8083582089552239,0.3083582089552239
diabetes,0.762421052631579,0.2892631578947369,0.06520943318543869,10.0,2.7288174052801484,1977.0,0.28819719621231693,717.6713346071435,0.6204736842105263,0.7774114339903813,0.7964179104477612,0.8083582089552239,0.011940298507462699
diabetes,0.8570526315789474,0.6677894736842106,0.01877954764413522,9.0,1.6519132559793048,67.0,0.4112104172071452,247.0600526513107,0.762421052631579,0.7760467045993362,0.8004179104477611,0.8083582089552239,0.007940298507462806
diabetes,0.14731578947368423,0.762421052631579,0.002902332595970602,8.0,14.541144960605786,2473.0,352.5144195057326,0.005775263807731052,0.999,0.5,0.5,0.8083582089552239,0.3083582089552239
diabetes,0.14731578947368423,0.6677894736842106,0.0021261350881830966,5.0,55.44953466933059,1313.0,1.704360792857148,1.1945028172479297,0.3365789473684211,0.5,0.5,0.8083582089552239,0.3083582089552239
diabetes,0.3365789473684211,0.8097368421052632,0.0015575232209703396,14.0,5.328735052946112,3518.0,29.279010076269905,41.776374326713864,0.4785263157894737,0.5,0.5,0.8083582089552239,0.3083582089552239
diabetes,0.19463157894736843,0.9516842105263158,0.10400277136653786,8.0,1.9527635094364437,2596.0,3.4698463869276917,41.776374326713864,0.3365789473684211,0.7861386574544469,0.8201791044776119,0.8083582089552239,-0.011820895522387964
cancer,0.3838947368421053,0.999,0.07618835338777971,11.0,3.2257959270307297,3773.0,1.1945028172479297,717.6713346071435,0.9516842105263158,0.8609791904735993,0.8565560026827632,0.8538503749771355,-0.0027056277056277667
cancer,0.5731578947368421,0.5731578947368421,0.03499433750413056,5.0,1.6519132559793048,2920.0,3.4698463869276917,0.001988148211596466,0.14731578947368423,0.8528913888057534,0.8412444363148588,0.8538503749771355,0.012605938662276661
cancer,0.6204736842105263,0.3365789473684211,0.0011409804566721465,12.0,28.395417264496608,1185.0,0.04873241877701549,1.704360792857148,0.6204736842105263,0.8345946572141807,0.8346709042131577,0.8538503749771355,0.019179470763977746
cancer,0.8570526315789474,0.5258421052631579,0.06520943318543869,12.0,12.300880266076668,1807.0,0.001988148211596466,352.5144195057326,0.9516842105263158,0.8583722491656237,0.853476922138894,0.8538503749771355,0.00037345283824141706
cancer,0.3838947368421053,0.4785263157894737,0.36113552355158496,2.0,1.6519132559793048,601.0,0.09921256574801243,0.016776250308876854,0.14731578947368423,0.7871234465976492,0.7761759953661361,0.8538503749771355,0.07767437961099932
cancer,0.999,0.762421052631579,0.002484099669874505,12.0,108.27982791749976,776.0,173.15226339294657,0.09921256574801243,0.8570526315789474,0.5,0.5,0.8538503749771355,0.35385037497713545
cancer,0.24194736842105266,0.9043684210526316,0.4219377403724003,4.0,1.182122307190268,1022.0,0.005775263807731052,0.0028367633908482908,0.9043684210526316,0.8087093957176996,0.7944332662642523,0.8538503749771355,0.05941710871288319
cancer,0.6204736842105263,0.14731578947368423,0.003961899949091121,14.0,1.6519132559793048,4912.0,0.14156015773094438,0.011757650340698408,0.7151052631578948,0.8483632422094647,0.8409548198280592,0.8538503749771355,0.012895555149076254
cancer,0.4312105263157895,0.8097368421052632,0.9186269540704755,2.0,10.405759362848045,1077.0,3.4698463869276917,7.064134542013183,0.6677894736842106,0.8278778599494838,0.7981754161331626,0.8538503749771355,0.05567495884397289
cancer,0.4785263157894737,0.762421052631579,0.9186269540704755,1.0,55.44953466933059,2569.0,3.4698463869276917,0.0009765625,0.6204736842105263,0.5074760116812682,0.7862058715931955,0.8538503749771355,0.0676445033839399
cancer,0.4312105263157895,0.5731578947368421,0.011774721396962751,8.0,1.3974131491568424,4515.0,85.05100687835207,0.004047598910744807,0.5258421052631579,0.5,0.8103736052679715,0.8538503749771355,0.04347676970916392
cancer,0.3838947368421053,0.4785263157894737,0.06520943318543869,7.0,3.813285323786536,4876.0,121.35392183541367,85.05100687835207,0.8097368421052632,0.5,0.7984802755929516,0.8538503749771355,0.0553700993841838
cancer,0.2892631578947369,0.19463157894736843,0.7862506580094955,8.0,33.56685617033712,1571.0,0.0009765625,173.15226339294657,0.2892631578947369,0.5,0.5,0.8538503749771355,0.35385037497713545
cancer,0.762421052631579,0.7151052631578948,0.001333080476167965,1.0,1.9527635094364437,503.0,0.09921256574801243,717.6713346071435,0.4785263157894737,0.8438732001675554,0.8211884946039875,0.8538503749771355,0.03266188037314799
cancer,0.762421052631579,0.762421052631579,0.047769874537665395,10.0,91.59782135815125,1485.0,59.60807579694174,717.6713346071435,0.8570526315789474,0.5,0.7120716724589964,0.8538503749771355,0.14177870251813907
cancer,0.999,0.24194736842105266,0.08901572837528347,5.0,39.680129461202796,1679.0,20.520220934973292,247.0600526513107,0.6677894736842106,0.8348771555193538,0.8204111029815255,0.8538503749771355,0.03343927199560992
cancer,0.3838947368421053,0.9516842105263158,0.025635479875238686,12.0,1.182122307190268,2730.0,0.005775263807731052,14.381615571128657,0.6204736842105263,0.835919100642107,0.8279982927870251,0.8538503749771355,0.02585208219011037
cancer,0.6204736842105263,0.999,0.08901572837528347,14.0,5.328735052946112,1664.0,14.381615571128657,4.950905141221709,0.3838947368421053,0.8557286664376665,0.8536141088957991,0.8538503749771355,0.00023626608133631155
cancer,0.1,0.1,0.055812601103520335,14.0,55.44953466933059,2676.0,0.0695332172560304,0.001988148211596466,0.3838947368421053,0.5,0.5,0.8538503749771355,0.35385037497713545
cancer,0.3365789473684211,0.4312105263157895,0.055812601103520335,9.0,128.0,3749.0,85.05100687835207,3.4698463869276917,0.762421052631579,0.5,0.5,0.8538503749771355,0.35385037497713545
cancer,0.4785263157894737,0.999,1.7117953147914593,14.0,14.541144960605786,4660.0,0.04873241877701549,717.6713346071435,0.14731578947368423,0.7513438914245161,0.8108423266873972,0.8538503749771355,0.043008048289738254
cancer,0.19463157894736843,0.8570526315789474,0.2645537280180739,1.0,46.906766188285566,3153.0,0.0013933954886848076,0.0013933954886848076,0.2892631578947369,0.5,0.5,0.8538503749771355,0.35385037497713545
cancer,0.1,0.1,0.016073370835566828,14.0,1.182122307190268,1708.0,7.064134542013183,59.60807579694174,0.3365789473684211,0.8258855626258367,0.822053533321139,0.8538503749771355,0.0317968416559965
cancer,0.24194736842105266,0.5731578947368421,0.011774721396962751,6.0,46.906766188285566,2932.0,121.35392183541367,0.005775263807731052,0.5731578947368421,0.5,0.5,0.8538503749771355,0.35385037497713545
cancer,0.8097368421052632,0.8097368421052632,0.1419715215115186,9.0,91.59782135815125,4283.0,0.005775263807731052,0.20198326800364308,0.19463157894736843,0.5,0.5,0.8538503749771355,0.35385037497713545
cancer,0.999,0.24194736842105266,0.016073370835566828,10.0,1.3974131491568424,147.0,0.8371683896936676,59.60807579694174,0.3838947368421053,0.8320769160896319,0.835661697457472,0.8538503749771355,0.018188677519663465
cancer,0.999,0.4785263157894737,0.1419715215115186,8.0,2.7288174052801484,2386.0,1024.0,0.0009765625,0.5731578947368421,0.5,0.5,0.8538503749771355,0.35385037497713545
cancer,0.9043684210526316,0.5258421052631579,0.19380169062283858,7.0,91.59782135815125,624.0,0.0013933954886848076,0.0009765625,0.8097368421052632,0.5,0.5557054447899518,0.8538503749771355,0.2981449301871837
cancer,0.6204736842105263,0.2892631578947369,0.2645537280180739,11.0,39.680129461202796,2057.0,173.15226339294657,0.5867302300023128,0.8097368421052632,0.5,0.5,0.8538503749771355,0.35385037497713545
cancer,0.8097368421052632,0.19463157894736843,0.01877954764413522,8.0,33.56685617033712,3192.0,85.05100687835207,3.4698463869276917,0.999,0.8265541335636938,0.7993415035668557,0.8538503749771355,0.05450887141027971
cancer,0.5731578947368421,0.8570526315789474,0.002902332595970602,4.0,2.3084053051719735,4200.0,0.8371683896936676,173.15226339294657,0.8097368421052632,0.8526836010479585,0.8491860252423633,0.8538503749771355,0.004664349734772144
cancer,0.19463157894736843,0.9043684210526316,1.0732906512042744,2.0,1.182122307190268,2870.0,173.15226339294657,0.20198326800364308,0.4785263157894737,0.5,0.5,0.8538503749771355,0.35385037497713545
cancer,0.24194736842105266,0.1,0.0015575232209703396,1.0,8.802608071563268,1301.0,0.8371683896936676,0.011757650340698408,0.3838947368421053,0.8152434393478714,0.8266226144747271,0.8538503749771355,0.027227760502408382
cancer,0.19463157894736843,0.8570526315789474,0.1419715215115186,12.0,77.4859088615508,4566.0,1.704360792857148,29.279010076269905,0.3365789473684211,0.5,0.5,0.8538503749771355,0.35385037497713545
cancer,0.3365789473684211,0.6677894736842106,0.002902332595970602,11.0,77.4859088615508,226.0,1.1945028172479297,29.279010076269905,0.1,0.5,0.5,0.8538503749771355,0.35385037497713545
cancer,0.762421052631579,0.1,0.0018197540412827756,12.0,108.27982791749976,816.0,0.5867302300023128,0.0028367633908482908,0.19463157894736843,0.5,0.5,0.8538503749771355,0.35385037497713545
cancer,0.8570526315789474,0.8570526315789474,0.7862506580094955,12.0,128.0,2525.0,0.005775263807731052,173.15226339294657,0.4785263157894737,0.5,0.5,0.8538503749771355,0.35385037497713545
cancer,0.2892631578947369,0.8570526315789474,1.0732906512042744,5.0,1.3974131491568424,700.0,85.05100687835207,1.1945028172479297,0.1,0.5,0.5,0.8538503749771355,0.35385037497713545
cancer,0.19463157894736843,0.9043684210526316,0.04088612371087573,10.0,33.56685617033712,570.0,0.001988148211596466,1024.0,0.7151052631578948,0.828429647963487,0.8192069081153589,0.8538503749771355,0.03464346686177655
cancer,0.9043684210526316,0.762421052631579,0.025635479875238686,7.0,1.182122307190268,155.0,0.0013933954886848076,7.064134542013183,0.8570526315789474,0.8505520048271389,0.8441329796963599,0.8538503749771355,0.009717395280775531
cancer,0.4312105263157895,0.1,0.0033909808852633535,11.0,33.56685617033712,2807.0,7.064134542013183,173.15226339294657,0.9043684210526316,0.794580490672217,0.7988689714041826,0.8538503749771355,0.05498140357295289
cancer,0.6677894736842106,0.3838947368421053,0.2264309160659766,13.0,24.020710117541363,2369.0,0.011757650340698408,0.20198326800364308,0.7151052631578948,0.8447045177055557,0.8060903298579355,0.8538503749771355,0.047760045119199956
cancer,0.6204736842105263,0.9516842105263158,0.029951571491900867,12.0,1.182122307190268,4930.0,59.60807579694174,2.431845007215014,0.9516842105263158,0.8440547889628792,0.827198036705079,0.8538503749771355,0.026652338272056486
cancer,0.8570526315789474,0.999,0.5759764109812475,6.0,10.405759362848045,2492.0,352.5144195057326,85.05100687835207,0.4312105263157895,0.5,0.5,0.8538503749771355,0.35385037497713545
cancer,0.6204736842105263,0.6204736842105263,0.0018197540412827756,7.0,1.6519132559793048,4870.0,59.60807579694174,29.279010076269905,0.762421052631579,0.8441961511275415,0.8304714651545637,0.8538503749771355,0.023378909822571736
cancer,0.19463157894736843,0.4312105263157895,0.010077956460147792,13.0,17.189411830019456,636.0,29.279010076269905,0.5867302300023128,0.8570526315789474,0.844888382330268,0.8348804950917627,0.8538503749771355,0.018969879885372798
cancer,0.9516842105263158,0.2892631578947369,0.047769874537665395,5.0,128.0,2839.0,0.016776250308876854,0.04873241877701549,0.1,0.5,0.5,0.8538503749771355,0.35385037497713545
cancer,0.1,0.762421052631579,0.16587441300341949,14.0,33.56685617033712,560.0,4.950905141221709,1024.0,0.6677894736842106,0.8084537794072301,0.8171071885860618,0.8538503749771355,0.03674318639107366
cancer,0.1,0.8097368421052632,0.36113552355158496,5.0,33.56685617033712,2295.0,0.001988148211596466,0.04873241877701549,0.8097368421052632,0.8386459126897753,0.8261043533930859,0.8538503749771355,0.027746021584049596
cancer,0.9516842105263158,0.2892631578947369,0.025635479875238686,9.0,108.27982791749976,4046.0,14.381615571128657,0.004047598910744807,0.762421052631579,0.5,0.5,0.8538503749771355,0.35385037497713545
cancer,0.8570526315789474,0.7151052631578948,0.0018197540412827756,12.0,12.300880266076668,2266.0,7.064134542013183,1.1945028172479297,0.3838947368421053,0.8536865814491847,0.8421437717212363,0.8538503749771355,0.011706603255899117
cancer,0.24194736842105266,0.1,0.08901572837528347,5.0,39.680129461202796,2850.0,41.776374326713864,0.023936974333374585,0.9516842105263158,0.8372998531338993,0.8319233583318091,0.8538503749771355,0.02192701664532637
cancer,0.1,0.2892631578947369,0.9186269540704755,4.0,12.300880266076668,2840.0,0.20198326800364308,0.0013933954886848076,0.8570526315789474,0.8163107756978831,0.7820178647643437,0.8538503749771355,0.0718325102127918
cancer,0.999,0.6204736842105263,2.0,3.0,91.59782135815125,1569.0,85.05100687835207,352.5144195057326,0.6204736842105263,0.5,0.5,0.8538503749771355,0.35385037497713545
cancer,0.19463157894736843,0.1,0.1419715215115186,8.0,4.507769644929328,1067.0,20.520220934973292,0.0695332172560304,0.6204736842105263,0.8526142782361557,0.8310964270471313,0.8538503749771355,0.02275394793000418
cancer,0.7151052631578948,0.14731578947368423,2.0,3.0,39.680129461202796,2897.0,7.064134542013183,0.011757650340698408,0.5258421052631579,0.7876746649457655,0.8082129138467167,0.8538503749771355,0.04563746113041878
cancer,0.14731578947368423,0.9516842105263158,0.4929768608740498,7.0,1.6519132559793048,826.0,0.03415416017806149,20.520220934973292,0.24194736842105266,0.8273768699778709,0.8159411011523687,0.8538503749771355,0.03790927382476672
cancer,0.24194736842105266,0.5258421052631579,0.2645537280180739,9.0,46.906766188285566,2787.0,173.15226339294657,247.0600526513107,0.9043684210526316,0.5,0.5,0.8538503749771355,0.35385037497713545
cancer,0.8570526315789474,0.3838947368421053,0.12151309267861628,8.0,39.680129461202796,4133.0,0.04873241877701549,0.0695332172560304,0.19463157894736843,0.5,0.5,0.8538503749771355,0.35385037497713545
cancer,0.4785263157894737,0.8570526315789474,1.7117953147914593,14.0,24.020710117541363,729.0,1.704360792857148,0.0695332172560304,0.9516842105263158,0.8131150790276795,0.7791102676666057,0.8538503749771355,0.07474010731052971
cancer,0.8570526315789474,0.24194736842105266,0.005408288225960173,13.0,3.813285323786536,4172.0,0.016776250308876854,0.008240359972512863,0.7151052631578948,0.8508261671632112,0.8316223096152674,0.8538503749771355,0.022228065361868055
cancer,0.999,0.9516842105263158,1.2539941451294703,5.0,1.9527635094364437,4492.0,4.950905141221709,1.1945028172479297,0.24194736842105266,0.7756870765766991,0.7801163038839095,0.8538503749771355,0.07373407109322594
cancer,0.8097368421052632,0.3838947368421053,0.9186269540704755,5.0,4.507769644929328,2983.0,0.09921256574801243,41.776374326713864,0.2892631578947369,0.8158689275316972,0.7955231388329981,0.8538503749771355,0.05832723614413737
cancer,0.19463157894736843,0.5731578947368421,0.0046289412231202195,2.0,10.405759362848045,954.0,0.28819719621231693,502.980609879686,0.3838947368421053,0.819789225038998,0.818463813182123,0.8538503749771355,0.03538656179501243
cancer,0.7151052631578948,0.6677894736842106,0.4219377403724003,10.0,3.813285323786536,2994.0,10.079368399158977,0.0013933954886848076,0.2892631578947369,0.8559625950576809,0.8487516005121638,0.8538503749771355,0.005098774464971645
cancer,0.2892631578947369,0.3365789473684211,0.016073370835566828,8.0,12.300880266076668,1389.0,0.0009765625,1.704360792857148,0.999,0.8560052349744247,0.8542390707883666,0.8538503749771355,-0.0003886958112311323
cancer,0.8570526315789474,0.3838947368421053,0.04088612371087573,13.0,1.6519132559793048,1828.0,0.005775263807731052,41.776374326713864,0.9516842105263158,0.846659639370318,0.8338363514419853,0.8538503749771355,0.02001402353515014
cancer,0.6204736842105263,0.3838947368421053,0.055812601103520335,10.0,65.54813185593582,3603.0,717.6713346071435,0.001988148211596466,0.6677894736842106,0.5,0.5,0.8538503749771355,0.35385037497713545
cancer,0.6677894736842106,0.9043684210526316,0.06520943318543869,14.0,65.54813185593582,456.0,717.6713346071435,0.0009765625,0.19463157894736843,0.5,0.5,0.8538503749771355,0.35385037497713545
cancer,0.6677894736842106,0.8570526315789474,0.04088612371087573,8.0,1.0,134.0,59.60807579694174,1.1945028172479297,0.8097368421052632,0.8412341329628521,0.8221678556185599,0.8538503749771355,0.03168251935857558
cancer,0.5731578947368421,0.2892631578947369,0.2264309160659766,3.0,20.319987171746284,3513.0,0.4112104172071452,0.09921256574801243,0.762421052631579,0.8403593571448006,0.8032970550576185,0.8538503749771355,0.05055331991951695
cancer,0.1,0.19463157894736843,0.010077956460147792,7.0,55.44953466933059,1354.0,59.60807579694174,0.20198326800364308,0.4312105263157895,0.5,0.5,0.8538503749771355,0.35385037497713545
cancer,0.3365789473684211,0.6204736842105263,0.03499433750413056,12.0,28.395417264496608,1146.0,14.381615571128657,247.0600526513107,0.4312105263157895,0.816696936189485,0.8113529662825437,0.8538503749771355,0.04249740869459173
cancer,0.9043684210526316,0.2892631578947369,0.4929768608740498,4.0,77.4859088615508,2509.0,14.381615571128657,20.520220934973292,0.6677894736842106,0.5,0.5,0.8538503749771355,0.35385037497713545
cancer,0.7151052631578948,0.19463157894736843,0.0021261350881830966,2.0,20.319987171746284,256.0,0.004047598910744807,4.950905141221709,0.14731578947368423,0.5,0.5,0.8538503749771355,0.35385037497713545
cancer,0.5258421052631579,0.9043684210526316,0.9186269540704755,5.0,39.680129461202796,1016.0,85.05100687835207,0.0009765625,0.9043684210526316,0.7947193290186103,0.7799143344917993,0.8538503749771355,0.0739360404853362
cancer,0.762421052631579,0.8570526315789474,0.0046289412231202195,5.0,65.54813185593582,4159.0,4.950905141221709,1.704360792857148,0.8570526315789474,0.810382810516089,0.8102364185110664,0.8538503749771355,0.043613956466069026
cancer,0.6677894736842106,0.1,0.16587441300341949,9.0,1.3974131491568424,511.0,0.0009765625,1.1945028172479297,0.8097368421052632,0.8346421421251202,0.8286766050850558,0.8538503749771355,0.025173769892079645
cancer,0.3365789473684211,0.8570526315789474,0.0018197540412827756,5.0,2.3084053051719735,1461.0,2.431845007215014,352.5144195057326,0.2892631578947369,0.8480412987928752,0.8350367355649045,0.8538503749771355,0.01881363941223091
cancer,0.5258421052631579,0.5258421052631579,0.016073370835566828,1.0,28.395417264496608,2049.0,0.0695332172560304,0.0028367633908482908,0.1,0.5,0.5,0.8538503749771355,0.35385037497713545
cancer,0.8570526315789474,0.4312105263157895,0.12151309267861628,2.0,91.59782135815125,1575.0,7.064134542013183,121.35392183541367,0.19463157894736843,0.5,0.5,0.8538503749771355,0.35385037497713545
cancer,0.9043684210526316,0.6204736842105263,0.0009765625,6.0,6.299216575194315,389.0,29.279010076269905,29.279010076269905,0.8570526315789474,0.8418391188430737,0.8293053777208707,0.8538503749771355,0.0245449972562648
cancer,0.8097368421052632,0.762421052631579,0.029951571491900867,5.0,28.395417264496608,3982.0,0.0013933954886848076,0.03415416017806149,0.9516842105263158,0.8518607059208975,0.8238445826473996,0.8538503749771355,0.03000579232973588
cancer,0.3838947368421053,0.3365789473684211,0.16587441300341949,6.0,17.189411830019456,1359.0,10.079368399158977,121.35392183541367,0.999,0.8562719824429539,0.8532216023413206,0.8538503749771355,0.0006287726358148449
cancer,0.3365789473684211,0.1,0.03499433750413056,12.0,128.0,4855.0,0.28819719621231693,0.004047598910744807,0.24194736842105266,0.5,0.5,0.8538503749771355,0.35385037497713545
cancer,0.5258421052631579,0.8570526315789474,0.003961899949091121,1.0,91.59782135815125,3032.0,0.004047598910744807,121.35392183541367,0.3365789473684211,0.5,0.5,0.8538503749771355,0.35385037497713545
cancer,0.14731578947368423,0.6677894736842106,0.6729500963161782,11.0,12.300880266076668,4043.0,2.431845007215014,0.20198326800364308,0.5731578947368421,0.829636183306579,0.7888390951771234,0.8538503749771355,0.06501127980001209
cancer,0.8097368421052632,0.4312105263157895,0.0015575232209703396,8.0,1.6519132559793048,1720.0,4.950905141221709,0.001988148211596466,0.19463157894736843,0.8511424408454408,0.8450628010487166,0.8538503749771355,0.00878757392841889
cancer,0.9043684210526316,0.9516842105263158,0.016073370835566828,5.0,1.9527635094364437,4700.0,1.704360792857148,1.1945028172479297,0.3365789473684211,0.8413243952472295,0.8180751173708921,0.8538503749771355,0.03577525760624334
cancer,0.1,0.2892631578947369,0.4929768608740498,12.0,65.54813185593582,3118.0,121.35392183541367,0.09921256574801243,0.6677894736842106,0.5,0.5,0.8538503749771355,0.35385037497713545
cancer,0.4785263157894737,0.762421052631579,0.025635479875238686,8.0,128.0,4203.0,0.28819719621231693,7.064134542013183,0.24194736842105266,0.5,0.5,0.8538503749771355,0.35385037497713545
cancer,0.1,0.4312105263157895,1.7117953147914593,3.0,108.27982791749976,2767.0,1.704360792857148,0.09921256574801243,0.7151052631578948,0.5,0.5,0.8538503749771355,0.35385037497713545
cancer,0.14731578947368423,0.6677894736842106,0.047769874537665395,14.0,77.4859088615508,4979.0,0.008240359972512863,0.001988148211596466,0.762421052631579,0.5,0.739417566002073,0.8538503749771355,0.11443280897506247
cancer,0.7151052631578948,0.5731578947368421,1.2539941451294703,12.0,7.446444431359882,3346.0,502.980609879686,173.15226339294657,0.9516842105263158,0.5,0.5,0.8538503749771355,0.35385037497713545
cancer,0.762421052631579,0.2892631578947369,0.06520943318543869,10.0,2.7288174052801484,1977.0,0.28819719621231693,717.6713346071435,0.6204736842105263,0.8514854094679036,0.8534845436253887,0.8538503749771355,0.000365831351746726
cancer,0.8570526315789474,0.6677894736842106,0.01877954764413522,9.0,1.6519132559793048,67.0,0.4112104172071452,247.0600526513107,0.762421052631579,0.8401113548015182,0.830463843668069,0.8538503749771355,0.023386531309066427
cancer,0.14731578947368423,0.762421052631579,0.002902332595970602,8.0,14.541144960605786,2473.0,352.5144195057326,0.005775263807731052,0.999,0.5,0.5,0.8538503749771355,0.35385037497713545
cancer,0.14731578947368423,0.6677894736842106,0.0021261350881830966,5.0,55.44953466933059,1313.0,1.704360792857148,1.1945028172479297,0.3365789473684211,0.5,0.5,0.8538503749771355,0.35385037497713545
cancer,0.3365789473684211,0.8097368421052632,0.0015575232209703396,14.0,5.328735052946112,3518.0,29.279010076269905,41.776374326713864,0.4785263157894737,0.8507522728535216,0.8272551978537894,0.8538503749771355,0.026595177123346025
cancer,0.19463157894736843,0.9516842105263158,0.10400277136653786,8.0,1.9527635094364437,2596.0,3.4698463869276917,41.776374326713864,0.3365789473684211,0.8586425669655003,0.851891652947991,0.8538503749771355,0.0019587220291444885
alzheimer,0.3838947368421053,0.999,0.07618835338777971,11.0,3.2257959270307297,3773.0,1.1945028172479297,717.6713346071435,0.9516842105263158,0.8655195681511471,0.8499395039322443,0.8505293405928614,0.0005898366606171823
alzheimer,0.5731578947368421,0.5731578947368421,0.03499433750413056,5.0,1.6519132559793048,2920.0,3.4698463869276917,0.001988148211596466,0.14731578947368423,0.8589743589743589,0.8388687235329704,0.8505293405928614,0.011660617059891076
alzheimer,0.6204736842105263,0.3365789473684211,0.0011409804566721465,12.0,28.395417264496608,1185.0,0.04873241877701549,1.704360792857148,0.6204736842105263,0.7579622132253712,0.7393375680580763,0.8505293405928614,0.11119177253478518
alzheimer,0.8570526315789474,0.5258421052631579,0.06520943318543869,12.0,12.300880266076668,1807.0,0.001988148211596466,352.5144195057326,0.9516842105263158,0.8700404858299594,0.8549153055051422,0.8505293405928614,-0.004385964912280715
alzheimer,0.3838947368421053,0.4785263157894737,0.36113552355158496,2.0,1.6519132559793048,601.0,0.09921256574801243,0.016776250308876854,0.14731578947368423,0.7766869095816464,0.7255747126436783,0.8505293405928614,0.1249546279491831
alzheimer,0.999,0.762421052631579,0.002484099669874505,12.0,108.27982791749976,776.0,173.15226339294657,0.09921256574801243,0.8570526315789474,0.5,0.5,0.8505293405928614,0.35052934059286145
alzheimer,0.24194736842105266,0.9043684210526316,0.4219377403724003,4.0,1.182122307190268,1022.0,0.005775263807731052,0.0028367633908482908,0.9043684210526316,0.8512820512820515,0.8120538415003025,0.8505293405928614,0.038475499092558985
alzheimer,0.6204736842105263,0.14731578947368423,0.003961899949091121,14.0,1.6519132559793048,4912.0,0.14156015773094438,0.011757650340698408,0.7151052631578948,0.8527665317139002,0.8256200846944948,0.8505293405928614,0.024909255898366678
alzheimer,0.4312105263157895,0.8097368421052632,0.9186269540704755,2.0,10.405759362848045,1077.0,3.4698463869276917,7.064134542013183,0.6677894736842106,0.8388663967611336,0.8121748336358137,0.8505293405928614,0.038354506957047785
alzheimer,0.4785263157894737,0.762421052631579,0.9186269540704755,1.0,55.44953466933059,2569.0,3.4698463869276917,0.0009765625,0.6204736842105263,0.5,0.691923774954628,0.8505293405928614,0.15860556563823347
alzheimer,0.4312105263157895,0.5731578947368421,0.011774721396962751,8.0,1.3974131491568424,4515.0,85.05100687835207,0.004047598910744807,0.5258421052631579,0.5,0.5,0.8505293405928614,0.35052934059286145
alzheimer,0.3838947368421053,0.4785263157894737,0.06520943318543869,7.0,3.813285323786536,4876.0,121.35392183541367,85.05100687835207,0.8097368421052632,0.5,0.5,0.8505293405928614,0.35052934059286145
alzheimer,0.2892631578947369,0.19463157894736843,0.7862506580094955,8.0,33.56685617033712,1571.0,0.0009765625,173.15226339294657,0.2892631578947369,0.5,0.5,0.8505293405928614,0.35052934059286145
alzheimer,0.762421052631579,0.7151052631578948,0.001333080476167965,1.0,1.9527635094364437,503.0,0.09921256574801243,717.6713346071435,0.4785263157894737,0.8232624831309042,0.811826981246219,0.8505293405928614,0.038702359346642456
alzheimer,0.762421052631579,0.762421052631579,0.047769874537665395,10.0,91.59782135815125,1485.0,59.60807579694174,717.6713346071435,0.8570526315789474,0.5,0.5,0.8505293405928614,0.35052934059286145
alzheimer,0.999,0.24194736842105266,0.08901572837528347,5.0,39.680129461202796,1679.0,20.520220934973292,247.0600526513107,0.6677894736842106,0.7462213225371122,0.7421733212341197,0.8505293405928614,0.10835601935874173
alzheimer,0.3838947368421053,0.9516842105263158,0.025635479875238686,12.0,1.182122307190268,2730.0,0.005775263807731052,14.381615571128657,0.6204736842105263,0.8622132253711202,0.8421657592256503,0.8505293405928614,0.00836358136721116
alzheimer,0.6204736842105263,0.999,0.08901572837528347,14.0,5.328735052946112,1664.0,14.381615571128657,4.950905141221709,0.3838947368421053,0.867037786774629,0.8479431336963097,0.8505293405928614,0.002586206896551757
alzheimer,0.1,0.1,0.055812601103520335,14.0,55.44953466933059,2676.0,0.0695332172560304,0.001988148211596466,0.3838947368421053,0.5,0.5,0.8505293405928614,0.35052934059286145
alzheimer,0.3365789473684211,0.4312105263157895,0.055812601103520335,9.0,128.0,3749.0,85.05100687835207,3.4698463869276917,0.762421052631579,0.5,0.5,0.8505293405928614,0.35052934059286145
alzheimer,0.4785263157894737,0.999,1.7117953147914593,14.0,14.541144960605786,4660.0,0.04873241877701549,717.6713346071435,0.14731578947368423,0.6151990553306342,0.7162280701754387,0.8505293405928614,0.1343012704174228
alzheimer,0.19463157894736843,0.8570526315789474,0.2645537280180739,1.0,46.906766188285566,3153.0,0.0013933954886848076,0.0013933954886848076,0.2892631578947369,0.5,0.5,0.8505293405928614,0.35052934059286145
alzheimer,0.1,0.1,0.016073370835566828,14.0,1.182122307190268,1708.0,7.064134542013183,59.60807579694174,0.3365789473684211,0.8472672064777328,0.8155928614640048,0.8505293405928614,0.03493647912885667
alzheimer,0.24194736842105266,0.5731578947368421,0.011774721396962751,6.0,46.906766188285566,2932.0,121.35392183541367,0.005775263807731052,0.5731578947368421,0.5,0.5,0.8505293405928614,0.35052934059286145
alzheimer,0.8097368421052632,0.8097368421052632,0.1419715215115186,9.0,91.59782135815125,4283.0,0.005775263807731052,0.20198326800364308,0.19463157894736843,0.5,0.5,0.8505293405928614,0.35052934059286145
alzheimer,0.999,0.24194736842105266,0.016073370835566828,10.0,1.3974131491568424,147.0,0.8371683896936676,59.60807579694174,0.3838947368421053,0.8439608636977057,0.8381881427707198,0.8505293405928614,0.012341197822141603
alzheimer,0.999,0.4785263157894737,0.1419715215115186,8.0,2.7288174052801484,2386.0,1024.0,0.0009765625,0.5731578947368421,0.5,0.5,0.8505293405928614,0.35052934059286145
alzheimer,0.9043684210526316,0.5258421052631579,0.19380169062283858,7.0,91.59782135815125,624.0,0.0013933954886848076,0.0009765625,0.8097368421052632,0.5,0.5,0.8505293405928614,0.35052934059286145
alzheimer,0.6204736842105263,0.2892631578947369,0.2645537280180739,11.0,39.680129461202796,2057.0,173.15226339294657,0.5867302300023128,0.8097368421052632,0.5,0.5,0.8505293405928614,0.35052934059286145
alzheimer,0.8097368421052632,0.19463157894736843,0.01877954764413522,8.0,33.56685617033712,3192.0,85.05100687835207,3.4698463869276917,0.999,0.5,0.5,0.8505293405928614,0.35052934059286145
alzheimer,0.5731578947368421,0.8570526315789474,0.002902332595970602,4.0,2.3084053051719735,4200.0,0.8371683896936676,173.15226339294657,0.8097368421052632,0.8723346828609986,0.8519661222020569,0.8505293405928614,-0.00143678160919547
alzheimer,0.19463157894736843,0.9043684210526316,1.0732906512042744,2.0,1.182122307190268,2870.0,173.15226339294657,0.20198326800364308,0.4785263157894737,0.5,0.5,0.8505293405928614,0.35052934059286145
alzheimer,0.24194736842105266,0.1,0.0015575232209703396,1.0,8.802608071563268,1301.0,0.8371683896936676,0.011757650340698408,0.3838947368421053,0.8490890688259108,0.8341802782819117,0.8505293405928614,0.01634906231094979
alzheimer,0.19463157894736843,0.8570526315789474,0.1419715215115186,12.0,77.4859088615508,4566.0,1.704360792857148,29.279010076269905,0.3365789473684211,0.5,0.5,0.8505293405928614,0.35052934059286145
alzheimer,0.3365789473684211,0.6677894736842106,0.002902332595970602,11.0,77.4859088615508,226.0,1.1945028172479297,29.279010076269905,0.1,0.5,0.5,0.8505293405928614,0.35052934059286145
alzheimer,0.762421052631579,0.1,0.0018197540412827756,12.0,108.27982791749976,816.0,0.5867302300023128,0.0028367633908482908,0.19463157894736843,0.5,0.5,0.8505293405928614,0.35052934059286145
alzheimer,0.8570526315789474,0.8570526315789474,0.7862506580094955,12.0,128.0,2525.0,0.005775263807731052,173.15226339294657,0.4785263157894737,0.5,0.5,0.8505293405928614,0.35052934059286145
alzheimer,0.2892631578947369,0.8570526315789474,1.0732906512042744,5.0,1.3974131491568424,700.0,85.05100687835207,1.1945028172479297,0.1,0.5,0.5,0.8505293405928614,0.35052934059286145
alzheimer,0.19463157894736843,0.9043684210526316,0.04088612371087573,10.0,33.56685617033712,570.0,0.001988148211596466,1024.0,0.7151052631578948,0.7610998650472334,0.7430429522081066,0.8505293405928614,0.10748638838475488
alzheimer,0.9043684210526316,0.762421052631579,0.025635479875238686,7.0,1.182122307190268,155.0,0.0013933954886848076,7.064134542013183,0.8570526315789474,0.8567476383265857,0.8500302480338778,0.8505293405928614,0.0004990925589836159
alzheimer,0.4312105263157895,0.1,0.0033909808852633535,11.0,33.56685617033712,2807.0,7.064134542013183,173.15226339294657,0.9043684210526316,0.7601889338731443,0.797897761645493,0.8505293405928614,0.052631578947368474
alzheimer,0.6677894736842106,0.3838947368421053,0.2264309160659766,13.0,24.020710117541363,2369.0,0.011757650340698408,0.20198326800364308,0.7151052631578948,0.7271255060728744,0.7325771324863884,0.8505293405928614,0.117952208106473
alzheimer,0.6204736842105263,0.9516842105263158,0.029951571491900867,12.0,1.182122307190268,4930.0,59.60807579694174,2.431845007215014,0.9516842105263158,0.6689439946018894,0.7848230490018149,0.8505293405928614,0.06570629159104657
alzheimer,0.8570526315789474,0.999,0.5759764109812475,6.0,10.405759362848045,2492.0,352.5144195057326,85.05100687835207,0.4312105263157895,0.5,0.5,0.8505293405928614,0.35052934059286145
alzheimer,0.6204736842105263,0.6204736842105263,0.0018197540412827756,7.0,1.6519132559793048,4870.0,59.60807579694174,29.279010076269905,0.762421052631579,0.5237348178137652,0.784928917120387,0.8505293405928614,0.06560042347247441
alzheimer,0.19463157894736843,0.4312105263157895,0.010077956460147792,13.0,17.189411830019456,636.0,29.279010076269905,0.5867302300023128,0.8570526315789474,0.8192982456140351,0.8390275257108287,0.8505293405928614,0.011501814882032724
alzheimer,0.9516842105263158,0.2892631578947369,0.047769874537665395,5.0,128.0,2839.0,0.016776250308876854,0.04873241877701549,0.1,0.5,0.5,0.8505293405928614,0.35052934059286145
alzheimer,0.1,0.762421052631579,0.16587441300341949,14.0,33.56685617033712,560.0,4.950905141221709,1024.0,0.6677894736842106,0.7513157894736844,0.7442982456140351,0.8505293405928614,0.10623109497882632
alzheimer,0.1,0.8097368421052632,0.36113552355158496,5.0,33.56685617033712,2295.0,0.001988148211596466,0.04873241877701549,0.8097368421052632,0.7200067476383266,0.6890350877192982,0.8505293405928614,0.16149425287356323
alzheimer,0.9516842105263158,0.2892631578947369,0.025635479875238686,9.0,108.27982791749976,4046.0,14.381615571128657,0.004047598910744807,0.762421052631579,0.5,0.5,0.8505293405928614,0.35052934059286145
alzheimer,0.8570526315789474,0.7151052631578948,0.0018197540412827756,12.0,12.300880266076668,2266.0,7.064134542013183,1.1945028172479297,0.3838947368421053,0.8229757085020243,0.8128554143980642,0.8505293405928614,0.03767392619479726
alzheimer,0.24194736842105266,0.1,0.08901572837528347,5.0,39.680129461202796,2850.0,41.776374326713864,0.023936974333374585,0.9516842105263158,0.7285087719298246,0.7579552329098608,0.8505293405928614,0.09257410768300067
alzheimer,0.1,0.2892631578947369,0.9186269540704755,4.0,12.300880266076668,2840.0,0.20198326800364308,0.0013933954886848076,0.8570526315789474,0.7898110661268556,0.773653962492438,0.8505293405928614,0.07687537810042344
alzheimer,0.999,0.6204736842105263,2.0,3.0,91.59782135815125,1569.0,85.05100687835207,352.5144195057326,0.6204736842105263,0.5,0.5,0.8505293405928614,0.35052934059286145
alzheimer,0.19463157894736843,0.1,0.1419715215115186,8.0,4.507769644929328,1067.0,20.520220934973292,0.0695332172560304,0.6204736842105263,0.8463731443994602,0.8465895341802782,0.8505293405928614,0.003939806412583291
alzheimer,0.7151052631578948,0.14731578947368423,2.0,3.0,39.680129461202796,2897.0,7.064134542013183,0.011757650340698408,0.5258421052631579,0.7010627530364373,0.6873865698729583,0.8505293405928614,0.16314277071990313
alzheimer,0.14731578947368423,0.9516842105263158,0.4929768608740498,7.0,1.6519132559793048,826.0,0.03415416017806149,20.520220934973292,0.24194736842105266,0.8465249662618085,0.8173472474289172,0.8505293405928614,0.03318209316394427
alzheimer,0.24194736842105266,0.5258421052631579,0.2645537280180739,9.0,46.906766188285566,2787.0,173.15226339294657,247.0600526513107,0.9043684210526316,0.5,0.5,0.8505293405928614,0.35052934059286145
alzheimer,0.8570526315789474,0.3838947368421053,0.12151309267861628,8.0,39.680129461202796,4133.0,0.04873241877701549,0.0695332172560304,0.19463157894736843,0.5,0.5,0.8505293405928614,0.35052934059286145
alzheimer,0.4785263157894737,0.8570526315789474,1.7117953147914593,14.0,24.020710117541363,729.0,1.704360792857148,0.0695332172560304,0.9516842105263158,0.7086707152496626,0.7665003024803388,0.8505293405928614,0.0840290381125226
alzheimer,0.8570526315789474,0.24194736842105266,0.005408288225960173,13.0,3.813285323786536,4172.0,0.016776250308876854,0.008240359972512863,0.7151052631578948,0.8606950067476383,0.8439806412583183,0.8505293405928614,0.006548699334543162
alzheimer,0.999,0.9516842105263158,1.2539941451294703,5.0,1.9527635094364437,4492.0,4.950905141221709,1.1945028172479297,0.24194736842105266,0.8055330634278002,0.7882335148215367,0.8505293405928614,0.06229582577132475
alzheimer,0.8097368421052632,0.3838947368421053,0.9186269540704755,5.0,4.507769644929328,2983.0,0.09921256574801243,41.776374326713864,0.2892631578947369,0.816902834008097,0.7907441016333938,0.8505293405928614,0.059785238959467635
alzheimer,0.19463157894736843,0.5731578947368421,0.0046289412231202195,2.0,10.405759362848045,954.0,0.28819719621231693,502.980609879686,0.3838947368421053,0.815080971659919,0.8003024803387779,0.8505293405928614,0.050226860254083516
alzheimer,0.7151052631578948,0.6677894736842106,0.4219377403724003,10.0,3.813285323786536,2994.0,10.079368399158977,0.0013933954886848076,0.2892631578947369,0.8582995951417004,0.8468844525105867,0.8505293405928614,0.0036448880822747
alzheimer,0.2892631578947369,0.3365789473684211,0.016073370835566828,8.0,12.300880266076668,1389.0,0.0009765625,1.704360792857148,0.999,0.8632591093117409,0.8551875378100423,0.8505293405928614,-0.0046581972171808594
alzheimer,0.8570526315789474,0.3838947368421053,0.04088612371087573,13.0,1.6519132559793048,1828.0,0.005775263807731052,41.776374326713864,0.9516842105263158,0.8625506072874494,0.847459165154265,0.8505293405928614,0.0030701754385964453
alzheimer,0.6204736842105263,0.3838947368421053,0.055812601103520335,10.0,65.54813185593582,3603.0,717.6713346071435,0.001988148211596466,0.6677894736842106,0.5,0.5,0.8505293405928614,0.35052934059286145
alzheimer,0.6677894736842106,0.9043684210526316,0.06520943318543869,14.0,65.54813185593582,456.0,717.6713346071435,0.0009765625,0.19463157894736843,0.5,0.5,0.8505293405928614,0.35052934059286145
alzheimer,0.6677894736842106,0.8570526315789474,0.04088612371087573,8.0,1.0,134.0,59.60807579694174,1.1945028172479297,0.8097368421052632,0.5,0.7806488203266788,0.8505293405928614,0.06988052026618263
alzheimer,0.5731578947368421,0.2892631578947369,0.2264309160659766,3.0,20.319987171746284,3513.0,0.4112104172071452,0.09921256574801243,0.762421052631579,0.7988191632928474,0.7465214761040533,0.8505293405928614,0.10400786448880817
alzheimer,0.1,0.19463157894736843,0.010077956460147792,7.0,55.44953466933059,1354.0,59.60807579694174,0.20198326800364308,0.4312105263157895,0.5,0.5,0.8505293405928614,0.35052934059286145
alzheimer,0.3365789473684211,0.6204736842105263,0.03499433750413056,12.0,28.395417264496608,1146.0,14.381615571128657,247.0600526513107,0.4312105263157895,0.7439271255060728,0.7397156684815486,0.8505293405928614,0.11081367211131288
alzheimer,0.9043684210526316,0.2892631578947369,0.4929768608740498,4.0,77.4859088615508,2509.0,14.381615571128657,20.520220934973292,0.6677894736842106,0.5,0.5,0.8505293405928614,0.35052934059286145
alzheimer,0.7151052631578948,0.19463157894736843,0.0021261350881830966,2.0,20.319987171746284,256.0,0.004047598910744807,4.950905141221709,0.14731578947368423,0.5,0.5,0.8505293405928614,0.35052934059286145
alzheimer,0.5258421052631579,0.9043684210526316,0.9186269540704755,5.0,39.680129461202796,1016.0,85.05100687835207,0.0009765625,0.9043684210526316,0.5,0.5,0.8505293405928614,0.35052934059286145
alzheimer,0.762421052631579,0.8570526315789474,0.0046289412231202195,5.0,65.54813185593582,4159.0,4.950905141221709,1.704360792857148,0.8570526315789474,0.7413124156545209,0.7237295825771325,0.8505293405928614,0.12679975801572896
alzheimer,0.6677894736842106,0.1,0.16587441300341949,9.0,1.3974131491568424,511.0,0.0009765625,1.1945028172479297,0.8097368421052632,0.8415991902834008,0.8077132486388385,0.8505293405928614,0.04281609195402292
alzheimer,0.3365789473684211,0.8570526315789474,0.0018197540412827756,5.0,2.3084053051719735,1461.0,2.431845007215014,352.5144195057326,0.2892631578947369,0.8482456140350877,0.8233514821536599,0.8505293405928614,0.027177858439201508
alzheimer,0.5258421052631579,0.5258421052631579,0.016073370835566828,1.0,28.395417264496608,2049.0,0.0695332172560304,0.0028367633908482908,0.1,0.5,0.5,0.8505293405928614,0.35052934059286145
alzheimer,0.8570526315789474,0.4312105263157895,0.12151309267861628,2.0,91.59782135815125,1575.0,7.064134542013183,121.35392183541367,0.19463157894736843,0.5,0.5,0.8505293405928614,0.35052934059286145
alzheimer,0.9043684210526316,0.6204736842105263,0.0009765625,6.0,6.299216575194315,389.0,29.279010076269905,29.279010076269905,0.8570526315789474,0.8348178137651823,0.8330611010284332,0.8505293405928614,0.017468239564428223
alzheimer,0.8097368421052632,0.762421052631579,0.029951571491900867,5.0,28.395417264496608,3982.0,0.0013933954886848076,0.03415416017806149,0.9516842105263158,0.8091430499325236,0.7832274652147612,0.8505293405928614,0.06730187537810028
alzheimer,0.3838947368421053,0.3365789473684211,0.16587441300341949,6.0,17.189411830019456,1359.0,10.079368399158977,121.35392183541367,0.999,0.8764844804318488,0.853599516031458,0.8505293405928614,-0.0030701754385965563
alzheimer,0.3365789473684211,0.1,0.03499433750413056,12.0,128.0,4855.0,0.28819719621231693,0.004047598910744807,0.24194736842105266,0.5,0.5,0.8505293405928614,0.35052934059286145
alzheimer,0.5258421052631579,0.8570526315789474,0.003961899949091121,1.0,91.59782135815125,3032.0,0.004047598910744807,121.35392183541367,0.3365789473684211,0.5,0.5,0.8505293405928614,0.35052934059286145
alzheimer,0.14731578947368423,0.6677894736842106,0.6729500963161782,11.0,12.300880266076668,4043.0,2.431845007215014,0.20198326800364308,0.5731578947368421,0.7970310391363024,0.7714156079854808,0.8505293405928614,0.07911373260738064
alzheimer,0.8097368421052632,0.4312105263157895,0.0015575232209703396,8.0,1.6519132559793048,1720.0,4.950905141221709,0.001988148211596466,0.19463157894736843,0.8551956815114711,0.8413944343617666,0.8505293405928614,0.009134906231094808
alzheimer,0.9043684210526316,0.9516842105263158,0.016073370835566828,5.0,1.9527635094364437,4700.0,1.704360792857148,1.1945028172479297,0.3365789473684211,0.8605600539811066,0.8350120992135511,0.8505293405928614,0.01551724137931032
alzheimer,0.1,0.2892631578947369,0.4929768608740498,12.0,65.54813185593582,3118.0,121.35392183541367,0.09921256574801243,0.6677894736842106,0.5,0.5,0.8505293405928614,0.35052934059286145
alzheimer,0.4785263157894737,0.762421052631579,0.025635479875238686,8.0,128.0,4203.0,0.28819719621231693,7.064134542013183,0.24194736842105266,0.5,0.5,0.8505293405928614,0.35052934059286145
alzheimer,0.1,0.4312105263157895,1.7117953147914593,3.0,108.27982791749976,2767.0,1.704360792857148,0.09921256574801243,0.7151052631578948,0.5,0.5,0.8505293405928614,0.35052934059286145
alzheimer,0.14731578947368423,0.6677894736842106,0.047769874537665395,14.0,77.4859088615508,4979.0,0.008240359972512863,0.001988148211596466,0.762421052631579,0.5,0.5,0.8505293405928614,0.35052934059286145
alzheimer,0.7151052631578948,0.5731578947368421,1.2539941451294703,12.0,7.446444431359882,3346.0,502.980609879686,173.15226339294657,0.9516842105263158,0.5,0.5,0.8505293405928614,0.35052934059286145
alzheimer,0.762421052631579,0.2892631578947369,0.06520943318543869,10.0,2.7288174052801484,1977.0,0.28819719621231693,717.6713346071435,0.6204736842105263,0.8684885290148447,0.8407441016333939,0.8505293405928614,0.00978523895946759
alzheimer,0.8570526315789474,0.6677894736842106,0.01877954764413522,9.0,1.6519132559793048,67.0,0.4112104172071452,247.0600526513107,0.762421052631579,0.8485661268556004,0.8474894131881427,0.8505293405928614,0.003039927404718701
alzheimer,0.14731578947368423,0.762421052631579,0.002902332595970602,8.0,14.541144960605786,2473.0,352.5144195057326,0.005775263807731052,0.999,0.5,0.5,0.8505293405928614,0.35052934059286145
alzheimer,0.14731578947368423,0.6677894736842106,0.0021261350881830966,5.0,55.44953466933059,1313.0,1.704360792857148,1.1945028172479297,0.3365789473684211,0.5,0.5,0.8505293405928614,0.35052934059286145
alzheimer,0.3365789473684211,0.8097368421052632,0.0015575232209703396,14.0,5.328735052946112,3518.0,29.279010076269905,41.776374326713864,0.4785263157894737,0.8200404858299596,0.8103675136116153,0.8505293405928614,0.04016182698124615
alzheimer,0.19463157894736843,0.9516842105263158,0.10400277136653786,8.0,1.9527635094364437,2596.0,3.4698463869276917,41.776374326713864,0.3365789473684211,0.8632253711201081,0.8446309739866908,0.8505293405928614,0.005898366606170602
