dataset,cv_roc_auc,test_roc_auc,colsample_bytree,gamma,learning_rate,max_depth,min_child_weight,n_estimators,reg_alpha,reg_lambda,subsample,star_test_roc_auc,diff_from_star
heart,0.8019133292209968,0.7851906442729142,0.705051979426657,3.6386287158866253,0.2805317196658718,7.0,7.0,236.0,0.350931334899144,1.479008468380841,0.6522316555182531,0.7839106318606726,-0.0012800124122416268
heart,0.8103445817404665,0.7868197509794035,0.9186941777766422,4.416576386904311,0.09798893186641074,14.0,9.0,78.0,0.13830853827857517,0.7071747952568362,0.8178645509395852,0.7839106318606726,-0.0029091191187309295
heart,0.805957534878074,0.7857336798417439,0.7224162561505759,4.593612608346885,0.04040915598028404,8.0,3.0,254.0,0.15544805405054332,1.503105062680993,0.7786702115169006,0.7839106318606726,-0.0018230479810713573
heart,0.7991619154239753,0.777432993289632,0.9061979941786817,0.8593578069828035,0.18343365247851712,13.0,6.0,93.0,0.7558005328358816,1.7452607066198842,0.9559644307534418,0.7839106318606726,0.006477638571040556
heart,0.8060674620126699,0.7592413017338351,0.8997767208035865,2.190145932204617,0.16271986876703082,12.0,9.0,373.0,0.42417807246068207,1.3005682034955253,0.6765419227639857,0.7839106318606726,0.024669330126837474
heart,0.8115103166181147,0.7877118808424808,0.8670140089927842,4.6968486880138585,0.05744608180517957,5.0,8.0,218.0,0.4590245141508057,1.0695303202422712,0.8926419685712479,0.7839106318606726,-0.003801248981808225
heart,0.8089605958399589,0.7858694387339513,0.8085396792511581,3.876821894139413,0.11411665025720713,13.0,6.0,318.0,0.6487775097037258,0.8441651719013947,0.866941242634403,0.7839106318606726,-0.0019588068732787622
heart,0.805397281894369,0.7860827741359917,0.7717015338451563,4.600046132186582,0.15397534404304786,13.0,4.0,73.0,0.5707778026788982,0.05160217010704217,0.6928647954923324,0.7839106318606726,-0.0021721422753191444
heart,0.7992893937649855,0.7826694077033475,0.9777389931549642,3.50310722310683,0.26277905925433237,8.0,4.0,145.0,6.105075267348604e-05,0.7413709753254089,0.7971894567956928,0.7839106318606726,0.0012412241573250826
heart,0.8045691999548452,0.7839106318606726,0.5018151536273716,4.089150098318758,0.22497199586672792,6.0,6.0,174.0,0.31283930623462813,0.30518917367688864,0.9469190305262598,0.7839106318606726,0.0
heart,0.8090913350798262,0.7791784647608704,0.6326528127438804,0.8405330217721497,0.013309373356291255,4.0,10.0,218.0,0.6604897733465612,0.6640095010016814,0.9561107489291872,0.7839106318606726,0.004732167099802176
heart,0.8025939252313513,0.7791008882510377,0.8449047287552687,0.1715745260539381,0.013429024600038902,10.0,1.0,243.0,0.17758751706168366,1.488030828910506,0.5169684748005877,0.7839106318606726,0.00480974360963482
heart,0.810704271501999,0.7852682207827469,0.8991713791632776,3.9990656279355075,0.011656606041268848,13.0,10.0,309.0,0.9785063968375087,0.002907790254122578,0.8816219748544436,0.7839106318606726,-0.001357588922074382
heart,0.7827928282543263,0.7277452387417089,0.6169644851834569,0.061058317233983486,0.2807969109255494,9.0,10.0,361.0,0.5407464667149302,1.0581395479575897,0.594694150635595,0.7839106318606726,0.056165393118963625
heart,0.8059932577530216,0.7965168147085062,0.6706960500327418,4.713778166133631,0.08517901029151521,7.0,10.0,136.0,0.9360021654910516,1.95449583379019,0.5295593162788603,0.7839106318606726,-0.012606182847833658
heart,0.8063823696892957,0.7835033551840502,0.6681859343480862,4.966007371398778,0.2904143297175622,11.0,10.0,306.0,0.22647637854824815,0.40200988777651625,0.8907249574163988,0.7839106318606726,0.0004072766766223257
heart,0.8059786826811335,0.7818936426050191,0.5876127757456373,2.0491497517256336,0.019825449700002197,11.0,1.0,448.0,0.4445202823312839,0.4673018194773827,0.9908859416605218,0.7839106318606726,0.002016989255653412
heart,0.8116767474783076,0.7832900197820101,0.7882017662254434,0.17172163696098589,0.09351618485675887,11.0,10.0,92.0,0.07311196774234031,1.8304899062487885,0.5439410936703554,0.7839106318606726,0.0006206120786624858
heart,0.8114488480379922,0.7821651603894342,0.5,1.9267936199198865,0.08070426180085014,3.0,10.0,210.0,0.12014891748052464,2.0,1.0,0.7839106318606726,0.00174547147123838
heart,0.7948438567721542,0.7832706256545519,0.8998870629238421,4.967896222737327,0.255277654680384,4.0,2.0,213.0,0.0882655527252514,1.074454811297852,0.5042025741348503,0.7839106318606726,0.0006400062061207024
heart,0.7924274149612678,0.7653310577557115,0.6031875081539863,0.0,0.08303905007116377,7.0,1.0,345.0,0.19593902939841593,1.127315039585053,1.0,0.7839106318606726,0.018579574104961027
heart,0.805706357690114,0.789224622784221,0.7959350076865238,2.4248456879004685,0.01,14.0,6.0,50.0,0.0,0.0,0.5,0.7839106318606726,-0.005313990923548451
heart,0.8084677428690149,0.7945386137077692,0.7972764997766908,0.2684697120169472,0.014534083028465785,7.0,10.0,177.0,0.8047066387394121,1.5306880623568018,0.5078649616439233,0.7839106318606726,-0.01062798184709668
heart,0.807196458818957,0.7891664404018464,0.7173101031178252,5.0,0.01,3.0,10.0,500.0,0.0,2.0,0.9185788849198511,0.7839106318606726,-0.005255808541173801
heart,0.8068284240734487,0.792715565726698,0.7771605332015893,5.0,0.01,13.0,1.0,372.0,0.8734227845903412,0.0,0.6089096924788193,0.7839106318606726,-0.008804933866025433
heart,0.8041428186186419,0.7628098211861448,1.0,1.666210549148635,0.08177755659691599,9.0,9.0,425.0,1.0,0.0,0.5,0.7839106318606726,0.021100810674527737
heart,0.8062777361615417,0.7800705946239478,0.9286394941339774,0.4605276582127466,0.011521572768262923,11.0,5.0,142.0,0.8537596999995304,0.2187652882107467,0.8989114046565463,0.7839106318606726,0.0038400372367247693
heart,0.8069164671850088,0.7848609441061247,0.5417436930936258,4.5812000315737995,0.2948341168958499,14.0,1.0,135.0,0.9935496097040937,1.0915599667669078,0.8505845068138103,0.7839106318606726,-0.0009503122454521673
heart,0.8120707258749279,0.7680462355998604,0.8948653406802338,3.1954514833433247,0.2028111772737491,9.0,10.0,61.0,0.01459753676139908,1.4136255223063872,0.7067595483530842,0.7839106318606726,0.015864396260812152
heart,0.8070065395318178,0.7897676583530508,0.6172007011422396,5.0,0.01,15.0,5.0,491.0,0.621364260076814,2.0,0.6639848929480268,0.7839106318606726,-0.005857026492378292
heart,0.8018438675607864,0.7842209379000039,0.9561051744125877,5.0,0.19269910622231345,3.0,10.0,229.0,0.0,1.8671747424379235,0.5071775235577561,0.7839106318606726,-0.0003103060393313539
heart,0.8040677195507522,0.7779178464760871,1.0,5.0,0.3,10.0,10.0,50.0,1.0,0.38110427512371503,1.0,0.7839106318606726,0.005992785384585475
heart,0.804406539328084,0.7852100384003724,0.9758036318143782,3.7651787082449713,0.01,13.0,1.0,50.0,1.0,2.0,1.0,0.7839106318606726,-0.0012994065396998433
heart,0.7958741132832328,0.7873821806756915,0.5,3.449440295184818,0.01,3.0,10.0,50.0,0.970631724024133,0.34965949662436574,1.0,0.7839106318606726,-0.0034715488150189877
heart,0.8094590283396537,0.7876343043326481,1.0,2.2713136652033987,0.10557458678139663,4.0,10.0,50.0,0.4535154267801559,0.6402585883352304,0.5504769211933612,0.7839106318606726,-0.003723672471975581
heart,0.8054655697699001,0.7879446103719794,0.5,5.0,0.3,8.0,10.0,500.0,1.0,1.7965495964773366,0.9444432828222253,0.7839106318606726,-0.004033978511306824
heart,0.8007714358317614,0.7803809006632793,0.5,0.0,0.03545220747535572,4.0,10.0,50.0,0.2229338707527447,0.9504853211816037,0.6929413721590296,0.7839106318606726,0.0035297311973933043
heart,0.8058029275254868,0.7910864590202087,0.7141108403983468,1.5795028638818998,0.0994908877847411,3.0,10.0,50.0,0.7832996735014842,1.5585179942041738,0.5025659055101346,0.7839106318606726,-0.00717582715953613
heart,0.8027916060828625,0.7775881463092976,1.0,0.3378180540944948,0.01,13.0,10.0,50.0,0.0,2.0,1.0,0.7839106318606726,0.0063224855513749345
heart,0.8065096848117264,0.7828633489779295,0.8587664056287541,2.997061438109589,0.14273922529765226,8.0,9.0,120.0,0.40597920786117964,1.997394598303729,0.5,0.7839106318606726,0.001047282882743028
heart,0.8078175633934018,0.786780962724487,0.6920703341267169,0.6604029141698692,0.073817439486594,3.0,10.0,93.0,0.9259290274181013,0.7640896895486462,0.5,0.7839106318606726,-0.0028703308638144964
heart,0.8110308753525868,0.7814281835460222,0.5537726710597747,2.84862682743067,0.1722981013155589,5.0,10.0,152.0,0.02356600557712585,1.31875668887885,0.9465288323965475,0.7839106318606726,0.0024824483146503873
heart,0.8079072618423299,0.7865676273224467,0.5,5.0,0.14670672540386825,6.0,10.0,495.0,0.48024607947643766,1.6392039430464904,0.9292795383035408,0.7839106318606726,-0.0026569954617741143
heart,0.810059268717791,0.7819518249873939,0.8410095539771878,3.0979499925885907,0.25326596909393256,5.0,7.0,86.0,0.4364738808213439,1.399954709533067,0.9506011403094066,0.7839106318606726,0.0019588068732786512
heart,0.816337353310485,0.7732826500135759,0.9799202687919194,3.984963209276537,0.2915636053657891,8.0,4.0,491.0,0.633068923858472,1.3185154714736442,0.9903478645890958,0.7839106318606726,0.01062798184709668
heart,0.8087984769599726,0.7742717505139444,0.9979904833086823,4.9689776728028,0.2968610820074879,8.0,1.0,494.0,0.8113018638570726,1.4449188577239949,0.6448103242845844,0.7839106318606726,0.00963888134672819
heart,0.8067631019142368,0.7923664714324503,0.6336776821354768,3.930500388606248,0.3,14.0,4.0,237.0,0.9468809359934576,1.060408447367158,0.6100636601645127,0.7839106318606726,-0.008455839571777757
heart,0.8119757581283084,0.7737675032000311,1.0,3.1629337321364446,0.3,9.0,10.0,500.0,0.0,0.17936541854205393,1.0,0.7839106318606726,0.010143128660641487
heart,0.8146945895610676,0.7822427368992668,0.995249219440393,3.4547539176052995,0.14803550519632783,13.0,4.0,429.0,0.8977338221004639,0.10293813417017009,0.9744221397168591,0.7839106318606726,0.001667894961405736
heart,0.8043177009600401,0.7797215003297002,1.0,2.963751734946598,0.25039816493162714,9.0,1.0,500.0,1.0,0.9513979518308269,1.0,0.7839106318606726,0.004189131530972334
heart,0.8141987836071685,0.7807299949575267,0.8602947954288115,4.050756235168179,0.25542052452088887,13.0,10.0,461.0,0.4053256157979495,1.5874472321177082,0.9163757540340305,0.7839106318606726,0.0031806369031458503
heart,0.810165895595858,0.7874597571855242,0.8525238056376536,3.3431233165820826,0.1733471337498004,12.0,6.0,467.0,0.7703358136528243,1.2725047569746688,0.9644289692297148,0.7839106318606726,-0.003549125324851632
heart,0.8057057650098816,0.779779682712075,1.0,4.236372227368385,0.3,7.0,1.0,441.0,0.0,0.43489575426721777,1.0,0.7839106318606726,0.0041309491485975736
heart,0.8051007496201059,0.785171250145456,0.8491299949074502,4.043760441068253,0.29842814269216356,9.0,5.0,480.0,0.937956518706231,1.235073690763853,0.9530987336943189,0.7839106318606726,-0.0012606182847834102
heart,0.8072928121871354,0.780555447810403,0.9892556601960467,4.670965445353231,0.05780477559515682,15.0,7.0,424.0,0.6396441530440188,0.01113289302014783,0.9927774409363975,0.7839106318606726,0.0033551840502695773
heart,0.7981703382435346,0.7532291222217913,0.7064507724858975,0.776046928982493,0.29168555783861194,13.0,10.0,110.0,0.022889433349929437,1.8295791995446609,0.8844089319223334,0.7839106318606726,0.030681509638881277
heart,0.8093313289011347,0.7846863969590008,0.9425248927594643,2.6451636005764168,0.1340087824519531,13.0,9.0,494.0,0.004055911315774431,0.23184596343437308,0.9051101677778759,0.7839106318606726,-0.0007757650983282183
heart,0.8007888782257895,0.7773942050347155,0.9600171509496964,4.158330407108241,0.3,13.0,10.0,500.0,0.269580464127886,1.8224293756939416,0.5,0.7839106318606726,0.0065164268259571
heart,0.8103445782677309,0.7796827120747837,0.8483790362613911,2.569344464449989,0.010588942516393841,15.0,10.0,407.0,0.4945209194813597,0.06677076889076018,0.9869453448850172,0.7839106318606726,0.004227919785888878
heart,0.809438463956198,0.7776075404367556,1.0,4.297374478945242,0.21704139676839002,5.0,10.0,354.0,0.4830875370676166,0.9175879040908761,1.0,0.7839106318606726,0.00630309142391694
heart,0.8082643192701736,0.7868197509794034,0.8975825385594691,3.1241510992374426,0.012226819624828815,13.0,10.0,70.0,0.07547470074399844,1.3234008519574774,0.8505671965441268,0.7839106318606726,-0.0029091191187308185
heart,0.8072657422120659,0.7868003568519453,0.8992320068262927,4.7779704783181405,0.12779328985302696,15.0,7.0,190.0,0.952917225634406,0.16592399524385473,0.9500806622549218,0.7839106318606726,-0.002889724991272713
heart,0.8096302515751634,0.7787323998293317,1.0,3.320027010391993,0.15277781590908454,13.0,10.0,500.0,0.34492183952813604,1.4244166218096272,1.0,0.7839106318606726,0.005178232031340824
heart,0.8106199963087135,0.7840269966254217,0.8501517211574271,3.9235170548989498,0.1087865972701229,13.0,9.0,458.0,0.5791370131126871,0.23117804861321292,0.5956264475698343,0.7839106318606726,-0.00011636476474918833
heart,0.8078459750020442,0.7930258717660293,1.0,5.0,0.01,7.0,10.0,397.0,0.5540770193574963,1.0888055306328772,0.5,0.7839106318606726,-0.009115239905356787
heart,0.8032428799888279,0.7833675962918429,0.5147367481626534,0.7564800127642535,0.01861142407127446,4.0,2.0,245.0,0.9388971343579585,0.39979875274442983,0.6100243281371031,0.7839106318606726,0.0005430355688296196
heart,0.8086695273365885,0.7807881773399015,1.0,2.7311927210672513,0.1302742907957533,10.0,10.0,50.0,0.0,1.4609644182796446,1.0,0.7839106318606726,0.0031224545207710896
heart,0.8111799969402883,0.7864512625576975,0.7242476779593595,4.00500475621538,0.3,15.0,1.0,378.0,0.5097296636635444,0.9863889039024802,1.0,0.7839106318606726,-0.002540630697024926
heart,0.8144401329529931,0.7767541988285946,1.0,3.5018793881609938,0.01,6.0,1.0,500.0,1.0,1.749882654157923,1.0,0.7839106318606726,0.0071564330320779135
heart,0.805712007831158,0.7807299949575269,0.7415444269877925,3.2063303581426643,0.11600597555336778,4.0,5.0,286.0,0.575611883854984,0.9667294082497246,0.9661454784650434,0.7839106318606726,0.0031806369031456283
heart,0.8107000266613497,0.7834063845467594,0.9812696112227632,3.640321468498158,0.14745272640805002,4.0,7.0,500.0,0.42128811212811873,0.32697520657929147,0.9050239110788881,0.7839106318606726,0.0005042473139131864
heart,0.8066775892694503,0.7714208137775882,0.7797611448781544,2.0580949923604663,0.18021464564470907,6.0,2.0,62.0,0.6314481748899026,0.8181014065788554,0.9378391448213017,0.7839106318606726,0.012489818083084359
heart,0.8091145468454919,0.7785966409371242,1.0,2.9561182259991776,0.01,11.0,10.0,500.0,1.0,0.7800488987318659,1.0,0.7839106318606726,0.00531399092354834
heart,0.8089792826309594,0.7811954540165237,1.0,3.9122553712211836,0.08707123200384449,15.0,1.0,500.0,1.0,0.6513907863699143,0.752723129100175,0.7839106318606726,0.002715177844148875
heart,0.8133888409239773,0.7866258097048213,0.7242197152462619,2.162366540161203,0.019312651287322916,12.0,10.0,483.0,0.026707573014575055,1.0269718599150917,0.599168091311491,0.7839106318606726,-0.002715177844148764
heart,0.8105656202125445,0.7770451107404678,0.9540181838436985,1.229934257534824,0.023662592461612175,10.0,9.0,473.0,0.061523029127242404,0.160429419251408,0.5606320354759731,0.7839106318606726,0.006865521120204776
heart,0.8115895910719392,0.7844924556844187,0.9371192286466037,2.8151709895765387,0.020949709560927107,12.0,4.0,491.0,0.4545941362919892,1.032953877598206,0.528701330904613,0.7839106318606726,-0.0005818238237461637
heart,0.8105636870563175,0.7835615375664249,0.9209531037039329,3.5561476001082855,0.020458650309477508,13.0,9.0,498.0,0.0018111692392580596,1.8287405951811337,0.9422841473167876,0.7839106318606726,0.000349094294247676
heart,0.8101963757974213,0.7825530429385982,0.5603699972750606,3.8698199454887,0.05596199325868527,8.0,4.0,493.0,0.0162536217754663,0.22221559371389993,0.5415427640193282,0.7839106318606726,0.001357588922074382
heart,0.8113387299029311,0.7728947674644118,0.6743957810723872,0.10566926638238107,0.01613509750166538,11.0,9.0,459.0,0.908799176310852,0.4490750685790682,0.9423658894905225,0.7839106318606726,0.011015864396260788
heart,0.8111761503066702,0.7899615996276328,1.0,3.012528379694177,0.01,13.0,10.0,500.0,0.20188621190066053,1.9550453860632808,0.5,0.7839106318606726,-0.006050967766960236
heart,0.8089832473375924,0.7899228113727164,0.5034173813098668,2.871724060008352,0.012196691157005324,3.0,9.0,480.0,0.715722512067088,1.4812614466824527,0.5158963652657328,0.7839106318606726,-0.006012179512043803
heart,0.8025115357335709,0.7854427679298708,0.5653754718262586,4.942440285875287,0.015609693518942544,9.0,9.0,123.0,0.005479858823726814,1.1229350548831458,0.5601286091797788,0.7839106318606726,-0.00153213606919822
heart,0.8006651087665464,0.7884488576858928,0.538000604409241,4.970053289823403,0.20048053507733257,12.0,2.0,471.0,0.9285743870079636,0.269710270368621,0.5020985287485493,0.7839106318606726,-0.004538225825220232
heart,0.791253593239667,0.7481866490826578,0.5005731138331464,0.6442922803895169,0.16289254635669018,10.0,10.0,432.0,0.03330387867699559,1.4474257462822049,0.50059557127564,0.7839106318606726,0.03572398277801481
heart,0.8056729603905317,0.7832318373996353,0.6387863687481835,2.6235249690741997,0.2998945071498998,6.0,2.0,57.0,0.9809716854184382,1.2669342121690792,0.9427616716379787,0.7839106318606726,0.0006787944610372465
heart,0.8113573275603809,0.7856173150769946,0.6753403839914552,0.11803253147237072,0.010941401103061585,4.0,10.0,438.0,0.5681169839000988,1.3090474225184976,0.5364261082796903,0.7839106318606726,-0.001706683216322058
heart,0.8108848132450698,0.778189364260502,1.0,1.4099508487086627,0.01,15.0,10.0,500.0,0.020499594527430706,0.5851536911391865,1.0,0.7839106318606726,0.005721267600170554
heart,0.8110562251658878,0.7857724680966602,1.0,1.3683711370517533,0.01,15.0,10.0,500.0,0.6813356422691161,0.03394450346786419,0.5,0.7839106318606726,-0.0018618362359876794
heart,0.8096192117482557,0.7810790892517746,1.0,3.7954089386805663,0.11109102266828312,15.0,10.0,500.0,0.3656057068169754,2.0,1.0,0.7839106318606726,0.0028315426088979523
heart,0.779792162322521,0.7600946433419961,0.7748862124181012,1.2647920543226412,0.29101241180448895,11.0,1.0,69.0,0.29088235930047207,0.5736761855704663,0.5165727987450645,0.7839106318606726,0.0238159885186765
heart,0.8015615144665373,0.7814475776734804,0.952539075067732,3.9849740393168434,0.011492256538112764,14.0,1.0,79.0,0.6020408906016058,0.8662193717442952,0.5062043513176019,0.7839106318606726,0.0024630541871921707
heart,0.8109584792306788,0.7883712811760598,1.0,2.085607881150599,0.01,3.0,10.0,500.0,1.0,2.0,0.7439605998293086,0.7839106318606726,-0.004460649315387255
heart,0.8122111505747653,0.7843373026647531,1.0,2.0814187846290766,0.01,15.0,10.0,500.0,1.0,0.21094042782864525,0.7343099101373662,0.7839106318606726,-0.00042667080408054225
heart,0.8104926927620685,0.7716535433070866,0.9416940888056758,0.8531683078115838,0.27054503813600717,6.0,10.0,494.0,0.686484957008581,0.2690377831473563,0.9909191763552527,0.7839106318606726,0.012257088553585982
heart,0.8041197735442918,0.786296109538032,0.5686699723279476,4.965673836451824,0.11488571326029204,4.0,3.0,481.0,0.01518884176619895,1.354502809783206,0.9775915484122696,0.7839106318606726,-0.0023854776773594155
heart,0.78974227485305,0.7547806524184477,0.7701847708061615,0.2067438855573134,0.288838273382523,9.0,1.0,454.0,0.06852575707369836,1.6378834136501843,0.9644380495562654,0.7839106318606726,0.02912997944222484
heart,0.8081176181792807,0.7799348357317405,0.5394466896359017,2.1004120390080927,0.2938903567485184,10.0,9.0,55.0,0.5669554806071837,0.17631759210083223,0.9747213058139814,0.7839106318606726,0.003975796128932063
heart,0.811664896188816,0.7814281835460223,1.0,3.2548824212429626,0.06754475236752401,15.0,10.0,500.0,1.0,2.0,0.7411392019657654,0.7839106318606726,0.0024824483146502763
heart,0.8039503144585363,0.7903882704317132,0.5680636715149255,4.92126988780247,0.011466012136737666,3.0,1.0,434.0,0.07925180968798419,0.6320712966783378,0.9492996626632859,0.7839106318606726,-0.006477638571040667
diabetes,0.8159154471544715,0.8321194029850746,0.705051979426657,3.6386287158866253,0.2805317196658718,7.0,7.0,236.0,0.350931334899144,1.479008468380841,0.6522316555182531,0.8339104477611939,0.0017910447761193549
diabetes,0.8259365853658537,0.8323582089552238,0.9186941777766422,4.416576386904311,0.09798893186641074,14.0,9.0,78.0,0.13830853827857517,0.7071747952568362,0.8178645509395852,0.8339104477611939,0.0015522388059701075
diabetes,0.8268747967479675,0.8298507462686566,0.7224162561505759,4.593612608346885,0.04040915598028404,8.0,3.0,254.0,0.15544805405054332,1.503105062680993,0.7786702115169006,0.8339104477611939,0.004059701492537315
diabetes,0.8134894308943089,0.8228059701492537,0.9061979941786817,0.8593578069828035,0.18343365247851712,13.0,6.0,93.0,0.7558005328358816,1.7452607066198842,0.9559644307534418,0.8339104477611939,0.011104477611940222
diabetes,0.8085089430894309,0.8132537313432836,0.8997767208035865,2.190145932204617,0.16271986876703082,12.0,9.0,373.0,0.42417807246068207,1.3005682034955253,0.6765419227639857,0.8339104477611939,0.020656716417910337
diabetes,0.8274154471544716,0.8333731343283581,0.8670140089927842,4.6968486880138585,0.05744608180517957,5.0,8.0,218.0,0.4590245141508057,1.0695303202422712,0.8926419685712479,0.8339104477611939,0.0005373134328358065
diabetes,0.8270528455284554,0.8315223880597015,0.8085396792511581,3.876821894139413,0.11411665025720713,13.0,6.0,318.0,0.6487775097037258,0.8441651719013947,0.866941242634403,0.8339104477611939,0.002388059701492473
diabetes,0.8247463414634145,0.8317611940298507,0.7717015338451563,4.600046132186582,0.15397534404304786,13.0,4.0,73.0,0.5707778026788982,0.05160217010704217,0.6928647954923324,0.8339104477611939,0.002149253731343226
diabetes,0.8175373983739839,0.8368955223880598,0.9777389931549642,3.50310722310683,0.26277905925433237,8.0,4.0,145.0,6.105075267348604e-05,0.7413709753254089,0.7971894567956928,0.8339104477611939,-0.0029850746268658135
diabetes,0.827209756097561,0.8351641791044777,0.5018151536273716,4.089150098318758,0.22497199586672792,6.0,6.0,174.0,0.31283930623462813,0.30518917367688864,0.9469190305262598,0.8339104477611939,-0.0012537313432837704
diabetes,0.8145040650406503,0.8199402985074626,0.7648572245797827,0.0,0.03212289748202836,9.0,9.0,315.0,0.8129555458685427,0.9050110393181304,0.5,0.8339104477611939,0.013970149253731301
diabetes,0.8193813008130082,0.820179104477612,0.9673299937382882,5.0,0.3,12.0,4.0,500.0,0.0,1.2867455496359201,1.0,0.8339104477611939,0.013731343283581943
diabetes,0.8223105691056911,0.8373731343283582,0.7452601612035628,3.370471653922883,0.031577590943677764,11.0,10.0,391.0,0.2587762938287021,1.2372012535782497,0.9976554074586892,0.8339104477611939,-0.003462686567164308
diabetes,0.8255040650406503,0.8336716417910448,0.8269309988613791,4.9962401029703365,0.023956379312204314,15.0,1.0,355.0,0.1650512313518873,0.4375674577209133,0.518277105880968,0.8339104477611939,0.0002388059701491363
diabetes,0.8226154471544715,0.8293731343283582,0.6228917073286981,4.024171260072033,0.014588276665903593,13.0,6.0,209.0,0.872396528887014,0.33533600190301255,0.9963035108440292,0.8339104477611939,0.004537313432835699
diabetes,0.7795756097560975,0.7791044776119403,0.6484433290479743,0.09297948255102385,0.2983987215577618,3.0,4.0,118.0,0.1668886817830091,0.4822321396014081,0.6298553866172103,0.8339104477611939,0.05480597014925359
diabetes,0.8171983739837397,0.8279402985074626,0.5,0.0,0.01,3.0,1.0,500.0,1.0,2.0,1.0,0.8339104477611939,0.005970149253731294
diabetes,0.8239902439024391,0.8286567164179105,0.5644880831382676,3.1291105491633333,0.01652012921419932,8.0,8.0,377.0,0.854682736755486,0.1854649976433925,0.5117896756821974,0.8339104477611939,0.005253731343283441
diabetes,0.8195097560975609,0.8319402985074626,0.5,5.0,0.14705101466945097,3.0,1.0,500.0,1.0,2.0,1.0,0.8339104477611939,0.0019701492537312904
diabetes,0.8214325203252033,0.8097910447761194,0.6092154022027152,5.0,0.01,13.0,4.0,180.0,1.0,1.4393372690586792,0.5,0.8339104477611939,0.024119402985074534
diabetes,0.8239772357723577,0.8315820895522388,0.5,2.789392664246945,0.3,3.0,1.0,50.0,1.0,0.0,1.0,0.8339104477611939,0.0023283582089551613
diabetes,0.8256162601626016,0.8293731343283581,0.6909550088687099,2.0953780747808737,0.01,9.0,1.0,390.0,1.0,1.5855292292538328,0.7241035261208604,0.8339104477611939,0.00453731343283581
diabetes,0.7883560975609756,0.804179104477612,0.8656578812512011,1.4682347400874662,0.2764357818184301,10.0,7.0,346.0,0.9913453811467187,0.4359785396247426,0.5132134010380577,0.8339104477611939,0.029731343283581957
diabetes,0.8176178861788618,0.8213731343283581,0.5,5.0,0.24736331238289316,3.0,10.0,500.0,0.947121476096722,1.3410738798980393,0.5,0.8339104477611939,0.012537313432835817
diabetes,0.8252569105691057,0.832,1.0,3.6954899339857428,0.01,13.0,5.0,500.0,1.0,0.0,0.7311662415861983,0.8339104477611939,0.0019104477611939785
diabetes,0.8246252032520326,0.8315820895522388,0.5,5.0,0.3,15.0,2.0,500.0,1.0,0.0,0.8063806376749146,0.8339104477611939,0.0023283582089551613
diabetes,0.8217723577235772,0.8304477611940299,0.9844221477059361,0.7714440210964852,0.01048708788402391,3.0,3.0,283.0,0.7613443544824813,0.5341169257213613,0.8195589572651886,0.8339104477611939,0.003462686567164086
diabetes,0.8293089430894309,0.8391641791044776,0.5435235063749757,4.987954214728346,0.2543693141272696,13.0,6.0,488.0,0.22454274266569213,1.9462745791512055,0.7593530911865072,0.8339104477611939,-0.005253731343283663
diabetes,0.8222878048780489,0.8206567164179104,0.6793758319815218,1.566183625407033,0.020811261315231318,6.0,1.0,153.0,0.06222390447671679,1.2345496742964406,0.5020378243581696,0.8339104477611939,0.013253731343283559
diabetes,0.8209658536585366,0.8223283582089552,0.5,3.2818847446344535,0.01,12.0,9.0,50.0,0.0,0.0,0.8177378350568274,0.8339104477611939,0.011582089552238717
diabetes,0.8226284552845529,0.8247761194029851,0.5,5.0,0.3,4.0,10.0,50.0,1.0,2.0,1.0,0.8339104477611939,0.00913432835820882
diabetes,0.8260130081300814,0.8255522388059702,0.5,5.0,0.1653848856992518,3.0,5.0,50.0,0.0,2.0,0.7212779482983237,0.8339104477611939,0.008358208955223767
diabetes,0.8198650406504064,0.8321791044776119,0.5,5.0,0.1672837141785052,5.0,10.0,500.0,0.07459015976182133,0.0,0.8243000035460714,0.8339104477611939,0.001731343283582043
diabetes,0.8077861788617886,0.7989253731343284,1.0,5.0,0.01,15.0,1.0,50.0,0.0,2.0,1.0,0.8339104477611939,0.03498507462686551
diabetes,0.8196065040650407,0.826865671641791,0.7886536628291858,0.4349042534301101,0.01062498901390054,10.0,9.0,469.0,0.06615374445143812,1.9986236421593115,0.6220758011873857,0.8339104477611939,0.007044776119402907
diabetes,0.8297048780487806,0.831820895522388,0.7234131447399079,4.896447368169991,0.1402783635049055,7.0,1.0,174.0,0.5408614127923331,0.21555522527165005,0.9275851612715755,0.8339104477611939,0.002089552238805914
diabetes,0.8228739837398376,0.8422686567164178,0.5544190166660399,5.0,0.3,6.0,1.0,151.0,0.3350022393249654,2.0,0.5,0.8339104477611939,-0.008358208955223878
diabetes,0.8154471544715447,0.8385671641791045,0.7576544172362181,2.7489151457316234,0.14387336509822896,4.0,1.0,378.0,0.21855035608806392,0.0,1.0,0.8339104477611939,-0.004656716417910545
diabetes,0.8215121951219512,0.8235820895522389,0.5,5.0,0.2046991872949614,15.0,8.0,265.0,1.0,2.0,0.7647886119154315,0.8339104477611939,0.010328358208955057
diabetes,0.8274341463414634,0.8265074626865672,0.5718579045127086,5.0,0.3,7.0,2.0,500.0,0.0,1.9471666141672461,0.5,0.8339104477611939,0.007402985074626778
diabetes,0.8197528455284552,0.8253134328358209,0.8874677443597656,3.9067614608263694,0.01,3.0,10.0,500.0,0.21800687063915572,2.0,0.5,0.8339104477611939,0.008597014925373014
diabetes,0.8222373983739836,0.8211940298507463,0.8440495571736342,5.0,0.26053812231185175,3.0,2.0,50.0,1.0,0.0,1.0,0.8339104477611939,0.012716417910447642
diabetes,0.8262861788617885,0.8253134328358209,0.5,2.5477561046649617,0.01,6.0,5.0,375.0,0.0,2.0,0.5,0.8339104477611939,0.008597014925373014
diabetes,0.822009756097561,0.8243582089552239,0.6008679567202199,5.0,0.3,15.0,1.0,50.0,0.0,0.0,1.0,0.8339104477611939,0.009552238805970004
diabetes,0.8252609756097561,0.822089552238806,0.7197249231187013,5.0,0.1627532574528878,5.0,1.0,500.0,0.4132440107107024,1.7991635614379657,0.5,0.8339104477611939,0.011820895522387964
diabetes,0.8204699186991868,0.8325373134328359,0.6382907875987884,4.633422869860088,0.11132087843241853,9.0,4.0,51.0,0.6933236072290738,0.1980480725896191,0.9961879351682896,0.8339104477611939,0.001373134328358061
diabetes,0.8106024390243902,0.8309850746268657,0.8566749356633645,0.0,0.01,5.0,10.0,111.0,0.8977110207643375,0.949909556237496,1.0,0.8339104477611939,0.0029253731343282796
diabetes,0.8254219512195122,0.8355820895522389,0.8297370108104243,5.0,0.16619206284547997,3.0,1.0,115.0,1.0,1.4869426541634985,0.7764062137687142,0.8339104477611939,-0.0016716417910449533
diabetes,0.8198008130081302,0.8319402985074626,0.7915422941047185,2.887138756032923,0.2950749276651516,11.0,10.0,63.0,0.2638884321416614,1.5982694747873276,0.9635726613381093,0.8339104477611939,0.0019701492537312904
diabetes,0.8191747967479674,0.8335522388059701,0.9485834323199388,5.0,0.3,14.0,1.0,386.0,0.0,0.624210022334066,0.7037100837502178,0.8339104477611939,0.00035820895522387097
diabetes,0.826941463414634,0.8263880597014925,0.5,3.5085567515124243,0.01,11.0,1.0,500.0,0.4013060689140006,2.0,0.6086690032806533,0.8339104477611939,0.0075223880597014015
diabetes,0.8273943089430894,0.8315223880597016,0.5,4.348437905402046,0.1007978667750669,3.0,1.0,500.0,1.0,0.9802950739732458,0.7294804787862713,0.8339104477611939,0.002388059701492362
diabetes,0.8171869918699187,0.8191044776119403,0.5,0.0,0.01,9.0,1.0,342.0,0.6229022211750301,0.7855673388730532,0.6297491312460443,0.8339104477611939,0.014805970149253667
diabetes,0.7966357723577235,0.8042985074626866,0.5106901096938063,0.36422721202055536,0.29001023963710176,3.0,2.0,216.0,0.6743430207582403,1.2200177674815862,0.9919585737086711,0.8339104477611939,0.029611940298507333
diabetes,0.8235447154471544,0.8257313432835821,0.5813433880897202,3.477380650786971,0.11014327526514377,7.0,3.0,59.0,0.4497492612346643,0.30261132763526427,0.5127708644491678,0.8339104477611939,0.008179104477611832
diabetes,0.8188455284552845,0.8311641791044776,0.5804642821415562,2.49565675720104,0.12916921721946056,6.0,3.0,76.0,0.6515469723407048,1.0392585116630022,0.9974452024164128,0.8339104477611939,0.002746268656716344
diabetes,0.8151861788617886,0.8334328358208954,0.9345361356885291,1.7052804445318224,0.010375382519894156,15.0,4.0,148.0,0.5289523610686153,1.8526637816270564,0.9736277006392273,0.8339104477611939,0.00047761194029849463
diabetes,0.8278487804878049,0.8321194029850747,0.5,4.225900742193432,0.08620275529927708,3.0,1.0,267.0,0.0,1.624470087966599,0.7147829713456626,0.8339104477611939,0.0017910447761192438
diabetes,0.8270747967479675,0.8296119402985075,0.9905579647973957,3.397675613217511,0.03535852225662659,10.0,1.0,446.0,0.3532692381702977,1.4270545570306743,0.5804740059296286,0.8339104477611939,0.004298507462686452
diabetes,0.8239560975609755,0.8300298507462687,0.5,5.0,0.1477574594335438,5.0,10.0,219.0,0.5427544401409968,0.0,1.0,0.8339104477611939,0.003880597014925269
diabetes,0.8255162601626015,0.8293731343283582,0.8881953489779288,4.6858020443319734,0.020286584007448427,6.0,3.0,480.0,0.2361249954072449,1.5150474174212023,0.9462970469478571,0.8339104477611939,0.004537313432835699
diabetes,0.8208682926829269,0.8235223880597015,0.9955069574602764,3.1137889452528142,0.02333174609622745,15.0,9.0,70.0,0.6113379779523899,0.007439802615152759,0.5000681679504057,0.8339104477611939,0.01038805970149248
diabetes,0.825679674796748,0.8271044776119403,0.5,3.7280946277952127,0.01,12.0,1.0,339.0,0.0,1.2193643091142303,0.7284449913830835,0.8339104477611939,0.0068059701492536595
diabetes,0.8265642276422763,0.8245970149253731,1.0,5.0,0.09088795909023366,15.0,1.0,500.0,0.2957565819811245,0.6058981675430841,0.5,0.8339104477611939,0.009313432835820867
diabetes,0.8233040650406505,0.8326567164179104,0.5145904354759796,3.752308969724916,0.29945597416367237,5.0,3.0,491.0,0.5671346239685814,1.313373094090989,0.9992460786300614,0.8339104477611939,0.0012537313432835484
diabetes,0.826390243902439,0.8229253731343285,0.5,5.0,0.09482770918246534,4.0,1.0,50.0,0.4000118592392559,1.3273740317811555,0.5,0.8339104477611939,0.010985074626865488
diabetes,0.8263341463414633,0.8303283582089552,0.5,5.0,0.059343773166296444,12.0,1.0,500.0,1.0,1.5130814481753752,0.7353156301463017,0.8339104477611939,0.0035820895522387097
diabetes,0.8195056910569105,0.8386865671641792,1.0,5.0,0.09882337118370085,12.0,1.0,308.0,0.6580444103135101,0.0,0.6966144952144475,0.8339104477611939,-0.004776119402985279
diabetes,0.827369918699187,0.8325970149253732,0.5,3.850899601674757,0.05503522582123945,15.0,1.0,500.0,0.0,2.0,0.7538876686064283,0.8339104477611939,0.0013134328358207492
diabetes,0.7866390243902439,0.790089552238806,0.5879044477776734,0.02318563431586596,0.12244746932458779,3.0,10.0,480.0,0.262024016292882,1.761591947579058,0.939780835533404,0.8339104477611939,0.04382089552238799
diabetes,0.8063333333333335,0.8245970149253732,0.5,2.972754984877572,0.235254949383498,15.0,1.0,50.0,0.0,0.23253679412023723,1.0,0.8339104477611939,0.009313432835820756
diabetes,0.8251756097560975,0.8204179104477612,0.5421526267941432,5.0,0.3,12.0,1.0,50.0,0.4384784819204406,2.0,0.8703986116028928,0.8339104477611939,0.013492537313432695
diabetes,0.8263479674796746,0.8260298507462687,0.5,3.6657055526719917,0.01,3.0,1.0,500.0,0.6021755820867957,2.0,0.8090168388816877,0.8339104477611939,0.007880597014925272
diabetes,0.8274000000000001,0.8327164179104477,1.0,4.285933275175353,0.13969099576883381,14.0,1.0,180.0,0.35479716480212314,2.0,0.8613896948277724,0.8339104477611939,0.0011940298507462366
diabetes,0.8260406504065042,0.8323582089552238,0.9731745677639208,3.221775081140552,0.021589920453319377,10.0,8.0,486.0,0.9930334998541818,0.9865243789560401,0.9258772340729131,0.8339104477611939,0.0015522388059701075
diabetes,0.8321853658536587,0.8247164179104478,0.5286237360117282,4.868695906427432,0.07277476062842857,12.0,6.0,499.0,0.0023247895889378927,1.4641021308011624,0.5440526878344487,0.8339104477611939,0.009194029850746133
diabetes,0.8140699186991871,0.8115820895522388,0.956591160305293,4.1013754635462725,0.11538390146870875,11.0,8.0,482.0,0.00781206220774089,0.10542088560959376,0.5056424322132785,0.8339104477611939,0.02232835820895518
diabetes,0.8162528455284553,0.833910447761194,0.9853711276633514,3.4490137336235858,0.2898530611070452,7.0,4.0,183.0,0.8515709972022584,0.035987059046938004,0.9913279774687977,0.8339104477611939,-1.1102230246251565e-16
diabetes,0.81950081300813,0.8057313432835821,1.0,0.0,0.01,3.0,1.0,50.0,1.0,2.0,0.5,0.8339104477611939,0.02817910447761185
diabetes,0.8280682926829268,0.8292537313432836,0.5061648161353637,4.956405183958788,0.02645777833360191,6.0,10.0,213.0,0.08618406740055608,0.6515511512903672,0.6483160759507268,0.8339104477611939,0.004656716417910323
diabetes,0.8221105691056911,0.8011940298507463,0.5,5.0,0.01,3.0,1.0,50.0,0.0,2.0,0.5,0.8339104477611939,0.03271641791044766
diabetes,0.8193430894308944,0.8202985074626866,0.5785980844263703,2.8321409053258857,0.026895475185307244,14.0,1.0,64.0,0.8500941176002803,0.11836668525941565,0.7309962488357347,0.8339104477611939,0.013611940298507319
diabetes,0.8298853658536585,0.8303283582089552,0.5,5.0,0.163245484010306,15.0,1.0,500.0,0.0,2.0,0.5,0.8339104477611939,0.0035820895522387097
diabetes,0.8163650406504065,0.8260298507462687,1.0,5.0,0.25129116319419137,9.0,10.0,50.0,0.0,2.0,1.0,0.8339104477611939,0.007880597014925272
diabetes,0.8129252032520325,0.8349850746268657,0.9596175075024511,1.7363934219279629,0.020304264226871267,12.0,2.0,265.0,0.9688757695848128,0.051692555579638824,0.9964637426324541,0.8339104477611939,-0.001074626865671724
diabetes,0.8270211382113821,0.8274626865671643,0.5306697374324623,4.506303189583283,0.02026565143884862,3.0,1.0,131.0,0.5210446951810089,0.011718266571963067,0.7073789815562549,0.8339104477611939,0.0064477611940296775
diabetes,0.8270658536585366,0.8250149253731343,0.5499061894745509,2.955082382484217,0.1527104721794384,3.0,3.0,314.0,0.9875751342656677,1.9572243977740427,0.8889394227791092,0.8339104477611939,0.008895522388059685
diabetes,0.8255821138211383,0.8257910447761193,0.5,4.201458147140354,0.01,3.0,10.0,500.0,0.5405362448744481,2.0,0.7609465387773011,0.8339104477611939,0.00811940298507463
diabetes,0.8275544715447154,0.8266865671641791,0.5,4.341714370549146,0.12378111878137435,15.0,1.0,500.0,0.527453567382671,2.0,0.8208905775757365,0.8339104477611939,0.007223880597014842
diabetes,0.8245593495934959,0.8323582089552239,0.5,5.0,0.120104767988999,15.0,1.0,500.0,0.0,1.5230439600023764,0.6749280673555299,0.8339104477611939,0.0015522388059699965
diabetes,0.8161414634146341,0.8231641791044776,0.7813610423510229,0.09193664848485163,0.011573901325729398,5.0,2.0,453.0,0.162010805307114,1.7741138892782038,0.5203340022280578,0.8339104477611939,0.010746268656716351
diabetes,0.8161959349593495,0.8207761194029851,0.9729521478215715,1.8372347974016965,0.2797120463633012,10.0,5.0,335.0,0.9903351785148177,1.9567109090618267,0.997099269507977,0.8339104477611939,0.013134328358208824
diabetes,0.8251447154471545,0.8267462686567164,0.5,2.8292853463994754,0.01,13.0,1.0,419.0,1.0,2.0,0.7966598666492726,0.8339104477611939,0.0071641791044775305
diabetes,0.8254682926829269,0.8245373134328359,0.5,4.342213370656519,0.12519570454162834,3.0,1.0,500.0,0.5290519537356511,2.0,0.8274943910010941,0.8339104477611939,0.009373134328358068
diabetes,0.8264731707317072,0.8277611940298508,0.8599031123392123,4.985707319152077,0.016394706934442446,3.0,8.0,319.0,0.9760742238569327,1.3597236349611594,0.8204961476380711,0.8339104477611939,0.006149253731343118
diabetes,0.8264731707317072,0.8297313432835821,0.5692164689509355,2.022674567044443,0.01126339804594474,8.0,5.0,437.0,0.9816566863839049,1.3856240254292553,0.5809904123555357,0.8339104477611939,0.004179104477611828
diabetes,0.8181951219512195,0.8132537313432835,0.9091658076478776,4.940650178339138,0.2996297033143681,9.0,7.0,450.0,0.9594087062841619,0.16607711674770378,0.5205964929175908,0.8339104477611939,0.020656716417910448
diabetes,0.8240048780487804,0.8277611940298507,0.5202998688394029,4.993513176521731,0.01638310302742519,9.0,3.0,386.0,0.8788752901790482,1.5870240568148781,0.9862726673413069,0.8339104477611939,0.006149253731343229
diabetes,0.826280487804878,0.8262686567164179,0.5,3.969766441251159,0.12222494486068711,13.0,1.0,50.0,0.7988564712230661,2.0,0.5,0.8339104477611939,0.007641791044776025
diabetes,0.8230487804878048,0.8263283582089552,0.5,5.0,0.01,3.0,1.0,500.0,1.0,0.0,1.0,0.8339104477611939,0.007582089552238713
cancer,0.8619503389134119,0.8607401987683678,0.705051979426657,3.6386287158866253,0.2805317196658718,7.0,7.0,236.0,0.350931334899144,1.479008468380841,0.6522316555182531,0.8659304310712761,0.005190232302908271
cancer,0.8656992070869546,0.8617119382964455,0.9186941777766422,4.416576386904311,0.09798893186641074,14.0,9.0,78.0,0.13830853827857517,0.7071747952568362,0.8178645509395852,0.8659304310712761,0.004218492774830551
cancer,0.8682989196567664,0.8665325285043595,0.7224162561505759,4.593612608346885,0.04040915598028404,8.0,3.0,254.0,0.15544805405054332,1.503105062680993,0.7786702115169006,0.8659304310712761,-0.0006020974330833706
cancer,0.862978031815001,0.8550926772757759,0.9061979941786817,0.8593578069828035,0.18343365247851712,13.0,6.0,93.0,0.7558005328358816,1.7452607066198842,0.9559644307534418,0.8659304310712761,0.010837753795500227
cancer,0.8603129392717108,0.8445902688860436,0.8997767208035865,2.190145932204617,0.16271986876703082,12.0,9.0,373.0,0.42417807246068207,1.3005682034955253,0.6765419227639857,0.8659304310712761,0.021340162185232492
cancer,0.8686688520876533,0.86213874154015,0.8670140089927842,4.6968486880138585,0.05744608180517957,5.0,8.0,218.0,0.4590245141508057,1.0695303202422712,0.8926419685712479,0.8659304310712761,0.0037916895311260745
cancer,0.8699494597016925,0.8649015303944881,0.8085396792511581,3.876821894139413,0.11411665025720713,13.0,6.0,318.0,0.6487775097037258,0.8441651719013947,0.866941242634403,0.8659304310712761,0.0010289006767879583
cancer,0.8650929234515677,0.870297542832754,0.7717015338451563,4.600046132186582,0.15397534404304786,13.0,4.0,73.0,0.5707778026788982,0.05160217010704217,0.6928647954923324,0.8659304310712761,-0.00436711176147786
cancer,0.8651969132963163,0.8619634473507714,0.9777389931549642,3.50310722310683,0.26277905925433237,8.0,4.0,145.0,6.105075267348604e-05,0.7413709753254089,0.7971894567956928,0.8659304310712761,0.0039669837205047465
cancer,0.86639158569043,0.8581679470763978,0.5018151536273716,4.089150098318758,0.22497199586672792,6.0,6.0,174.0,0.31283930623462813,0.30518917367688864,0.9469190305262598,0.8659304310712761,0.007762483994878333
cancer,0.8679961162987926,0.8643718370831048,0.8588343442794223,4.9285631351079395,0.06627105400299035,11.0,2.0,500.0,0.48966012170023077,1.734057064536661,0.9610205032855303,0.8659304310712761,0.001558593988171264
cancer,0.8372951925802345,0.8208950673739405,0.6668945104814373,0.02164715590968292,0.2506754846389506,8.0,7.0,487.0,0.4087517004679618,0.7059428409917411,0.9789832106011179,0.8659304310712761,0.04503536369733563
cancer,0.8560703789152095,0.8465299371989512,0.8129331858230262,0.0,0.01,13.0,8.0,50.0,0.11159412912498691,0.7089057953298095,0.9980560241030016,0.8659304310712761,0.019400493872324898
cancer,0.8685673328000675,0.8644823486372784,0.6856351409538296,2.0386999344265986,0.01116047640592193,4.0,8.0,490.0,0.5051559801066553,1.689297391469744,0.8423483848929606,0.8659304310712761,0.0014480824339977438
cancer,0.8497195212691349,0.8420942320590208,0.8730597972030751,3.199102637109648,0.01,3.0,6.0,76.0,0.5753610899516703,0.5883605583493775,1.0,0.8659304310712761,0.02383619901225531
cancer,0.8592871854608701,0.8537665386256936,0.5090035623307613,1.3956530751298069,0.01,7.0,8.0,62.0,0.9053606077621773,0.04804818936169641,0.6862802522902794,0.8659304310712761,0.01216389244558247
cancer,0.8671363575368882,0.8604848789707945,0.985589379066603,1.4070567507323606,0.3,4.0,6.0,110.0,0.6578496102864105,0.10894553545825947,0.9510833571331136,0.8659304310712761,0.005445552100481588
cancer,0.866805960944812,0.8618491250533505,0.9359510841241552,2.8958792397196027,0.3,5.0,1.0,296.0,0.12067729553370668,1.6845378837700955,0.8514752363028011,0.8659304310712761,0.004081306017925557
cancer,0.8627988057674048,0.8618910432290714,0.53743955172695,5.0,0.3,7.0,2.0,93.0,0.817600256299391,1.4759820914540074,0.5600958455446339,0.8659304310712761,0.0040393878422047
cancer,0.8676468270741216,0.8607478202548625,0.6436387718009717,4.01484546219226,0.01,5.0,1.0,382.0,0.7017443871997676,0.2973259283244473,0.9133486651935556,0.8659304310712761,0.00518261081641358
cancer,0.8646676585187099,0.8644251874885678,0.6292598228225627,3.6251534102889464,0.1532455383638963,14.0,1.0,500.0,0.23071539217101114,0.031781333149227306,1.0,0.8659304310712761,0.0015052435827083155
cancer,0.8646225758537887,0.8546125236266082,0.5796369173447224,1.8370598260695212,0.3,15.0,2.0,458.0,0.513386723485745,1.1757354188276483,0.9870410380163313,0.8659304310712761,0.011317907444667874
cancer,0.8648920435315246,0.8603819889031157,0.6752550244725701,0.6776722125440414,0.01046591025316729,10.0,3.0,203.0,0.174277921630794,1.2515799831168086,0.544452861431369,0.8659304310712761,0.005548442168160417
cancer,0.8682197640398837,0.8627141637705017,0.9561583489058634,2.4428732452958752,0.01,13.0,7.0,473.0,0.782440758940076,0.7945995134974605,0.9654137390840303,0.8659304310712761,0.0032162673007744003
cancer,0.86308941787462,0.8645699957319676,0.9474657311493084,5.0,0.3,3.0,6.0,500.0,0.8685510984475732,0.7413543113006736,1.0,0.8659304310712761,0.001360435339308519
cancer,0.8592052548897374,0.8570437778184257,0.5112580762305645,3.1926697536740405,0.3,5.0,4.0,351.0,0.3316671747973263,1.8842425627444384,0.5,0.8659304310712761,0.00888665325285043
cancer,0.8676001286119238,0.8637811718797634,0.5024420259770497,3.308865574264865,0.01,14.0,9.0,500.0,0.5696982838395387,0.42613528068384615,0.5,0.8659304310712761,0.0021492591915126535
cancer,0.8642046704151662,0.8484467410523748,0.7739442043194085,0.0,0.01,10.0,2.0,500.0,0.7974061637431705,0.11982820653912123,0.5408190562618614,0.8659304310712761,0.017483690018901266
cancer,0.8623215554943819,0.8656560575574661,0.8625103603498967,4.956723172591628,0.11439565925903877,5.0,7.0,399.0,0.029168209729741334,0.3199528409107441,0.520454704132978,0.8659304310712761,0.000274373513809989
cancer,0.8642907524729587,0.8555804524114383,0.8834429969858844,2.620607551598197,0.3,13.0,7.0,50.0,0.39957892907064646,1.8418316362223823,1.0,0.8659304310712761,0.010349978659837777
cancer,0.8620736151771249,0.8493384549722578,0.5502739578391463,0.3401519463919711,0.3,12.0,6.0,50.0,0.884870121096752,1.821100873023703,0.5,0.8659304310712761,0.016591976099018302
cancer,0.8656381221769248,0.8598942137674532,0.857353682150131,5.0,0.12663099288406066,14.0,4.0,278.0,0.3664980392943999,0.877958952872281,1.0,0.8659304310712761,0.006036217303822866
cancer,0.8653038390943024,0.8597951344430218,0.5381427440580562,5.0,0.01,13.0,3.0,500.0,0.8236968922220386,1.0589219531560035,1.0,0.8659304310712761,0.006135296628254294
cancer,0.8615593417037655,0.8655112493140662,0.6413440154987268,2.2200941170108246,0.1871182413381353,13.0,3.0,62.0,0.5142989634477667,1.64268313936845,0.5122979195856115,0.8659304310712761,0.0004191817572098966
cancer,0.8613044456405662,0.8564493018718371,0.8605137832336557,1.1097584240038847,0.015559007916982294,11.0,2.0,349.0,0.18542146276407903,1.3509849765513646,0.9733159983065727,0.8659304310712761,0.009481129199438998
cancer,0.8635016663698994,0.8443463813182124,0.8746587428288526,0.15012252471226564,0.13022556809639202,11.0,8.0,97.0,0.0429497545261236,0.779619500206195,0.5005628117528209,0.8659304310712761,0.021584049753063717
cancer,0.8665390161801803,0.866002835192976,0.9167348759334388,5.0,0.3,10.0,5.0,500.0,0.8390215693819757,1.0186748740758071,0.7603707037279669,0.8659304310712761,-7.24041216999538e-05
cancer,0.8672350296351068,0.8654960063410768,1.0,3.6131841072113597,0.01,6.0,10.0,500.0,0.9457657974578104,0.08521946182849874,0.7585843449936143,0.8659304310712761,0.00043442473019927874
cancer,0.858073237905213,0.8413015974635694,0.5629383540505365,5.0,0.01,5.0,4.0,50.0,0.7081422106705836,0.8738856413135042,0.5,0.8659304310712761,0.024628833607706735
cancer,0.8687425592021689,0.8647414791780988,0.9223382681307233,3.9791240450815497,0.01,8.0,4.0,452.0,0.7902198351948788,1.1440413905513782,0.5,0.8659304310712761,0.001188951893177248
cancer,0.8698315494752711,0.8622797390403023,0.612239051824202,1.3304031700890109,0.01,9.0,7.0,500.0,0.752057655790495,0.21018025614367397,0.5,0.8659304310712761,0.00365069203097379
cancer,0.8402946264141609,0.8144777757453814,0.9507641453105071,0.9357661553145498,0.25357309030249414,13.0,9.0,480.0,0.13843290557570334,1.528049911672833,0.506889522989432,0.8659304310712761,0.051452655325894714
cancer,0.8686660459968067,0.8611441375525881,0.5135004420590914,2.333958431555644,0.08342560096844857,15.0,3.0,289.0,0.08244108508118458,1.4174652523518185,0.9110259438930376,0.8659304310712761,0.0047862935186879785
cancer,0.8679483922944863,0.8640555453935734,0.5,4.94317609816166,0.04268772717993121,3.0,10.0,434.0,0.9183381381531972,0.9234058862377498,0.746263262480888,0.8659304310712761,0.0018748856777026646
cancer,0.8616111411177962,0.8542162063288825,0.9743126005932633,1.0244050609280524,0.09496100086148476,7.0,3.0,220.0,0.16116484396376393,0.6300472843227561,0.9648750623180251,0.8659304310712761,0.011714224742393586
cancer,0.8613103567693251,0.8540104261935247,0.8096424113725449,2.499076941866509,0.06280194173195101,6.0,3.0,359.0,0.23383205460052686,0.13497553855875236,0.5247551308169273,0.8659304310712761,0.011920004877751356
cancer,0.8507281334677248,0.8363438204987501,0.5,0.9042555710170241,0.18556234838592645,14.0,1.0,229.0,0.6897293589110713,1.5443145984378972,0.6608723205273772,0.8659304310712761,0.029586610572525984
cancer,0.8674489306386484,0.8676605085055789,0.5,2.656738586344659,0.03985913150012986,3.0,10.0,500.0,0.4750735947037158,0.5240204505005563,0.7671844077051264,0.8659304310712761,-0.001730077434302757
cancer,0.8652699374606312,0.855378483019328,0.7768724169386017,2.8729135857797132,0.17289094244814548,15.0,8.0,91.0,0.9872037807746762,1.3620804343490518,0.9933534126274967,0.8659304310712761,0.010551948051948146
cancer,0.8665813720922688,0.8608773855252729,0.9449165744232844,3.533587538801944,0.08011598210738671,10.0,1.0,385.0,0.8583388727584728,1.9360944937662143,1.0,0.8659304310712761,0.005053045546003165
cancer,0.8669641827892948,0.8599323211999268,0.9993503678574948,2.3330139261159033,0.19682698021145068,7.0,3.0,309.0,0.41721545117078995,0.03123432847948978,1.0,0.8659304310712761,0.0059981098713493
cancer,0.8670237892247142,0.8599628071459058,0.818366781135806,3.334619090672999,0.2947564575976356,6.0,10.0,484.0,0.48440791781037473,1.0467584910747605,0.9514509973576948,0.8659304310712761,0.005967623925370313
cancer,0.8618393936800995,0.8593797634290593,0.9164339015744486,5.0,0.3,5.0,8.0,50.0,0.13738117224390514,0.6042417257605927,1.0,0.8659304310712761,0.00655066764221679
cancer,0.8475318138645566,0.8299798792756539,0.904854349114588,0.06831350247546943,0.2984084232249931,5.0,5.0,100.0,0.6616159964810315,1.8175231259595794,0.9445577531563132,0.8659304310712761,0.03595055179562223
cancer,0.8604371370357338,0.8595360039022011,0.5287234417657075,1.8517983857151707,0.29515737307486106,8.0,5.0,52.0,0.9513592999124898,0.1302722674766368,0.5252428935640678,0.8659304310712761,0.006394427169075012
cancer,0.8570565737916578,0.8625312480946283,0.749522271071257,4.516173800528016,0.296866507534566,5.0,1.0,490.0,0.6778100063459411,1.7334388891345456,0.5161635474752695,0.8659304310712761,0.0033991829766477633
cancer,0.8664971279424538,0.8670241143832693,0.5965623736847877,4.943354061628528,0.17623842845295598,13.0,9.0,343.0,0.9712140307922021,1.986686646986927,0.8177069728290565,0.8659304310712761,-0.001093683311993221
cancer,0.8621713044846306,0.8614337540393877,0.6769458393976923,1.7193351840633566,0.19203392931764565,15.0,7.0,50.0,0.7997122201687887,0.3983064112997872,1.0,0.8659304310712761,0.004496677031888385
cancer,0.8674836699673854,0.8690781049935979,0.7073241946990323,3.6437055131880216,0.14361582041493745,12.0,3.0,78.0,0.28485080976173277,0.36789508180895597,0.5167242512297369,0.8659304310712761,-0.0031476739223218475
cancer,0.8647745456304797,0.8600923724163161,0.5430604322090955,2.234191333938755,0.09727285774654136,8.0,4.0,500.0,0.12658629590763568,1.1758569081836874,1.0,0.8659304310712761,0.00583805865496001
cancer,0.8601746250592676,0.8465680446314249,0.8364276444322727,3.31670175767286,0.01,10.0,9.0,50.0,0.42258930818425827,1.4556480791372681,0.5,0.8659304310712761,0.01936238643985122
cancer,0.8662416366654613,0.86359825620389,0.6951515293529882,3.702669904032611,0.11593450224063326,11.0,2.0,490.0,0.5421047859418783,0.48493731880412605,0.5895895372285638,0.8659304310712761,0.0023321748673861276
cancer,0.8690055908515608,0.865697975733187,0.9944570370704866,4.380970421484146,0.08438607404629024,15.0,2.0,420.0,0.3139129466200311,1.3478613762890614,0.8339136697440344,0.8659304310712761,0.00023245533808913255
cancer,0.8687127357032327,0.8674699713432108,0.7047458132028926,3.140476293218699,0.1498251660265458,11.0,5.0,270.0,0.5523991617306347,1.86096115979903,0.8221707043668316,0.8659304310712761,-0.0015395402719347029
cancer,0.8598105194158275,0.8494756417291629,0.9510507528778853,0.0,0.01,3.0,9.0,50.0,0.048784275030265334,1.2464319188961859,0.5,0.8659304310712761,0.016454789342113196
cancer,0.8682406420884077,0.8634991768794585,0.7011478138072742,2.007681039754971,0.01,15.0,7.0,500.0,0.26100516504363486,1.0519484197443942,0.6798900275509905,0.8659304310712761,0.0024312541918175556
cancer,0.8648125443846155,0.8583508627522711,0.7819181192766631,2.6092836096326173,0.3,4.0,6.0,393.0,0.9066098904312112,0.6479550508469237,1.0,0.8659304310712761,0.00757956831900497
cancer,0.8700406365912123,0.8611174623498568,0.5394157144605976,3.1446870136560308,0.3,7.0,3.0,50.0,0.9499067170257589,1.6100209612445417,0.5,0.8659304310712761,0.004812968721419342
cancer,0.8668934365104907,0.859452167550759,0.5941903911043283,3.772283219105583,0.3,13.0,8.0,50.0,0.5344514441229916,0.5629586568242523,0.5,0.8659304310712761,0.006478263520517058
cancer,0.8644384231656936,0.8593721419425644,0.841911598694123,2.489681845801802,0.28345951902900185,14.0,8.0,81.0,0.37915178651607173,0.4984522922537923,0.7706517581689485,0.8659304310712761,0.006558289128711703
cancer,0.8468473850104846,0.8389084507042254,0.7301153877468674,5.0,0.01,11.0,9.0,50.0,0.5108921520475976,1.9999843124655963,1.0,0.8659304310712761,0.027021980367050724
cancer,0.8664535754826724,0.8670203036400219,0.9629079066002382,4.949312943644017,0.013269520083616981,10.0,8.0,484.0,0.8466320678195106,0.8952546428752726,0.5375870975802203,0.8659304310712761,-0.00108987256874582
cancer,0.8712899981167584,0.8611365160660935,0.5,4.390366389719612,0.10667933152856539,5.0,1.0,263.0,0.0,1.1086711040708228,0.8794473295877802,0.8659304310712761,0.0047939150051825585
cancer,0.8618450505340978,0.8593302237668434,0.7494819174990848,3.8966144644023872,0.3,8.0,8.0,500.0,0.35652837456604336,0.08478964445755222,0.8209772542595397,0.8659304310712761,0.00660020730443267
cancer,0.8633500791221573,0.8516477653801597,0.700756392201719,0.1014099197136026,0.018288935447505785,12.0,6.0,471.0,0.8847587052426552,1.5225183569025964,0.8452621246143801,0.8659304310712761,0.014282665691116359
cancer,0.8676345133319027,0.86874275958783,0.9536089894495785,3.966270435251409,0.04160755633015836,13.0,10.0,274.0,0.06579990364307776,0.021033352816293597,0.5061475930027732,0.8659304310712761,-0.002812328516553886
cancer,0.8663452221811762,0.8596122187671483,0.5946025875548826,0.9060605242748594,0.022365950465725638,4.0,4.0,483.0,0.903082342889943,0.20115028552515485,0.6907420713529293,0.8659304310712761,0.006318212304127768
cancer,0.8628457732015515,0.8637926041095054,0.9060261728475121,2.692728134098803,0.21300295327158061,12.0,3.0,498.0,0.38858317557023503,1.4966372213223196,0.7698319367424145,0.8659304310712761,0.0021378269617706724
cancer,0.8649316085413504,0.8549326260593866,0.52776011601815,0.8340612535410148,0.09277092428815292,11.0,2.0,54.0,0.30124462742245467,1.1073530350723872,0.5062437880249429,0.8659304310712761,0.010997805011889517
cancer,0.8681091503197479,0.8644975916102677,0.5136993359452915,1.4627350181416008,0.018028964296563733,14.0,9.0,308.0,0.030439581122051036,1.7608861848311785,0.5057331266966784,0.8659304310712761,0.0014328394610083617
cancer,0.867750701262272,0.863262910798122,0.510982442051145,4.103828270894233,0.10323302654059703,6.0,10.0,238.0,1.0,0.9039505131803742,0.7521377348871849,0.8659304310712761,0.0026675202731540892
cancer,0.8656789074107651,0.8669898176940429,0.6794388201314691,4.936670245775377,0.297716267159127,3.0,5.0,55.0,0.37124228384985497,1.2822730700525582,0.7460843962784567,0.8659304310712761,-0.0010593866227668336
cancer,0.8656916563505807,0.8556719102493748,0.5538382853357343,0.10411450755106134,0.0837122787208683,6.0,2.0,66.0,0.7177949548655121,1.0552833786597198,0.7718831949304552,0.8659304310712761,0.010258520821901262
cancer,0.866768812796038,0.8593873849155541,1.0,3.5755880862458715,0.14913094487703807,15.0,5.0,287.0,0.014002700893007355,2.0,1.0,0.8659304310712761,0.006543046155721988
cancer,0.8670003098185182,0.8610221937686726,0.5022199766063484,2.278042488243179,0.19783621152971625,15.0,10.0,252.0,0.930010645800011,1.423063973878929,0.8878273922036368,0.8659304310712761,0.00490823730260348
cancer,0.8649853783167435,0.8609917078226939,0.959061647728454,3.706656938114115,0.2992534848728773,8.0,8.0,56.0,0.45741569962212414,1.0290614932545665,0.9882108254847268,0.8659304310712761,0.004938723248582244
cancer,0.8671002012919775,0.8621577952563868,0.5997742258083704,2.8906880097012717,0.010450647972079797,7.0,2.0,304.0,0.655654504287054,0.4774635189072861,0.7858086808133395,0.8659304310712761,0.0037726358148892913
cancer,0.8685661632791193,0.8625807877568442,0.8178726776165391,3.053914857096362,0.10544163849596476,12.0,8.0,56.0,0.49495871888620435,0.050492449952152865,0.7380580035986349,0.8659304310712761,0.0033496433144318827
cancer,0.8710933822129118,0.8635372843119322,0.5,4.835392112498071,0.08177766107117229,3.0,5.0,328.0,0.017220964234911915,0.9586752693371325,0.8746258056039544,0.8659304310712761,0.002393146759343878
cancer,0.8590590916639392,0.8472501676727029,0.7068021887274722,1.3066369987907687,0.29703963069087175,8.0,8.0,54.0,0.7402196350373877,1.582558702527891,0.7694606288573536,0.8659304310712761,0.018680263398573205
cancer,0.8654213342256645,0.8611517590390829,0.978460604487277,0.04157190230297093,0.031339537303506304,5.0,10.0,206.0,0.17090136571071327,1.0521019088549148,0.7139225813720207,0.8659304310712761,0.004778672032193176
cancer,0.8675803888137346,0.8660295103957075,0.6098919064555599,4.913057053652793,0.18074779019422235,7.0,7.0,102.0,0.4163904785315192,0.6494589103028988,0.5062051097308192,0.8659304310712761,-9.907932443142808e-05
cancer,0.8691399764028018,0.8603553137003842,0.5002467653243825,4.437215828701187,0.08010149603752414,3.0,10.0,332.0,0.6717437740155954,0.2848762579861023,0.912585192454169,0.8659304310712761,0.005575117370891891
cancer,0.868325060236851,0.8641660569477471,0.7094114185650344,3.165761987132706,0.0878832268547999,15.0,1.0,301.0,0.0,0.2624912704933787,0.8511970756964979,0.8659304310712761,0.0017643741235290333
cancer,0.8623016041281556,0.8626760563380282,0.5219463345578511,1.6446222184946244,0.12545885245095917,11.0,7.0,58.0,0.30199029551236906,0.9236832049883328,0.8447828254014633,0.8659304310712761,0.0032543747332478556
cancer,0.8698328543086316,0.8674242424242424,0.69595570578235,4.993711309793513,0.28335724689693503,13.0,2.0,284.0,0.489147954647,1.1448123672325659,0.8687899304904262,0.8659304310712761,-0.0014938113529663344
cancer,0.8558513655237245,0.8374565575269799,0.7276083043610233,0.5754648401477648,0.08208626504505162,12.0,7.0,497.0,0.8715928523143777,1.6933612915974425,0.5011974238730192,0.8659304310712761,0.028473873544296202
cancer,0.8638393407058933,0.8687846777635511,0.8353136531083617,3.178423488236406,0.1968723629441836,14.0,5.0,52.0,0.597739204406848,0.8519005709596246,0.6181390849094422,0.8659304310712761,-0.0028542466922749643
cancer,0.8688272920670019,0.8705185659411012,0.7048458637952003,4.132791592839754,0.07548543039370718,15.0,1.0,326.0,0.0,1.947441430642152,0.7699462691794106,0.8659304310712761,-0.004588134869825122
cancer,0.8691182537350051,0.87020227425157,0.7995948411039975,4.942841273959091,0.20265209357119637,8.0,4.0,81.0,0.6818265319109238,0.4549449432759042,0.8805906435095254,0.8659304310712761,-0.004271843180293944
alzheimer,0.8737365531513731,0.8524803387779795,0.705051979426657,3.6386287158866253,0.2805317196658718,7.0,7.0,236.0,0.350931334899144,1.479008468380841,0.6522316555182531,0.8511191772534787,-0.0013611615245007203
alzheimer,0.8774902498240447,0.8590895341802783,0.9186941777766422,4.416576386904311,0.09798893186641074,14.0,9.0,78.0,0.13830853827857517,0.7071747952568362,0.8178645509395852,0.8511191772534787,-0.007970356926799593
alzheimer,0.8772489168264791,0.8572746521476104,0.7224162561505759,4.593612608346885,0.04040915598028404,8.0,3.0,254.0,0.15544805405054332,1.503105062680993,0.7786702115169006,0.8511191772534787,-0.006155474894131707
alzheimer,0.8691256400570804,0.8567755595886267,0.9061979941786817,0.8593578069828035,0.18343365247851712,13.0,6.0,93.0,0.7558005328358816,1.7452607066198842,0.9559644307534418,0.8511191772534787,-0.00565638233514798
alzheimer,0.8675631097895641,0.8602540834845736,0.8997767208035865,2.190145932204617,0.16271986876703082,12.0,9.0,373.0,0.42417807246068207,1.3005682034955253,0.6765419227639857,0.8511191772534787,-0.009134906231094808
alzheimer,0.8745199168329361,0.8578947368421053,0.8670140089927842,4.6968486880138585,0.05744608180517957,5.0,8.0,218.0,0.4590245141508057,1.0695303202422712,0.8926419685712479,0.8511191772534787,-0.006775559588626523
alzheimer,0.8741111842912398,0.8512477313974591,0.8085396792511581,3.876821894139413,0.11411665025720713,13.0,6.0,318.0,0.6487775097037258,0.8441651719013947,0.866941242634403,0.8511191772534787,-0.00012855414398038612
alzheimer,0.8759679955317073,0.8562084089534181,0.7717015338451563,4.600046132186582,0.15397534404304786,13.0,4.0,73.0,0.5707778026788982,0.05160217010704217,0.6928647954923324,0.8511191772534787,-0.005089231699939356
alzheimer,0.868269109699165,0.8570780399274047,0.9777389931549642,3.50310722310683,0.26277905925433237,8.0,4.0,145.0,6.105075267348604e-05,0.7413709753254089,0.7971894567956928,0.8511191772534787,-0.00595886267392598
alzheimer,0.8781062543181658,0.8586358136721113,0.5018151536273716,4.089150098318758,0.22497199586672792,6.0,6.0,174.0,0.31283930623462813,0.30518917367688864,0.9469190305262598,0.8511191772534787,-0.0075166364186325385
alzheimer,0.8489756665310683,0.8355263157894737,0.5217565895421435,0.007675562646237146,0.21257822479246952,7.0,9.0,186.0,0.07670030328642198,0.7264184343494974,0.5885410396055678,0.8511191772534787,0.01559286146400507
alzheimer,0.8846971472663995,0.855013611615245,0.5,5.0,0.3,15.0,2.0,89.0,1.0,0.0,0.7727328900418264,0.8511191772534787,-0.0038944343617662858
alzheimer,0.8776272204250043,0.8621143375680581,0.521037340381822,1.5436036075777662,0.018448513842885976,15.0,10.0,134.0,0.9918987160653702,1.5528488840797203,0.7563880656144086,0.8511191772534787,-0.010995160314579366
alzheimer,0.8764738464444143,0.8561705989110708,0.9306175271723256,4.963843173819152,0.208697029534349,11.0,2.0,336.0,0.9921130723002854,1.9862934861740562,0.9177375729575363,0.8511191772534787,-0.005051421657592092
alzheimer,0.881004005804906,0.8578418027828191,0.5959436849527057,4.919658537979523,0.20537012932827745,15.0,10.0,145.0,0.017771629751326627,0.8104832474839263,0.8436166091999477,0.8511191772534787,-0.006722625529340331
alzheimer,0.8802951203920732,0.8595432546884452,0.5636073493179774,4.951428554145742,0.04963198338338174,3.0,8.0,426.0,0.9216501342197551,0.5910512960204913,0.532963669708466,0.8511191772534787,-0.008424077434966426
alzheimer,0.8500031074650188,0.830822746521476,0.6167623135547516,0.001601029705208812,0.27224625232901456,3.0,8.0,322.0,0.9886792573272718,0.17836651895755853,0.7880116674276169,0.8511191772534787,0.020296430732002713
alzheimer,0.8747515238685597,0.8578947368421053,0.5186657705952684,2.907264368743639,0.025058737820239423,5.0,3.0,319.0,0.9121185072208002,0.22780854746372264,0.6342158524397206,0.8511191772534787,-0.006775559588626523
alzheimer,0.8778601592313503,0.854559891107078,0.5,5.0,0.3,3.0,1.0,50.0,1.0,2.0,0.5,0.8511191772534787,-0.003440713853599231
alzheimer,0.8570890962684592,0.8534785238959468,0.9490944701271993,0.02319142824910914,0.1464464687255983,15.0,7.0,369.0,0.1489315990968705,0.20833167990358842,0.9178238242280541,0.8511191772534787,-0.002359346642468063
alzheimer,0.8474447355506912,0.8370840895341802,1.0,1.441414812798639,0.2966384200075064,3.0,7.0,392.0,0.7509236318982229,0.0,0.5882990079384944,0.8511191772534787,0.014035087719298511
alzheimer,0.8717932171706408,0.8465970961887477,0.5,2.802477166089777,0.01,15.0,10.0,50.0,0.5106051919950721,2.0,1.0,0.8511191772534787,0.004522081064731065
alzheimer,0.869101426043947,0.8674909255898368,0.972896160416837,3.3055093508048063,0.010878562424775287,6.0,5.0,73.0,0.2364396962697224,1.9236671936788532,0.5234323430375111,0.8511191772534787,-0.016371748336358016
alzheimer,0.8722439206684358,0.8543859649122808,0.5109489946435298,3.8307718609079497,0.15903710440262595,3.0,7.0,440.0,0.8213308197182627,0.35249673864323944,0.5404513594769086,0.8511191772534787,-0.0032667876588020617
alzheimer,0.8761963740322466,0.8529643073200244,0.5,5.0,0.01,15.0,1.0,298.0,1.0,0.0,1.0,0.8511191772534787,-0.0018451300665456305
alzheimer,0.8776441500558537,0.855399274047187,0.5,5.0,0.3,15.0,10.0,50.0,1.0,2.0,0.7987280240590786,0.8511191772534787,-0.004280096793708221
alzheimer,0.8724536543788621,0.8632637628554144,0.9080900356165754,0.01513558515476077,0.014143707835667556,11.0,6.0,101.0,0.07503983434676433,1.8865611388450694,0.6097904889570307,0.8511191772534787,-0.012144585601935654
alzheimer,0.873183585804777,0.8598003629764065,0.5788592903233627,1.691774004868387,0.010972739005793448,14.0,5.0,126.0,0.17890962524497148,0.034462689889076976,0.9920445344102233,0.8511191772534787,-0.008681185722927753
alzheimer,0.8750182008665389,0.8571234119782215,0.9733050547039264,4.985467079494676,0.2771022839474777,13.0,8.0,200.0,0.5283378787413743,0.1829519577293595,0.9613275048475665,0.8511191772534787,-0.006004234724742763
alzheimer,0.8774973324228865,0.8567604355716877,0.5,5.0,0.3,14.0,9.0,136.0,0.6312929442909159,0.5573483723042445,0.669453907691274,0.8511191772534787,-0.0056412583182089415
alzheimer,0.8742084640890042,0.8560420447670902,0.5,5.0,0.21992446162158447,3.0,1.0,469.0,0.9341751712004861,0.0,1.0,0.8511191772534787,-0.004922867513611484
alzheimer,0.8733239261892308,0.8500983061101031,0.5,5.0,0.145860777439381,7.0,6.0,50.0,0.9410734624963649,1.0726868243139913,0.8866582388098685,0.8511191772534787,0.001020871143375679
alzheimer,0.8736195994679374,0.8607531760435572,0.5,5.0,0.01,7.0,7.0,500.0,0.0,0.0,0.8823871181283279,0.8511191772534787,-0.009633998790078424
alzheimer,0.874617943229439,0.8608892921960074,0.5,1.1051723257228694,0.01,11.0,9.0,500.0,0.09091441441240933,2.0,0.7465857854305429,0.8511191772534787,-0.009770114942528663
alzheimer,0.8754759264281425,0.8622958257713248,0.5982526531021733,4.947207297690608,0.013474892907187272,14.0,1.0,197.0,0.9354701005258129,1.4899002304277917,0.5401908820051077,0.8511191772534787,-0.011176648517846055
alzheimer,0.8643622997501114,0.8510586811857228,0.7726621670661067,2.6426676912962286,0.2978223206478524,13.0,10.0,184.0,0.48472938222778617,1.993618656918375,0.6019087033558005,0.8511191772534787,6.049606775593297e-05
alzheimer,0.8620537357379463,0.8470054446460982,0.7786437074906509,4.915253495111923,0.2842153149837485,12.0,4.0,298.0,0.2274390822556805,0.023607783308232662,0.525683478696311,0.8511191772534787,0.004113732607380571
alzheimer,0.872792610206045,0.8616076830006051,1.0,0.0,0.01,3.0,6.0,252.0,0.7818310131119732,2.0,1.0,0.8511191772534787,-0.010488505747126342
alzheimer,0.875665360724225,0.8514367816091953,0.5,3.1554164116416827,0.3,15.0,5.0,79.0,0.8629477948423059,2.0,1.0,0.8511191772534787,-0.0003176043557165942
alzheimer,0.8750060736816276,0.8637552934059287,0.910746383558682,4.711733784641616,0.02003469575164296,14.0,6.0,71.0,0.38299599053085,0.1132278955692079,0.6000746351709446,0.8511191772534787,-0.012636116152449972
alzheimer,0.8714154382090669,0.8589534180278282,0.9623383420228881,4.436361381721005,0.018169393732820602,15.0,5.0,285.0,0.4851989097774568,1.9724205602174556,0.9922681305836124,0.8511191772534787,-0.007834240774349466
alzheimer,0.8800102425275556,0.8622504537205082,0.5066279477968656,4.436411255206543,0.12614267457875344,3.0,5.0,351.0,0.9593391454957716,1.803163485112327,0.6515213926505791,0.8511191772534787,-0.011131276467029494
alzheimer,0.8798152793651409,0.856276467029643,0.9817839484283974,4.995227947046569,0.06281282424604431,3.0,8.0,162.0,0.29069759042141113,1.9777125576913601,0.6736051930683284,0.8511191772534787,-0.005157289776164253
alzheimer,0.8745613631520832,0.8551572897761646,0.9839713816168276,4.9635840441042225,0.23965171579538577,4.0,8.0,259.0,0.6685234350357112,1.6870107396573133,0.6300892283259324,0.8511191772534787,-0.004038112522685822
alzheimer,0.8781225180636536,0.866318814277072,0.5387101948929369,0.20676249488273182,0.017438535537414375,6.0,9.0,118.0,0.6584549285304677,0.32872676169498655,0.5120847924775694,0.8511191772534787,-0.015199637023593282
alzheimer,0.8803812415654519,0.8588702359346643,0.633293848777358,4.7806777243045,0.13875493951805662,10.0,10.0,377.0,0.04333552179493894,1.9470300889203418,0.8270788193292169,0.8511191772534787,-0.00775105868118553
alzheimer,0.8798959927422532,0.855399274047187,0.5,4.391160033365175,0.3,5.0,1.0,351.0,1.0,2.0,0.745866479319369,0.8511191772534787,-0.004280096793708221
alzheimer,0.8783977506796067,0.8629461584996975,0.5,5.0,0.20389587117182886,4.0,1.0,77.0,0.0,2.0,0.6977366345970821,0.8511191772534787,-0.011826981246218726
alzheimer,0.8719051262680072,0.8501512401693891,0.535724339049087,4.905511658588326,0.29869858523268245,9.0,1.0,111.0,0.012413199723921079,0.33026624097699947,0.9954917658657227,0.8511191772534787,0.0009679370840895984
alzheimer,0.8791560528575765,0.8594525105868118,0.5,5.0,0.09734472969465556,5.0,10.0,500.0,0.0,2.0,0.520334464856102,0.8511191772534787,-0.008333333333333082
alzheimer,0.8663809009550008,0.8602540834845734,0.8709853813835351,4.135444310605571,0.3,3.0,1.0,153.0,1.0,0.0,0.5,0.8511191772534787,-0.009134906231094697
alzheimer,0.8798219583970969,0.8606473079249848,0.5,5.0,0.2657734937080025,15.0,2.0,107.0,1.0,0.0,0.7822961026400786,0.8511191772534787,-0.009528130671506041
alzheimer,0.8717478158960154,0.8601633393829401,0.9866950482759883,1.1682127750223978,0.03824977035382282,14.0,6.0,235.0,0.9806732518565646,1.9611651517619766,0.5347515559235139,0.8511191772534787,-0.009044162129461353
alzheimer,0.8751949631624146,0.8552782819116759,0.5579030870634416,2.8977045147570015,0.16347229136460623,9.0,10.0,261.0,0.07758640545466468,1.8824059630427117,0.9653579841140908,0.8511191772534787,-0.0041591046581971325
alzheimer,0.872350099116027,0.8508469449485784,0.5139348556387606,0.1009562303301992,0.04586133350274559,12.0,2.0,259.0,0.9181806733092024,0.579632495997947,0.9937916623059208,0.8511191772534787,0.0002722323049003661
alzheimer,0.8731725280721125,0.8652298850574713,0.7288442101968323,0.40234128259853236,0.018899767269279666,4.0,8.0,235.0,0.9763605661479444,0.01968361085119619,0.8051887932335653,0.8511191772534787,-0.014110707803992595
alzheimer,0.8744335535194262,0.8598306110102842,0.5351343896508609,4.922391917112603,0.13476188147352794,3.0,9.0,484.0,0.03395688699109046,1.9399058789881578,0.99212864678019,0.8511191772534787,-0.008711433756805498
alzheimer,0.876163967611336,0.8590895341802782,0.5,5.0,0.11239913019481156,14.0,6.0,52.0,0.0,2.0,0.6933956617006721,0.8511191772534787,-0.007970356926799482
alzheimer,0.8711450887524295,0.8531911675741077,0.5000232570228581,0.9859189549951088,0.298363310081336,4.0,5.0,139.0,0.20355846813359185,1.9761098864564859,0.9926347214867224,0.8511191772534787,-0.0020719903206289914
alzheimer,0.8787231063027463,0.8525862068965517,0.5,5.0,0.13420279199629906,4.0,8.0,423.0,1.0,2.0,0.5,0.8511191772534787,-0.0014670296430729923
alzheimer,0.8718729216305393,0.8632788868723533,0.5421531165685829,1.4447268618044027,0.015628709716951922,8.0,4.0,162.0,0.23805854375840835,0.011088678947217547,0.5009695857392946,0.8511191772534787,-0.012159709618874581
alzheimer,0.8738476551149681,0.8641182698124621,0.6933876968056963,3.510737345915229,0.29636506919754996,9.0,6.0,472.0,0.9719455684751533,0.007960428780640518,0.9806137377418445,0.8511191772534787,-0.01299909255898335
alzheimer,0.8762705294474685,0.8643300060496066,0.5,5.0,0.21574671350280425,15.0,10.0,50.0,1.0,2.0,0.6987304152257223,0.8511191772534787,-0.013210828796127894
alzheimer,0.8787026051049598,0.8564125831820931,1.0,5.0,0.08511453237196247,9.0,6.0,500.0,1.0,2.0,0.6518721545453843,0.8511191772534787,-0.005293405928614381
alzheimer,0.8786690888751139,0.8475877192982456,0.9533912267516294,4.902604377723862,0.2986832464884092,14.0,8.0,244.0,0.0678155619070231,1.925685844054236,0.9347737855251425,0.8511191772534787,0.0035314579552331304
alzheimer,0.8718709037961115,0.8601482153660014,0.9921091179093582,2.2828814191994167,0.0130912882865587,11.0,1.0,139.0,0.9318675450936641,0.8149293336437746,0.8567327934409352,0.8511191772534787,-0.009029038112522647
alzheimer,0.8753563899166392,0.8598003629764066,0.5,5.0,0.01,14.0,10.0,319.0,1.0,2.0,0.6064799266275611,0.8511191772534787,-0.008681185722927864
alzheimer,0.87823848300822,0.8599213551119178,0.5,5.0,0.3,3.0,9.0,500.0,1.0,0.5590147146561846,0.8036327253380352,0.8511191772534787,-0.008802177858439064
alzheimer,0.8738706180707565,0.8549758015728977,0.5,0.0,0.01,7.0,2.0,330.0,1.0,2.0,0.5,0.8511191772534787,-0.003856624319418911
alzheimer,0.8712914826401669,0.8656684815486994,0.9417407911014379,3.57012175589201,0.1092137414625712,6.0,5.0,110.0,0.03244265107491407,0.1901586703018499,0.9986533386345094,0.8511191772534787,-0.01454930429522061
alzheimer,0.8797597889183761,0.8611464004839685,0.5058630157258265,4.914829382468822,0.04951873136095387,7.0,10.0,364.0,0.06861599030145606,0.05969747461129639,0.5346263458574716,0.8511191772534787,-0.010027223230489768
alzheimer,0.8714343251393112,0.8494555353901997,0.5316946810797657,1.3101531820091785,0.11330825320537512,5.0,1.0,184.0,0.11065044552445438,1.8929353554109623,0.9971160240806887,0.8511191772534787,0.0016636418632790528
alzheimer,0.8834595488767926,0.8574637023593465,0.5,5.0,0.3,4.0,1.0,136.0,1.0,1.1969603290470454,0.7820899977615057,0.8511191772534787,-0.006344525105867804
alzheimer,0.879053708295398,0.8634754990925589,0.5,5.0,0.2662609338320584,3.0,10.0,201.0,0.0,2.0,0.8272639252971375,0.8511191772534787,-0.012356321839080198
alzheimer,0.8747775337543343,0.8571385359951603,0.994743686726693,4.742095420828926,0.19266560203991706,8.0,1.0,162.0,0.9982146177333887,1.924016509764832,0.5791494991144964,0.8511191772534787,-0.00601935874168158
alzheimer,0.876647763593747,0.8587114337568058,0.5116003897350755,4.371901501424194,0.022655587709704425,10.0,9.0,360.0,0.95970665265674,0.014388120096960891,0.8055880459181826,0.8511191772534787,-0.007592256503327066
alzheimer,0.8786821846205501,0.8610556563823352,0.5686167280930499,2.650547815322131,0.037318592816141305,8.0,10.0,298.0,0.9525424757849693,0.47477116429643484,0.502788382625723,0.8511191772534787,-0.009936479128856424
alzheimer,0.8802808341243245,0.8573200241984271,0.9655585218781705,4.763355873358602,0.08959867946061202,3.0,10.0,196.0,0.8576175398012984,0.04037938571173073,0.6320642039591552,0.8511191772534787,-0.006200846944948379
alzheimer,0.8716040653713784,0.8478675136116153,0.5336436883584396,0.5163427409934302,0.011430923375493177,11.0,1.0,258.0,0.060308599383164144,1.6457362522106465,0.9983495801167581,0.8511191772534787,0.003251663641863467
alzheimer,0.8764188604562566,0.8565940713853599,0.5660607308616377,4.983335344101716,0.0839309892599169,8.0,3.0,467.0,0.8259898975383065,0.06663054328123887,0.5011548291945715,0.8511191772534787,-0.005474894131881181
alzheimer,0.8828816612750131,0.853365093768905,0.5,5.0,0.3,15.0,1.0,166.0,1.0,2.0,0.7694013426066705,0.8511191772534787,-0.0022459165154262717
alzheimer,0.8710414527762174,0.8614488808227465,0.5158599607797163,0.015791734552705886,0.043773437574360856,14.0,10.0,390.0,0.8189801247614888,1.9328505618840361,0.5623460514630378,0.8511191772534787,-0.010329703569267767
alzheimer,0.8781630765356526,0.85989110707804,1.0,5.0,0.01,11.0,10.0,500.0,1.0,0.0,0.5,0.8511191772534787,-0.008771929824561209
alzheimer,0.8772058360614455,0.8512250453720508,0.5996474096791403,3.4314453645116982,0.2887916309681505,14.0,1.0,456.0,0.03405545589031057,1.6972213743821851,0.9218248729756486,0.8511191772534787,-0.00010586811857205003
alzheimer,0.8681531245762548,0.8645644283121598,0.9703658693252084,0.5562727932627194,0.017344107575390583,13.0,3.0,302.0,0.9580742093551846,0.1544663232109689,0.5015260422843304,0.8511191772534787,-0.013445251058681107
alzheimer,0.8731573337788712,0.854408650937689,0.9764236430607871,4.057016596085107,0.22983382588416834,8.0,10.0,434.0,0.9741544602754181,1.7473195263230366,0.9996544917394219,0.8511191772534787,-0.0032894736842102867
alzheimer,0.8717179115897953,0.8550211736237147,0.5336810179478557,1.7114980722569826,0.2834385632737491,14.0,1.0,98.0,0.9488518739746595,1.899141876463576,0.86329171751433,0.8511191772534787,-0.003901996370235916
alzheimer,0.8801022355991194,0.8578039927404718,0.5,5.0,0.3,8.0,1.0,50.0,1.0,1.099572990165074,0.7590397450252242,0.8511191772534787,-0.006684815486993068
alzheimer,0.8767102357476318,0.857705686630369,0.5,5.0,0.3,15.0,1.0,50.0,1.0,2.0,0.8197891066025106,0.8511191772534787,-0.006586509376890204
alzheimer,0.8783351372773118,0.8541364186327889,0.5,5.0,0.3,13.0,10.0,370.0,1.0,2.0,0.9023625265955303,0.8511191772534787,-0.0030172413793101427
alzheimer,0.881033244225765,0.8572897761645493,0.5,5.0,0.20225304427996704,4.0,1.0,448.0,0.0,2.0,0.7623449183091089,0.8511191772534787,-0.006170598911070524
alzheimer,0.8770941085691778,0.8605868118572293,0.5656650430466329,4.472971506218323,0.010435190289828651,14.0,1.0,465.0,0.23407803935239951,1.5836933893332255,0.5012379601623306,0.8511191772534787,-0.009467634603750552
alzheimer,0.8792829746430855,0.8614640048396853,0.5,5.0,0.12306503482311945,9.0,10.0,326.0,0.0,1.2853515947291263,0.6975507787870384,0.8511191772534787,-0.010344827586206584
alzheimer,0.8776924166553668,0.8557622504537206,0.5,5.0,0.3,11.0,1.0,500.0,0.0,2.0,0.842985124484007,0.8511191772534787,-0.004643073200241821
alzheimer,0.8794898833853126,0.8554597701149427,0.5008439734302529,4.8963960409149845,0.06274014259855276,4.0,9.0,137.0,0.9747165750943354,0.05067517285566471,0.5573278209955117,0.8511191772534787,-0.004340592861463932
alzheimer,0.8748358693476422,0.8601330913490624,0.5090424250902073,1.7752549744519206,0.012064668324158076,12.0,8.0,459.0,0.9162250061025606,1.9778020169797152,0.9667097016141819,0.8511191772534787,-0.009013914095583608
alzheimer,0.8778456308234702,0.8615547489413189,0.8439788524651194,4.882500033719816,0.01044748720444604,8.0,10.0,466.0,0.20565804107031754,1.9754375006793685,0.6493825863255588,0.8511191772534787,-0.01043557168784015
alzheimer,0.8747216195623398,0.8570629159104659,0.5394466896359017,2.1004120390080927,0.2938903567485184,10.0,9.0,55.0,0.5669554806071837,0.17631759210083223,0.9747213058139814,0.8511191772534787,-0.005943738656987163
alzheimer,0.8809460737784838,0.8517090139140956,0.5,5.0,0.3,5.0,1.0,245.0,1.0,0.5591176992504705,0.7954735946712155,0.8511191772534787,-0.0005898366606168493
alzheimer,0.8677650748374433,0.8583938294010889,0.870178334801935,0.027450817439785283,0.013461335099935644,7.0,9.0,54.0,0.6830274021503242,0.4855388901453098,0.9905600434609292,0.8511191772534787,-0.007274652147610139
